pair_id,label,filename_similarity,content_similarity,metadata_similarity,size_similarity,tfidf_similarity,embedding_similarity,sha256_match,overall_similarity,difficulty,geometric_cluster_id,is_labeled,uncertainty_score,difficulty_code
1,1,0.7778,1.0,0.6667,1.0,0.9941,0.9973,0.0,0.9424,Medium,3,False,0.5,1
2,1,0.7451,0.9667,0.6388,1.0,0.9353,0.9927,0.0,0.9091,Hard,3,False,0.5,2
3,0,0.5,0.3888,0.6434,0.6165,0.0097,0.0123,0.0,0.2553,Non-Duplicate,2,False,0.5,4
4,0,0.4865,0.4128,0.2178,0.4128,0.022,0.0217,0.0,0.2248,Non-Duplicate,0,False,0.5,4
5,1,0.7308,0.9857,0.1607,1.0,0.9068,0.9143,0.0,0.8437,Hard,3,False,0.5,2
6,0,0.4186,0.4404,0.3594,0.957,0.0142,0.0148,0.0,0.2385,Non-Duplicate,2,False,0.5,4
7,1,0.8889,1.0,1.0,1.0,0.9851,0.9968,0.0,0.9845,Easy,1,False,0.5,0
8,1,0.9091,1.0,0.6667,1.0,0.9779,0.9984,0.0,0.9517,Medium,3,False,0.5,1
9,0,0.4651,0.3397,0.5836,0.2448,0.0173,0.016,0.0,0.2313,Non-Duplicate,0,False,0.5,4
10,0,0.4615,0.2763,0.2872,0.232,0.0156,0.0155,0.0,0.1786,Non-Duplicate,0,False,0.5,4
11,0,0.4615,0.2802,0.2991,0.2508,0.0214,0.0241,0.0,0.1843,Non-Duplicate,0,False,0.5,4
12,1,0.8936,0.9939,0.7667,1.0,0.9692,0.9869,0.0,0.9536,Medium,1,False,0.5,1
13,1,0.7692,1.0,0.4333,1.0,1.0,1.0,0.0,0.9203,Hard,3,False,0.5,2
14,0,0.6154,0.6495,0.3886,0.8942,0.2495,0.2668,0.0,0.4435,Non-Duplicate,2,False,0.5,4
15,1,0.8837,0.9983,0.6667,1.0,0.9695,0.9759,0.0,0.942,Medium,3,False,0.5,1
16,1,0.8636,1.0,0.6667,1.0,0.9868,0.9862,0.0,0.947,Medium,3,False,0.5,1
17,0,0.55,0.408,0.3772,0.3595,0.158,0.1686,0.0,0.3087,Non-Duplicate,0,False,0.5,4
18,0,0.5405,0.416,0.4137,0.3785,0.0199,0.02,0.0,0.25,Non-Duplicate,0,False,0.5,4
19,0,0.4865,0.4254,0.4256,0.623,0.0119,0.0121,0.0,0.2455,Non-Duplicate,2,False,0.5,4
20,1,0.9091,1.0,0.5717,1.0,0.9218,0.9219,0.0,0.9129,Hard,3,False,0.5,2
21,0,0.55,0.4052,0.4251,0.3653,0.0553,0.0582,0.0,0.2648,Non-Duplicate,0,False,0.5,4
22,1,0.878,1.0,0.6667,1.0,0.9209,0.9276,0.0,0.9202,Hard,3,False,0.5,2
23,0,0.3929,0.4069,0.2735,0.0542,0.0201,0.0208,0.0,0.2182,Non-Duplicate,0,False,0.5,4
24,0,0.6111,0.3409,0.2219,0.2598,0.0161,0.0149,0.0,0.2096,Non-Duplicate,0,False,0.5,4
25,0,0.5,0.4694,0.5721,0.8176,0.0196,0.0192,0.0,0.2802,Non-Duplicate,2,False,0.5,4
26,0,0.5128,0.2528,0.3694,0.1989,0.0143,0.0168,0.0,0.1836,Non-Duplicate,0,False,0.5,4
27,1,0.7308,0.9517,0.7667,1.0,0.8989,0.9536,0.0,0.8983,Hard,1,False,0.5,2
28,0,0.55,0.4135,0.6379,0.3673,0.0285,0.0311,0.0,0.2769,Non-Duplicate,0,False,0.5,4
29,0,0.5128,0.3949,0.4781,0.3325,0.0215,0.0226,0.0,0.2472,Non-Duplicate,0,False,0.5,4
30,1,0.9268,1.0,0.3247,1.0,0.9755,0.9753,0.0,0.9141,Hard,3,False,0.5,2
31,0,0.5116,0.3074,0.5507,0.2396,0.0231,0.0241,0.0,0.2244,Non-Duplicate,0,False,0.5,4
32,1,0.9136,0.9982,0.6667,1.0,0.9994,0.9994,0.0,0.9571,Easy,3,False,0.5,0
33,1,0.7692,1.0,0.5046,1.0,0.9444,0.9423,0.0,0.9019,Hard,3,False,0.5,2
34,0,0.5641,0.2973,0.4219,0.2452,0.0175,0.0202,0.0,0.2111,Non-Duplicate,0,False,0.5,4
35,1,0.7636,0.9828,0.953,1.0,0.9043,0.9885,0.0,0.9394,Medium,1,False,0.5,1
36,1,0.7451,0.9715,1.0,1.0,0.9215,0.9936,0.0,0.9436,Medium,1,False,0.5,1
37,1,0.9388,1.0,0.6041,1.0,0.9534,0.9533,0.0,0.9333,Medium,3,False,0.5,1
38,1,0.8837,0.9925,0.8397,1.0,0.9811,0.9984,0.0,0.9647,Easy,1,False,0.5,0
39,0,0.5128,0.3351,0.4749,0.2874,0.0195,0.0215,0.0,0.2252,Non-Duplicate,0,False,0.5,4
40,0,0.5641,0.2828,0.4183,0.2356,0.0241,0.0271,0.0,0.2086,Non-Duplicate,0,False,0.5,4
41,0,0.439,0.4552,0.2644,0.8721,0.0121,0.0144,0.0,0.2356,Non-Duplicate,2,False,0.5,4
42,1,0.8696,1.0,0.4333,1.0,0.9377,0.9417,0.0,0.903,Hard,3,False,0.5,2
43,1,0.7636,0.9827,0.4333,1.0,0.9404,0.9974,0.0,0.8982,Hard,3,False,0.5,2
44,0,0.55,0.4295,0.411,0.4196,0.0241,0.0249,0.0,0.2574,Non-Duplicate,0,False,0.5,4
45,0,0.5128,0.2856,0.3836,0.2584,0.0223,0.0243,0.0,0.2,Non-Duplicate,0,False,0.5,4
46,1,0.8444,1.0,1.0,1.0,1.0,1.0,0.0,0.9844,Easy,1,False,0.5,0
47,1,0.7636,0.9707,0.7667,1.0,0.9503,0.989,0.0,0.9282,Hard,1,False,0.5,2
48,0,0.5405,0.4155,0.505,0.8341,0.0156,0.0165,0.0,0.2572,Non-Duplicate,2,False,0.5,4
49,1,0.7451,0.9765,0.6667,1.0,0.9206,0.9949,0.0,0.9121,Hard,3,False,0.5,2
50,0,0.4444,0.4291,0.3918,0.8216,0.016,0.0179,0.0,0.2414,Non-Duplicate,2,False,0.5,4
51,1,0.9057,1.0,1.0,1.0,0.951,0.95,0.0,0.9683,Easy,1,False,0.5,0
52,1,0.8727,1.0,1.0,1.0,0.9707,0.9737,0.0,0.9747,Easy,1,False,0.5,0
53,1,0.8889,1.0,0.3055,1.0,0.9893,0.996,0.0,0.916,Hard,3,False,0.5,2
54,0,0.4615,0.2658,0.5429,0.2049,0.0156,0.016,0.0,0.2006,Non-Duplicate,0,False,0.5,4
55,1,0.8511,1.0,1.0,1.0,0.9896,0.9995,0.0,0.9824,Easy,1,False,0.5,0
56,0,0.5789,0.3441,0.411,0.2797,0.021,0.0213,0.0,0.2289,Non-Duplicate,0,False,0.5,4
57,0,0.5128,0.3592,0.3575,0.3731,0.0224,0.0248,0.0,0.2234,Non-Duplicate,0,False,0.5,4
58,0,0.5,0.3406,0.4301,0.2768,0.021,0.0211,0.0,0.2217,Non-Duplicate,0,False,0.5,4
59,0,0.5128,0.2848,0.4644,0.2326,0.0252,0.0282,0.0,0.2093,Non-Duplicate,0,False,0.5,4
60,0,0.4444,0.4394,0.4607,0.7114,0.0218,0.0199,0.0,0.2537,Non-Duplicate,2,False,0.5,4
61,0,0.5128,0.3514,0.6064,0.3105,0.0223,0.0247,0.0,0.2454,Non-Duplicate,0,False,0.5,4
62,0,0.4651,0.4077,0.3589,0.4169,0.0164,0.0167,0.0,0.2325,Non-Duplicate,0,False,0.5,4
63,0,0.4878,0.4078,0.3256,0.3716,0.0192,0.0204,0.0,0.2329,Non-Duplicate,0,False,0.5,4
64,1,0.9091,1.0,1.0,1.0,0.979,0.9837,0.0,0.9824,Easy,1,False,0.5,0
65,0,0.5714,0.4154,0.2968,0.7361,0.0064,0.0076,0.0,0.2353,Non-Duplicate,2,False,0.5,4
66,0,0.4545,0.3297,0.6411,0.2552,0.0141,0.0147,0.0,0.2314,Non-Duplicate,0,False,0.5,4
67,0,0.5946,0.3675,0.4005,0.3064,0.0158,0.0166,0.0,0.2354,Non-Duplicate,0,False,0.5,4
68,1,0.8444,1.0,0.7667,1.0,0.8972,0.8958,0.0,0.9146,Hard,1,False,0.5,2
69,0,0.4651,0.4111,0.421,0.3885,0.0218,0.0228,0.0,0.2425,Non-Duplicate,0,False,0.5,4
70,1,0.8936,0.998,1.0,1.0,0.9884,0.999,0.0,0.9856,Easy,1,False,0.5,0
71,0,0.4737,0.4411,0.4374,0.7589,0.0169,0.0183,0.0,0.2534,Non-Duplicate,2,False,0.5,4
72,0,0.4615,0.2627,0.2251,0.1999,0.0171,0.018,0.0,0.1685,Non-Duplicate,0,False,0.5,4
73,1,0.9275,0.9988,0.6667,1.0,0.9988,0.9994,0.0,0.9586,Easy,3,False,0.5,0
74,0,0.3636,0.4045,0.3301,0.3785,0.0201,0.0216,0.0,0.2203,Non-Duplicate,0,False,0.5,4
75,1,0.9302,0.974,1.0,1.0,0.9054,0.9299,0.0,0.9463,Medium,1,False,0.5,1
76,0,0.4091,0.3804,0.3242,0.3393,0.0149,0.0154,0.0,0.2133,Non-Duplicate,0,False,0.5,4
77,0,0.4651,0.425,0.2461,0.9301,0.008,0.0081,0.0,0.2235,Non-Duplicate,2,False,0.5,4
78,0,0.5238,0.4004,0.337,0.3805,0.0248,0.0304,0.0,0.2385,Non-Duplicate,0,False,0.5,4
79,1,0.8444,0.981,1.0,1.0,0.9601,0.9937,0.0,0.9666,Easy,1,False,0.5,0
80,1,0.8444,1.0,0.6667,1.0,0.9921,0.9982,0.0,0.9488,Medium,3,False,0.5,1
81,1,0.8444,1.0,1.0,1.0,0.983,0.987,0.0,0.9776,Easy,1,False,0.5,0
82,1,0.8837,1.0,0.637,1.0,0.9912,0.9988,0.0,0.9496,Medium,3,False,0.5,1
83,1,0.7692,0.983,0.4333,1.0,0.9745,0.9974,0.0,0.9074,Hard,3,False,0.5,2
84,0,0.5128,0.3257,0.2991,0.3001,0.0214,0.0247,0.0,0.2055,Non-Duplicate,0,False,0.5,4
85,0,0.4091,0.4048,0.3854,0.3422,0.0222,0.0245,0.0,0.2316,Non-Duplicate,0,False,0.5,4
86,1,0.9189,1.0,0.6667,1.0,0.9932,0.9968,0.0,0.9562,Easy,3,False,0.5,0
87,1,0.8261,1.0,0.6667,1.0,0.9951,0.9983,0.0,0.9477,Medium,3,False,0.5,1
88,1,0.9268,0.99,0.6667,1.0,0.9611,0.9923,0.0,0.9446,Medium,3,False,0.5,1
89,1,0.9048,0.9935,0.6667,1.0,0.9626,0.997,0.0,0.9449,Medium,3,False,0.5,1
90,0,0.4091,0.3869,0.379,0.3286,0.0271,0.0306,0.0,0.2271,Non-Duplicate,0,False,0.5,4
91,1,0.7547,0.9598,0.6667,1.0,0.9461,0.99,0.0,0.9126,Hard,3,False,0.5,2
92,0,0.4,0.4516,0.2119,0.8732,0.0138,0.0146,0.0,0.2256,Non-Duplicate,2,False,0.5,4
93,0,0.45,0.3335,0.3667,0.237,0.0177,0.018,0.0,0.2064,Non-Duplicate,0,False,0.5,4
94,0,0.4091,0.3807,0.2822,0.3454,0.0243,0.0239,0.0,0.2132,Non-Duplicate,0,False,0.5,4
95,0,0.439,0.4558,0.268,0.7682,0.0197,0.0226,0.0,0.2397,Non-Duplicate,2,False,0.5,4
96,1,0.8444,1.0,0.6667,1.0,0.9953,0.9957,0.0,0.9491,Medium,3,False,0.5,1
97,1,0.9268,1.0,1.0,1.0,0.9985,0.9999,0.0,0.9923,Easy,1,False,0.5,0
98,1,0.8889,0.9827,0.7667,1.0,0.8987,0.9037,0.0,0.9149,Hard,1,False,0.5,2
99,1,0.9425,0.9961,1.0,1.0,0.9998,0.9998,0.0,0.9928,Easy,1,False,0.5,0
100,1,0.7742,0.9978,1.0,1.0,0.9963,0.9989,0.0,0.9755,Easy,1,False,0.5,0
101,0,0.5714,0.3706,0.3151,0.3262,0.0224,0.0255,0.0,0.229,Non-Duplicate,0,False,0.5,4
102,1,0.7778,1.0,0.6667,1.0,0.8841,0.8803,0.0,0.8915,Hard,3,False,0.5,2
103,1,0.8085,0.983,0.7667,1.0,0.9603,0.9904,0.0,0.9397,Medium,1,False,0.5,1
104,0,0.5128,0.3224,0.6352,0.2618,0.0219,0.0243,0.0,0.238,Non-Duplicate,0,False,0.5,4
105,0,0.5128,0.3185,0.4215,0.2526,0.0229,0.0234,0.0,0.2153,Non-Duplicate,0,False,0.5,4
106,1,0.8936,0.9857,0.4333,1.0,0.9875,0.9906,0.0,0.9227,Hard,3,False,0.5,2
107,1,0.9268,1.0,0.7534,1.0,0.9945,0.9958,0.0,0.9658,Easy,1,False,0.5,0
108,1,0.9091,1.0,0.358,1.0,0.9649,0.9842,0.0,0.9148,Hard,3,False,0.5,2
109,0,0.439,0.4053,0.505,0.4038,0.019,0.02,0.0,0.245,Non-Duplicate,0,False,0.5,4
110,1,0.76,0.9713,0.4333,1.0,0.9335,0.9906,0.0,0.8908,Hard,3,False,0.5,2
111,0,0.4651,0.3947,0.2808,0.3632,0.0126,0.0139,0.0,0.2186,Non-Duplicate,0,False,0.5,4
112,0,0.4762,0.4136,0.2662,0.7794,0.0056,0.0091,0.0,0.2222,Non-Duplicate,2,False,0.5,4
113,1,0.8889,0.9882,0.3082,1.0,0.9852,0.9977,0.0,0.9114,Hard,3,False,0.5,2
114,0,0.5128,0.3648,0.6402,0.3012,0.0222,0.0246,0.0,0.2534,Non-Duplicate,0,False,0.5,4
115,0,0.4324,0.4225,0.3429,0.7219,0.0112,0.0123,0.0,0.2307,Non-Duplicate,2,False,0.5,4
116,0,0.55,0.4398,0.2584,0.8567,0.0159,0.0176,0.0,0.2423,Non-Duplicate,2,False,0.5,4
117,0,0.5128,0.3544,0.4164,0.35,0.0295,0.0312,0.0,0.2306,Non-Duplicate,0,False,0.5,4
118,0,0.6,0.3309,0.3205,0.2546,0.021,0.0226,0.0,0.2177,Non-Duplicate,0,False,0.5,4
119,1,0.8571,1.0,0.9927,1.0,0.9807,0.9988,0.0,0.9799,Easy,1,False,0.5,0
120,1,0.9268,1.0,0.6667,1.0,0.9958,0.9995,0.0,0.9582,Easy,3,False,0.5,0
121,1,0.8837,1.0,0.9064,1.0,0.9715,0.9776,0.0,0.9674,Easy,1,False,0.5,0
122,0,0.5,0.4108,0.2963,0.9446,0.0101,0.0096,0.0,0.2279,Non-Duplicate,2,False,0.5,4
123,0,0.5128,0.2953,0.6096,0.2382,0.015,0.0156,0.0,0.2225,Non-Duplicate,0,False,0.5,4
124,1,0.7451,0.9805,0.9881,1.0,0.9316,0.9941,0.0,0.9482,Medium,1,False,0.5,1
125,1,0.7812,0.9984,1.0,1.0,0.9988,1.0,0.0,0.9773,Easy,1,False,0.5,0
126,0,0.4865,0.4192,0.1895,0.6496,0.0118,0.0122,0.0,0.2197,Non-Duplicate,2,False,0.5,4
127,1,0.9268,1.0,0.9703,1.0,0.9907,0.9925,0.0,0.9859,Easy,1,False,0.5,0
128,1,0.7451,1.0,0.7128,1.0,0.9945,0.9954,0.0,0.9435,Medium,3,False,0.5,1
129,0,0.5128,0.2949,0.2338,0.2429,0.018,0.0176,0.0,0.1859,Non-Duplicate,0,False,0.5,4
130,0,0.5128,0.2947,0.6356,0.2521,0.0244,0.027,0.0,0.2295,Non-Duplicate,0,False,0.5,4
131,1,0.8837,0.9971,1.0,1.0,0.9875,0.9994,0.0,0.9841,Easy,1,False,0.5,0
132,0,0.3922,0.4042,0.3557,0.0432,0.0183,0.0181,0.0,0.2245,Non-Duplicate,0,False,0.5,4
133,1,0.9268,0.9982,0.8662,1.0,0.9918,0.9966,0.0,0.9759,Easy,1,False,0.5,0
134,1,0.9268,0.9887,0.9292,1.0,0.9912,0.9994,0.0,0.9794,Easy,1,False,0.5,0
135,1,0.8727,0.9841,0.7667,1.0,0.9128,0.933,0.0,0.9232,Hard,1,False,0.5,2
136,1,0.9268,0.9983,0.6667,1.0,0.9785,0.9868,0.0,0.9507,Medium,3,False,0.5,1
137,1,0.7308,0.963,0.9744,1.0,0.9339,0.9662,0.0,0.9343,Medium,1,False,0.5,1
138,0,0.5238,0.3906,0.5795,0.337,0.0226,0.0217,0.0,0.257,Non-Duplicate,0,False,0.5,4
139,0,0.5366,0.698,0.5877,0.9906,0.1978,0.2047,0.0,0.4471,Non-Duplicate,2,False,0.5,4
140,1,0.8571,1.0,0.6397,1.0,0.9275,0.9349,0.0,0.9185,Hard,3,False,0.5,2
141,1,0.8837,1.0,0.6667,1.0,0.8508,0.8516,0.0,0.8881,Hard,3,False,0.5,2
142,1,0.9362,0.9863,1.0,1.0,0.9212,0.9296,0.0,0.9551,Medium,1,False,0.5,1
143,0,0.5,0.9193,0.1543,0.5819,0.4565,0.4756,0.0,0.5964,Non-Duplicate,2,False,0.5,4
144,1,0.8837,1.0,0.6667,1.0,0.9715,0.9774,0.0,0.9434,Medium,3,False,0.5,1
145,1,0.9302,0.9939,0.6667,1.0,0.983,0.9902,0.0,0.9514,Medium,3,False,0.5,1
146,0,0.4615,0.3361,0.3046,0.3046,0.0192,0.0209,0.0,0.2032,Non-Duplicate,0,False,0.5,4
147,0,0.4651,0.3422,0.3411,0.2946,0.0208,0.0204,0.0,0.2097,Non-Duplicate,0,False,0.5,4
148,1,0.8889,0.9557,1.0,1.0,0.9881,0.9992,0.0,0.9702,Easy,1,False,0.5,0
149,0,0.6316,0.3599,0.3064,0.3018,0.0243,0.0261,0.0,0.2311,Non-Duplicate,0,False,0.5,4
150,0,0.4615,0.2742,0.3425,0.2296,0.0232,0.0247,0.0,0.1871,Non-Duplicate,0,False,0.5,4
151,1,0.8727,1.0,0.6667,1.0,0.989,0.9925,0.0,0.9497,Medium,3,False,0.5,1
152,1,0.9048,0.9928,0.7667,1.0,0.9558,0.9665,0.0,0.9468,Medium,1,False,0.5,1
153,1,0.8511,0.9692,0.6822,1.0,0.9737,0.9905,0.0,0.9341,Medium,3,False,0.5,1
154,1,0.9412,1.0,1.0,1.0,0.9608,0.9704,0.0,0.9784,Easy,1,False,0.5,0
155,1,0.7407,1.0,0.6667,1.0,0.9953,0.9997,0.0,0.9395,Medium,3,False,0.5,1
156,1,0.7407,0.9762,0.7667,1.0,0.9675,0.9963,0.0,0.9335,Medium,1,False,0.5,1
157,1,0.8261,0.9848,0.5977,1.0,0.9629,0.9959,0.0,0.927,Hard,3,False,0.5,2
158,1,0.7636,1.0,0.7667,1.0,0.9977,0.9997,0.0,0.9524,Medium,1,False,0.5,1
159,0,0.3922,0.0986,0.421,0.0468,0.0183,0.023,0.0,0.125,Non-Duplicate,0,False,0.5,4
160,0,0.55,0.4391,0.3694,0.4231,0.1744,0.1872,0.0,0.3267,Non-Duplicate,0,False,0.5,4
161,1,0.8837,1.0,0.6667,1.0,0.9749,0.9919,0.0,0.9471,Medium,3,False,0.5,1
162,0,0.5128,0.2722,0.4265,0.2272,0.0173,0.0201,0.0,0.1975,Non-Duplicate,0,False,0.5,4
163,1,0.8788,0.9836,0.6667,1.0,0.9951,0.9987,0.0,0.9473,Medium,3,False,0.5,1
164,0,0.6957,0.7978,0.5123,0.9189,0.3341,0.3507,0.0,0.5537,Non-Duplicate,2,False,0.5,4
165,1,0.8837,1.0,0.6667,1.0,0.9664,0.9724,0.0,0.9411,Medium,3,False,0.5,1
166,1,0.8837,1.0,0.7667,1.0,0.996,0.9999,0.0,0.964,Easy,1,False,0.5,0
167,1,0.7451,0.9973,0.9785,1.0,0.9901,0.9994,0.0,0.9688,Easy,1,False,0.5,0
168,1,0.9302,1.0,0.4333,1.0,1.0,1.0,0.0,0.9364,Medium,3,False,0.5,1
169,0,0.5,0.4672,0.158,0.9252,0.0157,0.0198,0.0,0.2372,Non-Duplicate,2,False,0.5,4
170,0,0.5789,0.4198,0.3589,0.3976,0.0255,0.0285,0.0,0.2528,Non-Duplicate,0,False,0.5,4
171,1,0.9048,0.9938,1.0,1.0,0.9767,0.9985,0.0,0.9822,Easy,1,False,0.5,0
172,0,0.5,0.4159,0.379,0.9445,0.0087,0.0088,0.0,0.2374,Non-Duplicate,2,False,0.5,4
173,0,0.5,0.329,0.2772,0.2558,0.0183,0.0196,0.0,0.2014,Non-Duplicate,0,False,0.5,4
174,1,0.918,0.9991,0.7667,1.0,0.9997,1.0,0.0,0.9681,Easy,1,False,0.5,0
175,1,0.88,0.988,0.7667,1.0,0.9846,0.9962,0.0,0.9559,Easy,1,False,0.5,0
176,1,0.8718,1.0,0.8288,1.0,0.9627,0.988,0.0,0.9583,Easy,1,False,0.5,0
177,1,0.9505,0.9933,0.7667,1.0,0.9995,0.9996,0.0,0.9691,Easy,1,False,0.5,0
178,0,0.5128,0.357,0.3708,0.3364,0.0226,0.0232,0.0,0.2236,Non-Duplicate,0,False,0.5,4
179,1,0.8333,0.9677,0.6667,1.0,0.9088,0.9208,0.0,0.9001,Hard,3,False,0.5,2
180,1,0.7451,0.9695,0.5616,1.0,0.9574,0.993,0.0,0.9079,Hard,3,False,0.5,2
181,1,0.7547,0.9324,0.4333,1.0,0.9055,0.9275,0.0,0.857,Hard,3,False,0.5,2
182,1,0.9189,1.0,0.7667,1.0,0.9632,0.9717,0.0,0.9537,Medium,1,False,0.5,1
183,1,0.8444,0.9959,1.0,1.0,0.9592,0.9731,0.0,0.9674,Easy,1,False,0.5,0
184,1,0.9268,0.9958,0.7667,1.0,0.9891,0.9959,0.0,0.9643,Easy,1,False,0.5,0
185,1,0.8571,1.0,0.8023,1.0,0.9617,0.9766,0.0,0.9517,Medium,1,False,0.5,1
186,1,0.8889,0.9721,0.937,1.0,0.9437,0.9442,0.0,0.9476,Medium,1,False,0.5,1
187,0,0.45,0.3949,0.4046,0.3693,0.0175,0.0194,0.0,0.2319,Non-Duplicate,0,False,0.5,4
188,1,0.8261,0.9887,1.0,1.0,0.9651,0.9864,0.0,0.9672,Easy,1,False,0.5,0
189,1,0.8293,0.9668,0.6667,1.0,0.8393,0.8746,0.0,0.8727,Hard,3,False,0.5,2
190,0,0.55,0.3433,0.3201,0.26,0.0475,0.0506,0.0,0.2291,Non-Duplicate,0,False,0.5,4
191,0,0.4545,0.4405,0.3438,0.7585,0.0215,0.0226,0.0,0.2439,Non-Duplicate,2,False,0.5,4
192,1,0.9302,1.0,0.5895,1.0,0.9835,0.9921,0.0,0.9463,Medium,3,False,0.5,1
193,0,0.3929,0.4077,0.2886,0.053,0.0176,0.0176,0.0,0.2188,Non-Duplicate,0,False,0.5,4
194,0,0.5128,0.3281,0.6374,0.2695,0.0186,0.019,0.0,0.2383,Non-Duplicate,0,False,0.5,4
195,0,0.5128,0.3082,0.516,0.2743,0.0233,0.0244,0.0,0.2215,Non-Duplicate,0,False,0.5,4
196,1,0.7547,1.0,0.6667,1.0,1.0,1.0,0.0,0.9421,Medium,3,False,0.5,1
197,1,0.9057,1.0,0.7543,1.0,0.995,0.9996,0.0,0.9647,Easy,1,False,0.5,0
198,1,0.7407,0.9423,0.6005,1.0,0.8945,0.9211,0.0,0.8718,Hard,3,False,0.5,2
199,0,0.5641,0.3511,0.3653,0.2982,0.0169,0.0169,0.0,0.2234,Non-Duplicate,0,False,0.5,4
200,1,0.8837,0.9975,0.4333,1.0,0.9715,0.9765,0.0,0.919,Hard,3,False,0.5,2
201,1,0.9302,0.9833,0.6667,1.0,0.9855,0.9969,0.0,0.9496,Medium,3,False,0.5,1
202,1,0.8085,1.0,0.979,1.0,0.9888,0.995,0.0,0.975,Easy,1,False,0.5,0
203,0,0.6316,0.4164,0.1274,0.401,0.0222,0.0233,0.0,0.2318,Non-Duplicate,0,False,0.5,4
204,0,0.5641,0.3241,0.2447,0.304,0.0237,0.0233,0.0,0.2049,Non-Duplicate,0,False,0.5,4
205,0,0.5128,0.3704,0.311,0.3423,0.0337,0.0359,0.0,0.2276,Non-Duplicate,0,False,0.5,4
206,1,0.9091,1.0,0.4333,1.0,0.9153,0.9241,0.0,0.8979,Hard,3,False,0.5,2
207,1,0.8837,1.0,0.9872,1.0,0.9829,0.9835,0.0,0.9795,Easy,1,False,0.5,0
208,0,0.4545,0.3772,0.4005,0.5552,0.0072,0.0072,0.0,0.2208,Non-Duplicate,0,False,0.5,4
209,1,0.9333,1.0,0.6667,1.0,0.9693,0.9693,0.0,0.9462,Medium,3,False,0.5,1
210,0,0.4091,0.3614,0.2648,0.3049,0.0227,0.0227,0.0,0.2041,Non-Duplicate,0,False,0.5,4
211,1,0.9333,1.0,0.6667,1.0,0.9606,0.9641,0.0,0.943,Medium,3,False,0.5,1
212,0,0.5128,0.3409,0.4571,0.3025,0.0176,0.0185,0.0,0.2244,Non-Duplicate,0,False,0.5,4
213,0,0.439,0.4607,0.3991,0.8425,0.0393,0.0407,0.0,0.263,Non-Duplicate,2,False,0.5,4
214,0,0.4186,0.401,0.2918,0.3633,0.0216,0.0234,0.0,0.2215,Non-Duplicate,0,False,0.5,4
215,1,0.7869,1.0,0.5886,1.0,0.9913,0.9989,0.0,0.9351,Medium,3,False,0.5,1
216,1,0.8837,1.0,0.4333,1.0,0.9952,0.9992,0.0,0.9303,Hard,3,False,0.5,2
217,0,0.95,0.73,0.2411,0.8333,0.45,0.4804,0.0,0.5832,Non-Duplicate,3,False,0.5,4
218,1,0.76,0.9591,0.4333,1.0,0.8554,0.8905,0.0,0.847,Hard,3,False,0.5,2
219,1,0.8636,0.9958,0.6667,1.0,0.9614,0.9704,0.0,0.936,Medium,3,False,0.5,1
220,0,0.386,0.238,0.5247,0.0104,0.028,0.0293,0.0,0.1872,Non-Duplicate,0,False,0.5,4
221,0,0.4444,0.4429,0.132,0.8786,0.0187,0.0219,0.0,0.2217,Non-Duplicate,2,False,0.5,4
222,0,0.5128,0.3366,0.2352,0.3284,0.0185,0.018,0.0,0.2008,Non-Duplicate,0,False,0.5,4
223,1,0.9302,0.9883,0.4333,1.0,0.9495,0.9647,0.0,0.9126,Hard,3,False,0.5,2
224,1,0.8889,1.0,0.9845,1.0,0.9969,0.9999,0.0,0.9866,Easy,1,False,0.5,0
225,0,0.5,0.4444,0.6489,0.9071,0.0138,0.0144,0.0,0.2768,Non-Duplicate,2,False,0.5,4
226,0,0.4737,0.4586,0.39,0.983,0.0129,0.012,0.0,0.2525,Non-Duplicate,2,False,0.5,4
227,0,0.45,0.307,0.6315,0.223,0.0261,0.0232,0.0,0.2268,Non-Duplicate,0,False,0.5,4
228,0,0.4615,0.421,0.3539,0.3854,0.022,0.0228,0.0,0.2389,Non-Duplicate,0,False,0.5,4
229,0,0.439,0.4396,0.3311,0.7368,0.027,0.0228,0.0,0.2422,Non-Duplicate,2,False,0.5,4
230,0,0.6316,0.3953,0.5566,0.3462,0.0339,0.0338,0.0,0.2724,Non-Duplicate,0,False,0.5,4
231,0,0.3929,0.4044,0.3073,0.0527,0.0229,0.0279,0.0,0.2228,Non-Duplicate,0,False,0.5,4
232,1,0.9268,1.0,0.91,1.0,0.9698,0.9762,0.0,0.9714,Easy,1,False,0.5,0
233,0,0.4615,0.3123,0.2037,0.2818,0.0223,0.0235,0.0,0.1861,Non-Duplicate,0,False,0.5,4
234,0,0.4651,0.4425,0.7539,0.8491,0.0214,0.0206,0.0,0.2863,Non-Duplicate,2,False,0.5,4
235,1,0.7586,1.0,0.6667,1.0,0.9956,0.9998,0.0,0.9414,Medium,3,False,0.5,1
236,1,0.7547,0.9749,0.9977,1.0,0.9529,0.9795,0.0,0.9506,Medium,1,False,0.5,1
237,0,0.4091,0.4008,0.6443,0.3168,0.0246,0.0259,0.0,0.257,Non-Duplicate,0,False,0.5,4
238,1,0.9143,1.0,0.6667,1.0,0.9994,0.9994,0.0,0.9578,Easy,3,False,0.5,0
239,0,0.5128,0.3542,0.2767,0.3695,0.0232,0.0246,0.0,0.2136,Non-Duplicate,0,False,0.5,4
240,0,0.4878,0.3152,0.4096,0.2284,0.0188,0.0192,0.0,0.2086,Non-Duplicate,0,False,0.5,4
241,0,0.4211,0.409,0.3813,0.6032,0.0098,0.0084,0.0,0.2275,Non-Duplicate,2,False,0.5,4
242,0,0.5405,0.4269,0.19,0.4103,0.0215,0.0221,0.0,0.2322,Non-Duplicate,0,False,0.5,4
243,0,0.4186,0.422,0.4046,0.748,0.0062,0.0045,0.0,0.2325,Non-Duplicate,2,False,0.5,4
244,0,0.4545,0.4337,0.421,0.677,0.0189,0.0196,0.0,0.248,Non-Duplicate,2,False,0.5,4
245,1,0.8444,0.9941,0.5329,1.0,0.9635,0.9733,0.0,0.9212,Hard,3,False,0.5,2
246,1,0.9268,1.0,0.7018,1.0,0.9865,0.9895,0.0,0.9574,Easy,3,False,0.5,0
247,1,0.8936,0.9922,0.6237,1.0,0.9678,0.9725,0.0,0.9354,Medium,3,False,0.5,1
248,0,0.5128,0.2868,0.3384,0.2334,0.0143,0.0151,0.0,0.1921,Non-Duplicate,0,False,0.5,4
249,0,0.5,0.3942,0.3393,0.3178,0.0275,0.0279,0.0,0.2343,Non-Duplicate,0,False,0.5,4
250,1,0.9268,1.0,0.6959,1.0,0.9874,0.999,0.0,0.9589,Easy,3,False,0.5,0
251,0,0.4615,0.3179,0.3443,0.2637,0.0226,0.0233,0.0,0.2022,Non-Duplicate,0,False,0.5,4
252,1,0.7547,1.0,0.6667,1.0,0.9975,0.9998,0.0,0.9415,Medium,3,False,0.5,1
253,0,0.386,0.4565,0.2205,0.0523,0.0276,0.0327,0.0,0.2339,Non-Duplicate,0,False,0.5,4
254,0,0.4878,0.462,0.1772,0.9964,0.0142,0.0138,0.0,0.2345,Non-Duplicate,2,False,0.5,4
255,0,0.4615,0.33,0.6543,0.3092,0.0254,0.0254,0.0,0.2385,Non-Duplicate,0,False,0.5,4
256,1,0.8261,0.9775,0.8543,1.0,0.9636,0.9915,0.0,0.9494,Medium,1,False,0.5,1
257,1,0.8889,1.0,0.7667,1.0,0.9523,0.9698,0.0,0.9476,Medium,1,False,0.5,1
258,0,0.439,0.419,0.3237,0.6249,0.0208,0.022,0.0,0.2325,Non-Duplicate,2,False,0.5,4
259,0,0.6154,0.3086,0.558,0.2696,0.0183,0.0197,0.0,0.2339,Non-Duplicate,0,False,0.5,4
260,0,0.4615,0.3195,0.3105,0.2537,0.0269,0.0289,0.0,0.2015,Non-Duplicate,0,False,0.5,4
261,1,0.9268,1.0,1.0,1.0,0.9569,0.9597,0.0,0.9739,Easy,1,False,0.5,0
262,1,0.9362,0.9982,0.6667,1.0,0.9852,0.9984,0.0,0.9556,Easy,3,False,0.5,0
263,1,0.7308,0.9988,0.5584,1.0,0.9922,0.9996,0.0,0.9265,Hard,3,False,0.5,2
264,0,0.4651,0.3919,0.41,0.3264,0.0177,0.0181,0.0,0.2327,Non-Duplicate,0,False,0.5,4
265,0,0.4103,0.4444,0.2142,0.9659,0.0284,0.0302,0.0,0.2311,Non-Duplicate,2,False,0.5,4
266,0,0.5641,0.2983,0.7466,0.2698,0.0139,0.015,0.0,0.242,Non-Duplicate,0,False,0.5,4
267,1,0.7308,0.9971,0.6667,1.0,0.9659,0.9669,0.0,0.9236,Hard,3,False,0.5,2
268,1,0.8065,1.0,0.3311,1.0,0.9734,0.9981,0.0,0.9067,Hard,3,False,0.5,2
269,0,0.6,0.351,0.558,0.266,0.0178,0.0192,0.0,0.2469,Non-Duplicate,0,False,0.5,4
270,0,0.4878,0.3675,0.3621,0.505,0.0227,0.0226,0.0,0.2238,Non-Duplicate,0,False,0.5,4
271,0,0.4545,0.4714,0.3982,0.9903,0.0211,0.0205,0.0,0.2596,Non-Duplicate,2,False,0.5,4
272,0,0.5641,0.272,0.2388,0.2219,0.0175,0.0196,0.0,0.1838,Non-Duplicate,0,False,0.5,4
273,0,0.3111,0.3702,0.4046,0.0201,0.0265,0.0303,0.0,0.2138,Non-Duplicate,0,False,0.5,4
274,1,0.7451,1.0,1.0,1.0,0.9977,0.9998,0.0,0.9739,Easy,1,False,0.5,0
275,0,0.4737,0.4329,0.3731,0.6978,0.0195,0.0185,0.0,0.2448,Non-Duplicate,2,False,0.5,4
276,1,0.7451,0.9843,0.6667,1.0,0.9593,0.9947,0.0,0.9244,Hard,3,False,0.5,2
277,0,0.5405,0.3735,0.4256,0.3048,0.0211,0.0221,0.0,0.237,Non-Duplicate,0,False,0.5,4
278,0,0.4865,0.4418,0.5881,0.9729,0.0205,0.0207,0.0,0.2713,Non-Duplicate,2,False,0.5,4
279,0,0.5128,0.2932,0.4059,0.2595,0.0124,0.0131,0.0,0.2002,Non-Duplicate,0,False,0.5,4
280,1,0.902,1.0,0.6667,1.0,0.9478,0.9476,0.0,0.9333,Medium,3,False,0.5,1
281,0,0.4651,0.4402,0.3653,0.869,0.0164,0.0134,0.0,0.2439,Non-Duplicate,2,False,0.5,4
282,0,0.5116,0.349,0.2676,0.277,0.0196,0.0212,0.0,0.2092,Non-Duplicate,0,False,0.5,4
283,0,0.4615,0.3218,0.5863,0.2652,0.0165,0.0157,0.0,0.2247,Non-Duplicate,0,False,0.5,4
284,1,0.8444,1.0,1.0,1.0,0.9904,0.996,0.0,0.9812,Easy,1,False,0.5,0
285,1,0.8837,1.0,0.4333,1.0,0.9713,0.9811,0.0,0.9207,Hard,3,False,0.5,2
286,1,0.76,0.9829,0.5374,1.0,0.9513,0.9962,0.0,0.9108,Hard,3,False,0.5,2
287,1,0.9333,1.0,0.2589,1.0,0.9941,0.9992,0.0,0.9176,Hard,3,False,0.5,2
288,0,0.5366,0.3914,0.3511,0.346,0.0175,0.0181,0.0,0.2338,Non-Duplicate,0,False,0.5,4
289,0,0.5128,0.3216,0.1548,0.2911,0.0172,0.0181,0.0,0.1873,Non-Duplicate,0,False,0.5,4
290,0,0.5128,0.3587,0.3521,0.3214,0.0238,0.0237,0.0,0.2227,Non-Duplicate,0,False,0.5,4
291,1,0.9388,1.0,0.6667,1.0,0.9473,0.9465,0.0,0.9367,Medium,3,False,0.5,1
292,1,0.8837,1.0,1.0,1.0,0.9343,0.9508,0.0,0.9621,Easy,1,False,0.5,0
293,1,0.8727,1.0,0.7667,1.0,0.9556,0.9736,0.0,0.9476,Medium,1,False,0.5,1
294,1,0.7869,1.0,0.9918,1.0,0.9111,0.9246,0.0,0.9406,Medium,1,False,0.5,1
295,0,0.5789,0.3906,0.3525,0.3195,0.0231,0.0223,0.0,0.2401,Non-Duplicate,0,False,0.5,4
296,0,0.5641,0.3126,0.4256,0.2287,0.0174,0.0183,0.0,0.2164,Non-Duplicate,0,False,0.5,4
297,1,0.7451,0.9988,0.621,1.0,0.9609,0.9664,0.0,0.9197,Hard,3,False,0.5,2
298,0,0.45,0.3678,0.6119,0.3045,0.0188,0.0179,0.0,0.2432,Non-Duplicate,0,False,0.5,4
299,0,0.439,0.4314,0.3584,0.6723,0.0242,0.0227,0.0,0.2413,Non-Duplicate,2,False,0.5,4
300,0,0.5263,0.4562,0.3342,0.8451,0.0185,0.0202,0.0,0.2544,Non-Duplicate,2,False,0.5,4
301,1,0.76,0.9969,1.0,1.0,0.9936,0.9997,0.0,0.9732,Easy,1,False,0.5,0
302,0,0.45,0.3639,0.1685,0.3239,0.023,0.0274,0.0,0.2004,Non-Duplicate,0,False,0.5,4
303,1,0.8636,0.998,0.6667,1.0,0.9864,0.9911,0.0,0.9471,Medium,3,False,0.5,1
304,0,0.4615,0.3214,0.4269,0.3056,0.0222,0.0234,0.0,0.2116,Non-Duplicate,0,False,0.5,4
305,0,0.4,0.4093,0.316,0.6074,0.0086,0.0092,0.0,0.2188,Non-Duplicate,2,False,0.5,4
306,1,0.8261,1.0,0.4333,1.0,0.9885,0.9993,0.0,0.9229,Hard,3,False,0.5,2
307,1,0.8333,1.0,0.7667,1.0,0.967,0.9701,0.0,0.9458,Medium,1,False,0.5,1
308,0,0.5128,0.2912,0.3178,0.2421,0.0159,0.0175,0.0,0.1924,Non-Duplicate,0,False,0.5,4
309,0,0.5128,0.3059,0.3808,0.2396,0.0183,0.0173,0.0,0.2045,Non-Duplicate,0,False,0.5,4
310,0,0.5128,0.3729,0.3082,0.3696,0.0296,0.0323,0.0,0.2265,Non-Duplicate,0,False,0.5,4
311,0,0.5366,0.3971,0.2479,0.6039,0.013,0.0112,0.0,0.2229,Non-Duplicate,2,False,0.5,4
312,0,0.4,0.3301,0.6073,0.2224,0.0274,0.0307,0.0,0.2292,Non-Duplicate,0,False,0.5,4
313,1,0.8444,1.0,0.6667,1.0,0.9825,0.9955,0.0,0.9458,Medium,3,False,0.5,1
314,0,0.4737,0.4421,0.374,0.9005,0.0126,0.0113,0.0,0.2449,Non-Duplicate,2,False,0.5,4
315,0,0.5128,0.4023,0.3443,0.3633,0.0203,0.0209,0.0,0.2358,Non-Duplicate,0,False,0.5,4
316,1,0.8511,0.9908,1.0,1.0,0.9747,0.9743,0.0,0.9704,Easy,1,False,0.5,0
317,0,0.4545,0.4506,0.3863,0.7682,0.0169,0.0175,0.0,0.2495,Non-Duplicate,2,False,0.5,4
318,0,0.5128,0.3859,0.5274,0.3626,0.0215,0.0225,0.0,0.249,Non-Duplicate,0,False,0.5,4
319,1,0.8889,1.0,1.0,1.0,0.9924,0.9998,0.0,0.9869,Easy,1,False,0.5,0
320,0,0.4615,0.2993,0.5826,0.2559,0.0195,0.0207,0.0,0.2182,Non-Duplicate,0,False,0.5,4
321,0,0.4681,0.3393,0.2667,0.0465,0.0364,0.0399,0.0,0.2093,Non-Duplicate,0,False,0.5,4
322,0,0.4615,0.4642,0.395,0.8837,0.02,0.0173,0.0,0.2566,Non-Duplicate,2,False,0.5,4
323,0,0.5641,0.3999,0.5712,0.3662,0.026,0.0285,0.0,0.2657,Non-Duplicate,0,False,0.5,4
324,0,0.439,0.4369,0.2073,0.9525,0.0109,0.0139,0.0,0.2231,Non-Duplicate,2,False,0.5,4
325,1,0.85,1.0,0.8781,1.0,0.9131,0.9125,0.0,0.9336,Medium,1,False,0.5,1
326,1,0.7636,1.0,0.4333,1.0,0.9337,0.9691,0.0,0.8969,Hard,3,False,0.5,2
327,1,0.9302,1.0,0.6667,1.0,0.9489,0.9508,0.0,0.9371,Medium,3,False,0.5,1
328,0,0.4762,0.4204,0.6397,0.8401,0.0058,0.0092,0.0,0.262,Non-Duplicate,2,False,0.5,4
329,1,0.7451,1.0,0.5338,1.0,0.9474,0.9623,0.0,0.9072,Hard,3,False,0.5,2
330,0,0.5,0.4281,0.1922,0.7707,0.0189,0.0187,0.0,0.2275,Non-Duplicate,2,False,0.5,4
331,1,0.76,0.98,0.6667,1.0,0.9224,0.9913,0.0,0.9145,Hard,3,False,0.5,2
332,1,0.84,1.0,1.0,1.0,0.9409,0.9406,0.0,0.9573,Easy,1,False,0.5,0
333,1,0.9268,1.0,0.6667,1.0,0.9944,0.9991,0.0,0.9578,Easy,3,False,0.5,0
334,1,0.8261,0.9972,0.7667,1.0,0.9919,0.9995,0.0,0.9562,Easy,1,False,0.5,0
335,0,0.386,0.2374,0.3288,0.0104,0.0289,0.0317,0.0,0.1681,Non-Duplicate,0,False,0.5,4
336,1,0.8837,0.9941,0.6251,1.0,0.9824,0.998,0.0,0.944,Medium,3,False,0.5,1
337,0,0.3582,0.3767,0.3233,0.0501,0.0277,0.0287,0.0,0.2126,Non-Duplicate,0,False,0.5,4
338,1,0.9333,1.0,0.6667,1.0,0.9755,0.9923,0.0,0.9523,Medium,3,False,0.5,1
339,1,0.8889,1.0,1.0,1.0,0.9943,0.9995,0.0,0.9874,Easy,1,False,0.5,0
340,1,0.9333,1.0,0.4333,1.0,1.0,1.0,0.0,0.9367,Medium,3,False,0.5,1
341,1,0.9268,1.0,0.5708,1.0,0.9852,0.9916,0.0,0.9444,Medium,3,False,0.5,1
342,1,0.9302,1.0,0.9511,1.0,0.9316,0.9307,0.0,0.9572,Easy,1,False,0.5,0
343,0,0.3509,0.454,0.4023,0.0542,0.0254,0.0217,0.0,0.2449,Non-Duplicate,0,False,0.5,4
344,0,0.439,0.3988,0.4014,0.3429,0.0202,0.0219,0.0,0.2331,Non-Duplicate,0,False,0.5,4
345,0,0.4545,0.4602,0.3082,0.9158,0.0223,0.0233,0.0,0.2476,Non-Duplicate,2,False,0.5,4
346,1,0.9302,0.9968,0.6342,1.0,0.9736,0.9742,0.0,0.9435,Medium,3,False,0.5,1
347,0,0.3333,0.3498,0.3795,0.0531,0.0183,0.0257,0.0,0.2034,Non-Duplicate,0,False,0.5,4
348,1,0.8511,0.9952,0.9164,1.0,1.0,1.0,0.0,0.9751,Easy,1,False,0.5,0
349,0,0.4762,0.4358,0.4539,0.6895,0.0171,0.019,0.0,0.2536,Non-Duplicate,2,False,0.5,4
350,0,0.4615,0.2971,0.6452,0.2326,0.022,0.0233,0.0,0.2248,Non-Duplicate,0,False,0.5,4
351,1,0.8333,0.9886,1.0,1.0,0.9728,0.9942,0.0,0.9714,Easy,1,False,0.5,0
352,0,0.4651,0.6889,0.2256,0.8183,0.2588,0.2722,0.0,0.4293,Non-Duplicate,2,False,0.5,4
353,1,0.8511,1.0,0.6667,1.0,0.9874,0.9989,0.0,0.9484,Medium,3,False,0.5,1
354,1,0.75,1.0,1.0,1.0,0.9353,0.9444,0.0,0.9477,Medium,1,False,0.5,1
355,0,0.5,0.4236,0.3091,0.789,0.0064,0.0056,0.0,0.2319,Non-Duplicate,2,False,0.5,4
356,0,0.5,0.4362,0.3059,0.7681,0.0113,0.0108,0.0,0.2383,Non-Duplicate,2,False,0.5,4
357,0,0.4103,0.4485,0.2425,0.8853,0.0323,0.0357,0.0,0.2375,Non-Duplicate,2,False,0.5,4
358,0,0.439,0.4094,0.4037,0.8366,0.0076,0.0095,0.0,0.2314,Non-Duplicate,2,False,0.5,4
359,0,0.4,0.364,0.5416,0.0192,0.0449,0.0528,0.0,0.2433,Non-Duplicate,0,False,0.5,4
360,0,0.5405,0.4059,0.4123,0.975,0.0163,0.0177,0.0,0.245,Non-Duplicate,2,False,0.5,4
361,1,0.9268,1.0,1.0,1.0,0.9956,0.9999,0.0,0.9916,Easy,1,False,0.5,0
362,1,0.7308,1.0,0.6667,1.0,0.9255,0.928,0.0,0.9067,Hard,3,False,0.5,2
363,0,0.4865,0.4247,0.1539,0.7793,0.0189,0.0192,0.0,0.2212,Non-Duplicate,2,False,0.5,4
364,0,0.4545,0.3964,0.1648,0.9969,0.0074,0.0046,0.0,0.2035,Non-Duplicate,2,False,0.5,4
365,0,0.6842,0.9137,0.3338,0.9869,0.3392,0.3549,0.0,0.5774,Non-Duplicate,2,False,0.5,4
366,0,0.5128,0.3469,0.2621,0.2954,0.0277,0.0285,0.0,0.2115,Non-Duplicate,0,False,0.5,4
367,0,0.5,0.4469,0.7201,0.9092,0.0154,0.0149,0.0,0.2853,Non-Duplicate,2,False,0.5,4
368,1,0.9057,0.9837,1.0,1.0,0.9353,0.9556,0.0,0.9598,Easy,1,False,0.5,0
369,1,0.9302,1.0,0.6667,1.0,0.981,0.9906,0.0,0.9531,Medium,3,False,0.5,1
370,0,0.4651,0.3159,0.305,0.2424,0.0153,0.016,0.0,0.1946,Non-Duplicate,0,False,0.5,4
371,0,0.3636,0.3717,0.2132,0.3296,0.0153,0.0161,0.0,0.1948,Non-Duplicate,0,False,0.5,4
372,1,0.8261,0.9959,0.4333,1.0,0.9428,0.9966,0.0,0.9095,Hard,3,False,0.5,2
373,1,0.8444,1.0,0.7667,1.0,0.9922,0.9978,0.0,0.9587,Easy,1,False,0.5,0
374,1,0.8571,0.9724,0.6667,1.0,0.9513,0.9516,0.0,0.9209,Hard,3,False,0.5,2
375,0,0.3333,0.3909,0.2123,0.0197,0.0271,0.0322,0.0,0.2046,Non-Duplicate,0,False,0.5,4
376,1,0.8333,1.0,0.3744,1.0,0.9628,0.963,0.0,0.9041,Hard,3,False,0.5,2
377,1,0.8837,0.9905,0.6667,1.0,0.9693,0.9727,0.0,0.9386,Medium,3,False,0.5,1
378,1,0.7667,1.0,0.2502,1.0,0.9063,0.9052,0.0,0.8593,Hard,3,False,0.5,2
379,0,0.45,0.3956,0.3489,0.3483,0.0262,0.0267,0.0,0.2302,Non-Duplicate,0,False,0.5,4
380,0,0.3673,0.3022,0.384,0.0159,0.0383,0.0338,0.0,0.1973,Non-Duplicate,0,False,0.5,4
381,0,0.3333,0.4449,0.3758,0.0531,0.0207,0.0226,0.0,0.2363,Non-Duplicate,0,False,0.5,4
382,0,0.4681,0.3492,0.3539,0.0453,0.0278,0.0205,0.0,0.2155,Non-Duplicate,0,False,0.5,4
383,1,0.8571,1.0,0.4333,1.0,0.9307,0.9317,0.0,0.8981,Hard,3,False,0.5,2
384,1,0.8889,1.0,0.7667,1.0,0.9631,0.962,0.0,0.9487,Medium,1,False,0.5,1
385,0,0.4103,0.456,0.1137,0.6937,0.022,0.023,0.0,0.2221,Non-Duplicate,2,False,0.5,4
386,1,0.8261,0.9971,1.0,1.0,0.9774,0.9838,0.0,0.9727,Easy,1,False,0.5,0
387,0,0.5128,0.3216,0.3584,0.2845,0.0215,0.0221,0.0,0.2095,Non-Duplicate,0,False,0.5,4
388,1,0.8696,1.0,0.4333,1.0,0.9901,0.9943,0.0,0.9267,Hard,3,False,0.5,2
389,1,0.76,0.9973,0.7667,1.0,0.9851,0.9993,0.0,0.9479,Medium,1,False,0.5,1
390,0,0.4651,0.4037,0.3411,0.3622,0.018,0.0186,0.0,0.2301,Non-Duplicate,0,False,0.5,4
391,1,0.7692,0.9789,0.853,1.0,0.9649,0.999,0.0,0.9459,Medium,1,False,0.5,1
392,0,0.55,0.343,0.3388,0.2666,0.0138,0.0143,0.0,0.2153,Non-Duplicate,0,False,0.5,4
393,1,0.75,0.9634,0.4333,1.0,0.9198,0.9761,0.0,0.8807,Hard,3,False,0.5,2
394,1,0.9333,0.9826,0.7667,1.0,0.9886,0.9987,0.0,0.9608,Easy,1,False,0.5,0
395,1,0.7636,1.0,1.0,1.0,0.9847,0.9989,0.0,0.9723,Easy,1,False,0.5,0
396,1,0.9691,0.998,0.7667,1.0,0.9995,0.9996,0.0,0.9727,Easy,1,False,0.5,0
397,1,0.8889,1.0,1.0,1.0,0.9878,0.9974,0.0,0.9853,Easy,1,False,0.5,0
398,1,0.8571,1.0,0.6292,1.0,0.9043,0.9177,0.0,0.9083,Hard,3,False,0.5,2
399,1,0.8837,0.9866,1.0,1.0,0.955,0.974,0.0,0.9672,Easy,1,False,0.5,0
400,0,0.3607,0.371,0.1772,0.0193,0.0448,0.0515,0.0,0.2051,Non-Duplicate,0,False,0.5,4
401,1,0.9302,1.0,1.0,1.0,0.9367,0.9548,0.0,0.9682,Easy,1,False,0.5,0
402,0,0.5,0.3982,0.4658,0.6042,0.0122,0.0137,0.0,0.2417,Non-Duplicate,2,False,0.5,4
403,1,0.8444,0.9957,0.4333,1.0,0.9954,0.9994,0.0,0.925,Hard,3,False,0.5,2
404,1,0.9091,1.0,0.4333,1.0,0.9064,0.9089,0.0,0.8926,Hard,3,False,0.5,2
405,1,0.9302,1.0,0.7667,1.0,0.98,0.9985,0.0,0.9644,Easy,1,False,0.5,0
406,0,0.4545,0.4431,0.268,0.7725,0.0183,0.0203,0.0,0.236,Non-Duplicate,2,False,0.5,4
407,1,0.7547,1.0,0.4333,1.0,1.0,1.0,0.0,0.9188,Hard,3,False,0.5,2
408,1,0.8444,1.0,0.6667,1.0,0.9854,0.9847,0.0,0.9444,Medium,3,False,0.5,1
409,0,0.5128,0.3248,0.3799,0.2562,0.0274,0.0317,0.0,0.2162,Non-Duplicate,0,False,0.5,4
410,1,0.7719,0.9745,0.9466,1.0,0.9273,0.9694,0.0,0.9386,Medium,1,False,0.5,1
411,0,0.5128,0.3087,0.1534,0.2435,0.0205,0.0218,0.0,0.1841,Non-Duplicate,0,False,0.5,4
412,1,0.8444,0.9914,0.6667,1.0,0.9955,0.9973,0.0,0.9465,Medium,3,False,0.5,1
413,1,0.8636,1.0,0.4333,1.0,0.9747,0.9732,0.0,0.918,Hard,3,False,0.5,2
414,0,0.5,0.3736,0.6315,0.53,0.0065,0.0064,0.0,0.2468,Non-Duplicate,0,False,0.5,4
415,0,0.5,0.4573,0.4032,0.9548,0.0156,0.0161,0.0,0.2575,Non-Duplicate,2,False,0.5,4
416,0,0.5128,0.3465,0.2352,0.3107,0.0303,0.0318,0.0,0.21,Non-Duplicate,0,False,0.5,4
417,1,0.84,1.0,0.4333,1.0,0.9905,0.993,0.0,0.9236,Hard,3,False,0.5,2
418,1,0.8444,1.0,0.4333,1.0,0.9839,0.9841,0.0,0.9206,Hard,3,False,0.5,2
419,0,0.4314,0.0946,0.4689,0.0157,0.0336,0.03,0.0,0.1375,Non-Duplicate,0,False,0.5,4
420,1,0.76,0.9762,0.6667,1.0,0.9072,0.9908,0.0,0.9093,Hard,3,False,0.5,2
421,1,0.9302,1.0,0.6667,1.0,0.9825,0.9912,0.0,0.9535,Medium,3,False,0.5,1
422,0,0.55,0.4456,0.9265,0.918,0.0181,0.0196,0.0,0.312,Non-Duplicate,2,False,0.5,4
423,1,0.7547,0.9841,0.4333,1.0,0.9604,0.9955,0.0,0.9025,Hard,3,False,0.5,2
424,1,0.9057,1.0,1.0,1.0,0.9579,0.9622,0.0,0.9725,Easy,1,False,0.5,0
425,1,0.7407,1.0,0.6667,1.0,0.9972,0.9999,0.0,0.94,Medium,3,False,0.5,1
426,1,0.9268,1.0,0.7667,1.0,0.9903,0.9976,0.0,0.9664,Easy,1,False,0.5,0
427,0,0.4651,0.3126,0.3511,0.2497,0.0123,0.0129,0.0,0.1967,Non-Duplicate,0,False,0.5,4
428,0,0.4615,0.3492,0.3886,0.3056,0.0239,0.0255,0.0,0.2183,Non-Duplicate,0,False,0.5,4
429,1,0.76,0.9667,0.6479,1.0,0.9302,0.9928,0.0,0.9103,Hard,3,False,0.5,2
430,0,0.4878,0.4426,0.2694,0.6678,0.0164,0.0149,0.0,0.2377,Non-Duplicate,2,False,0.5,4
431,1,0.7308,0.9762,0.2502,1.0,0.9491,0.9915,0.0,0.8753,Hard,3,False,0.5,2
432,0,0.5128,0.3426,0.2995,0.2837,0.0235,0.0232,0.0,0.2117,Non-Duplicate,0,False,0.5,4
433,0,0.386,0.3433,0.353,0.0171,0.0514,0.0572,0.0,0.2184,Non-Duplicate,0,False,0.5,4
434,1,0.898,1.0,0.6667,1.0,0.9545,0.9512,0.0,0.9353,Medium,3,False,0.5,1
435,0,0.5128,0.3149,0.2566,0.2847,0.0208,0.0219,0.0,0.1967,Non-Duplicate,0,False,0.5,4
436,0,0.4091,0.3195,0.426,0.0158,0.0448,0.0501,0.0,0.2166,Non-Duplicate,0,False,0.5,4
437,0,0.55,0.4012,0.6406,0.3664,0.0236,0.0248,0.0,0.2704,Non-Duplicate,0,False,0.5,4
438,1,0.9268,0.9872,0.6667,1.0,0.9729,0.9886,0.0,0.9458,Medium,3,False,0.5,1
439,0,0.4615,0.3527,0.3256,0.3314,0.0182,0.0212,0.0,0.211,Non-Duplicate,0,False,0.5,4
440,0,0.5405,0.4154,0.2868,0.3854,0.0223,0.0234,0.0,0.2384,Non-Duplicate,0,False,0.5,4
441,0,0.5312,0.4686,0.6037,0.9944,0.5656,0.6668,0.0,0.5522,Non-Duplicate,2,False,0.5,4
442,1,0.8636,1.0,1.0,1.0,0.9748,0.9766,0.0,0.9754,Easy,1,False,0.5,0
443,1,0.8636,0.9917,0.5562,1.0,0.9433,0.9573,0.0,0.9164,Hard,3,False,0.5,2
444,0,0.4186,0.405,0.3511,0.3728,0.0205,0.0213,0.0,0.2281,Non-Duplicate,0,False,0.5,4
445,1,0.9302,1.0,0.6667,1.0,0.9903,0.9928,0.0,0.9558,Easy,3,False,0.5,0
446,0,0.85,0.7062,0.3616,0.8265,0.4639,0.4929,0.0,0.5829,Non-Duplicate,3,False,0.5,4
447,0,0.5238,0.9146,0.2845,0.6807,0.4223,0.4463,0.0,0.5957,Non-Duplicate,2,False,0.5,4
448,0,0.386,0.2899,0.3014,0.0112,0.0349,0.0409,0.0,0.1871,Non-Duplicate,0,False,0.5,4
449,0,0.4878,0.3867,0.2648,0.329,0.0284,0.032,0.0,0.2241,Non-Duplicate,0,False,0.5,4
450,0,0.5,0.3432,0.3726,0.2847,0.0205,0.0212,0.0,0.2167,Non-Duplicate,0,False,0.5,4
451,1,0.9268,0.9884,0.4466,1.0,0.9845,0.9987,0.0,0.9291,Hard,3,False,0.5,2
452,1,0.8837,0.9884,0.2119,1.0,0.9763,0.9827,0.0,0.8961,Hard,3,False,0.5,2
453,1,0.7451,0.996,1.0,1.0,0.9594,0.9693,0.0,0.9568,Easy,1,False,0.5,0
454,1,0.9057,1.0,1.0,1.0,0.9549,0.9672,0.0,0.9727,Easy,1,False,0.5,0
455,1,0.7692,1.0,1.0,1.0,0.9027,0.9106,0.0,0.9347,Medium,1,False,0.5,1
456,0,0.2985,0.3525,0.4566,0.0163,0.037,0.0468,0.0,0.2175,Non-Duplicate,0,False,0.5,4
457,0,0.5238,0.4389,0.5932,0.9091,0.0197,0.0177,0.0,0.2738,Non-Duplicate,2,False,0.5,4
458,0,0.4545,0.3815,0.4712,0.3497,0.018,0.0195,0.0,0.2345,Non-Duplicate,0,False,0.5,4
459,0,0.5128,0.2734,0.305,0.2213,0.0195,0.0214,0.0,0.1866,Non-Duplicate,0,False,0.5,4
460,1,0.7451,0.9661,1.0,1.0,0.929,0.9901,0.0,0.9429,Medium,1,False,0.5,1
461,1,0.918,0.9983,0.7667,1.0,0.9994,0.9994,0.0,0.9676,Easy,1,False,0.5,0
462,1,0.8,0.9638,0.6712,1.0,0.8992,0.9176,0.0,0.8928,Hard,3,False,0.5,2
463,0,0.4889,0.4073,0.3292,0.6639,0.0138,0.0155,0.0,0.2309,Non-Duplicate,2,False,0.5,4
464,1,0.8261,1.0,0.3973,1.0,0.9945,0.9981,0.0,0.9206,Hard,3,False,0.5,2
465,1,0.7308,0.9933,0.6667,1.0,0.9494,0.9689,0.0,0.9185,Hard,3,False,0.5,2
466,1,0.8235,1.0,0.674,1.0,0.971,0.9733,0.0,0.9372,Medium,3,False,0.5,1
467,0,0.4651,0.3771,0.4005,0.343,0.0133,0.0131,0.0,0.2245,Non-Duplicate,0,False,0.5,4
468,1,0.8444,1.0,1.0,1.0,0.9862,0.9955,0.0,0.9801,Easy,1,False,0.5,0
469,1,0.8372,0.9945,1.0,1.0,0.9408,0.947,0.0,0.9564,Easy,1,False,0.5,0
470,1,0.8837,1.0,0.6667,1.0,0.9896,0.9904,0.0,0.9505,Medium,3,False,0.5,1
471,1,0.8444,1.0,1.0,1.0,0.9851,0.9842,0.0,0.9775,Easy,1,False,0.5,0
472,1,0.9302,0.9901,1.0,1.0,0.9925,0.9991,0.0,0.9875,Easy,1,False,0.5,0
473,1,0.7547,0.9687,0.7667,1.0,0.9411,0.9914,0.0,0.9247,Hard,1,False,0.5,2
474,1,0.7451,0.9799,0.7918,1.0,0.99,0.9947,0.0,0.9431,Medium,1,False,0.5,1
475,0,0.5,0.4326,0.1954,0.4214,0.0375,0.0401,0.0,0.2383,Non-Duplicate,0,False,0.5,4
476,1,0.76,1.0,0.9849,1.0,0.9943,0.9995,0.0,0.973,Easy,1,False,0.5,0
477,0,0.5641,0.4264,0.3621,0.424,0.0227,0.0226,0.0,0.252,Non-Duplicate,0,False,0.5,4
478,0,0.4255,0.0828,0.4945,0.0116,0.0374,0.0393,0.0,0.1382,Non-Duplicate,0,False,0.5,4
479,1,0.8889,1.0,0.9913,1.0,0.9878,0.9926,0.0,0.9835,Easy,1,False,0.5,0
480,1,0.9302,1.0,0.3817,1.0,0.9416,0.9485,0.0,0.9063,Hard,3,False,0.5,2
481,1,0.7407,0.9814,0.4333,1.0,0.9439,0.9959,0.0,0.8961,Hard,3,False,0.5,2
482,0,0.4878,0.4047,0.6498,0.6745,0.0171,0.0191,0.0,0.2635,Non-Duplicate,2,False,0.5,4
483,0,0.6111,0.3633,0.2548,0.2628,0.0251,0.0272,0.0,0.2255,Non-Duplicate,0,False,0.5,4
484,0,0.5641,0.2918,0.2594,0.233,0.0136,0.0114,0.0,0.1902,Non-Duplicate,0,False,0.5,4
485,1,0.7308,0.991,1.0,1.0,0.9162,0.9662,0.0,0.9422,Medium,1,False,0.5,1
486,0,0.5366,0.4071,0.4228,0.4144,0.0157,0.0161,0.0,0.2456,Non-Duplicate,0,False,0.5,4
487,1,0.8837,0.993,0.6667,1.0,0.9803,0.9853,0.0,0.9447,Medium,3,False,0.5,1
488,0,0.4737,0.4488,0.4269,0.8493,0.0225,0.0257,0.0,0.2579,Non-Duplicate,2,False,0.5,4
489,0,0.5789,0.3136,0.1502,0.2175,0.0197,0.0193,0.0,0.1915,Non-Duplicate,0,False,0.5,4
490,1,0.7719,1.0,0.9785,1.0,0.9926,0.9993,0.0,0.9731,Easy,1,False,0.5,0
491,0,0.4651,0.3575,0.3836,0.3124,0.0157,0.0149,0.0,0.2169,Non-Duplicate,0,False,0.5,4
492,0,0.5,0.4376,0.1553,0.753,0.0121,0.0129,0.0,0.2243,Non-Duplicate,2,False,0.5,4
493,0,0.4878,0.4441,0.3068,0.7338,0.0307,0.0308,0.0,0.2487,Non-Duplicate,2,False,0.5,4
494,0,0.5128,0.2668,0.2877,0.1967,0.0228,0.0226,0.0,0.1837,Non-Duplicate,0,False,0.5,4
495,1,0.9268,0.9849,0.4178,1.0,0.975,0.9951,0.0,0.922,Hard,3,False,0.5,2
496,1,0.8889,1.0,0.721,1.0,0.9854,0.9889,0.0,0.9551,Medium,3,False,0.5,1
497,0,0.4091,0.4044,0.4087,0.3471,0.0375,0.0397,0.0,0.2406,Non-Duplicate,0,False,0.5,4
498,0,0.4878,0.4584,0.4411,0.7554,0.0213,0.023,0.0,0.2633,Non-Duplicate,2,False,0.5,4
499,0,0.4615,0.3222,0.3078,0.2991,0.0204,0.0226,0.0,0.1993,Non-Duplicate,0,False,0.5,4
500,1,0.913,1.0,0.7667,1.0,0.9494,0.9489,0.0,0.9451,Medium,1,False,0.5,1
501,1,0.9302,1.0,1.0,1.0,0.9981,0.9997,0.0,0.9925,Easy,1,False,0.5,0
502,0,0.5,0.4581,0.2064,0.966,0.0246,0.0243,0.0,0.242,Non-Duplicate,2,False,0.5,4
503,0,0.3673,0.3125,0.4219,0.0116,0.0393,0.0438,0.0,0.2069,Non-Duplicate,0,False,0.5,4
504,0,0.5641,0.3493,0.3986,0.2508,0.0206,0.0216,0.0,0.228,Non-Duplicate,0,False,0.5,4
505,0,0.439,0.4353,0.4265,0.6841,0.019,0.0195,0.0,0.2476,Non-Duplicate,2,False,0.5,4
506,1,0.9268,0.9828,0.7667,1.0,0.944,0.9518,0.0,0.9397,Medium,1,False,0.5,1
507,0,0.5405,0.3271,0.3909,0.2483,0.0199,0.0165,0.0,0.2159,Non-Duplicate,0,False,0.5,4
508,0,0.4,0.4039,0.3511,0.3757,0.019,0.0195,0.0,0.2251,Non-Duplicate,0,False,0.5,4
509,1,0.88,0.9709,0.9242,1.0,0.9196,0.9379,0.0,0.9377,Medium,1,False,0.5,1
510,0,0.4878,0.4076,0.2877,0.8036,0.0172,0.019,0.0,0.2283,Non-Duplicate,2,False,0.5,4
511,0,0.5641,0.3675,0.4009,0.3518,0.0331,0.0349,0.0,0.2404,Non-Duplicate,0,False,0.5,4
512,0,0.5128,0.2932,0.4297,0.2344,0.0167,0.0191,0.0,0.2049,Non-Duplicate,0,False,0.5,4
513,1,0.9388,1.0,0.4333,1.0,0.9519,0.9959,0.0,0.9244,Hard,3,False,0.5,2
514,0,0.4444,0.4469,0.3219,0.9028,0.013,0.0122,0.0,0.2387,Non-Duplicate,2,False,0.5,4
515,1,0.7347,0.9965,0.9219,1.0,0.9695,0.9935,0.0,0.9555,Easy,1,False,0.5,0
516,0,0.4762,0.4277,0.4142,0.7555,0.0124,0.0119,0.0,0.2442,Non-Duplicate,2,False,0.5,4
517,0,0.4651,0.4382,0.2895,0.0485,0.0188,0.025,0.0,0.2385,Non-Duplicate,0,False,0.5,4
518,0,0.5405,0.3458,0.3594,0.2935,0.0116,0.0097,0.0,0.2159,Non-Duplicate,0,False,0.5,4
519,0,0.55,0.4016,0.353,0.9154,0.006,0.0078,0.0,0.2339,Non-Duplicate,2,False,0.5,4
520,0,0.4615,0.2986,0.3155,0.2508,0.0191,0.0189,0.0,0.1908,Non-Duplicate,0,False,0.5,4
521,0,0.5116,0.3396,0.1639,0.2785,0.0211,0.024,0.0,0.1965,Non-Duplicate,0,False,0.5,4
522,0,0.5128,0.4114,0.3676,0.3909,0.0202,0.0195,0.0,0.241,Non-Duplicate,0,False,0.5,4
523,1,0.8936,1.0,0.6667,1.0,0.9743,0.9807,0.0,0.9457,Medium,3,False,0.5,1
524,1,0.8936,1.0,0.4932,1.0,0.979,0.9789,0.0,0.9292,Hard,3,False,0.5,2
525,1,0.8727,0.9705,0.7667,1.0,0.95,0.9872,0.0,0.9386,Medium,1,False,0.5,1
526,1,0.8571,1.0,0.5877,1.0,0.9445,0.9373,0.0,0.9181,Hard,3,False,0.5,2
527,1,0.7719,1.0,0.9717,1.0,0.9352,0.9372,0.0,0.9456,Medium,1,False,0.5,1
528,0,0.3871,0.2902,0.4078,0.0162,0.0209,0.0235,0.0,0.191,Non-Duplicate,0,False,0.5,4
529,1,0.8837,0.9823,1.0,1.0,0.9859,0.9918,0.0,0.977,Easy,1,False,0.5,0
530,0,0.4737,0.4581,0.5932,0.9227,0.021,0.0256,0.0,0.2774,Non-Duplicate,2,False,0.5,4
531,0,0.5,0.3177,0.2562,0.2363,0.016,0.0164,0.0,0.1941,Non-Duplicate,0,False,0.5,4
532,1,0.8333,0.9901,0.89,1.0,0.9409,0.9538,0.0,0.9449,Medium,1,False,0.5,1
533,0,0.5128,0.2964,0.2653,0.2424,0.0191,0.0195,0.0,0.1902,Non-Duplicate,0,False,0.5,4
534,0,0.4103,0.4577,0.4114,0.9289,0.0184,0.0166,0.0,0.2503,Non-Duplicate,2,False,0.5,4
535,0,0.4103,0.4633,0.2493,0.9987,0.0165,0.0171,0.0,0.2357,Non-Duplicate,2,False,0.5,4
536,0,0.5641,0.2831,0.153,0.2194,0.0167,0.0194,0.0,0.1788,Non-Duplicate,0,False,0.5,4
537,0,0.3667,0.3266,0.253,0.0162,0.0265,0.0298,0.0,0.1889,Non-Duplicate,0,False,0.5,4
538,0,0.4615,0.2772,0.279,0.2284,0.0183,0.0177,0.0,0.1792,Non-Duplicate,0,False,0.5,4
539,0,0.5128,0.2806,0.6384,0.227,0.0262,0.0282,0.0,0.2255,Non-Duplicate,0,False,0.5,4
540,1,0.8837,0.9815,0.6858,1.0,0.9313,0.9649,0.0,0.9263,Hard,3,False,0.5,2
541,1,0.9268,1.0,1.0,1.0,0.9951,0.9965,0.0,0.9908,Easy,1,False,0.5,0
542,0,0.4545,0.4138,0.5621,0.7129,0.008,0.007,0.0,0.2499,Non-Duplicate,2,False,0.5,4
543,0,0.5128,0.2776,0.3703,0.2304,0.0222,0.0241,0.0,0.1958,Non-Duplicate,0,False,0.5,4
544,1,0.7692,1.0,1.0,1.0,0.9319,0.9318,0.0,0.9462,Medium,1,False,0.5,1
545,0,0.6111,0.3469,0.2854,0.2359,0.0267,0.0276,0.0,0.2233,Non-Duplicate,0,False,0.5,4
546,1,0.75,0.9688,1.0,1.0,0.9207,0.9944,0.0,0.9431,Medium,1,False,0.5,1
547,1,0.8936,1.0,0.6667,1.0,0.9756,0.9755,0.0,0.945,Medium,3,False,0.5,1
548,0,0.5366,0.4268,0.626,0.9916,0.0093,0.01,0.0,0.27,Non-Duplicate,2,False,0.5,4
549,0,0.5,0.4509,0.6297,0.7649,0.0253,0.0279,0.0,0.2827,Non-Duplicate,2,False,0.5,4
550,0,0.5128,0.3772,0.3922,0.3851,0.0246,0.0255,0.0,0.2338,Non-Duplicate,0,False,0.5,4
551,0,0.5128,0.3207,0.2726,0.2415,0.0164,0.0171,0.0,0.1983,Non-Duplicate,0,False,0.5,4
552,0,0.5,0.4186,0.3397,0.7737,0.0134,0.0127,0.0,0.2364,Non-Duplicate,2,False,0.5,4
553,1,0.8727,1.0,0.6667,1.0,0.9524,0.9541,0.0,0.9329,Medium,3,False,0.5,1
554,1,0.8837,1.0,0.2215,1.0,0.9639,0.9696,0.0,0.8954,Hard,3,False,0.5,2
555,1,0.7308,0.9623,1.0,1.0,0.9312,0.9895,0.0,0.9406,Medium,1,False,0.5,1
556,0,0.5128,0.3133,0.3297,0.2834,0.0194,0.02,0.0,0.2028,Non-Duplicate,0,False,0.5,4
557,1,0.9302,1.0,0.6667,1.0,1.0,1.0,0.0,0.9597,Easy,3,False,0.5,0
558,0,0.6111,0.3423,0.4301,0.2604,0.0159,0.0168,0.0,0.2313,Non-Duplicate,0,False,0.5,4
559,1,0.8837,0.9982,1.0,1.0,0.9904,0.9969,0.0,0.9847,Easy,1,False,0.5,0
560,1,0.7451,0.964,0.6027,1.0,0.9157,0.988,0.0,0.8987,Hard,3,False,0.5,2
561,1,0.7812,1.0,0.6667,1.0,0.9968,0.9999,0.0,0.944,Medium,3,False,0.5,1
562,0,0.4615,0.8958,0.3639,0.6243,0.4269,0.4483,0.0,0.5925,Non-Duplicate,2,False,0.5,4
563,0,0.5128,0.3296,0.2712,0.286,0.0216,0.0225,0.0,0.2037,Non-Duplicate,0,False,0.5,4
564,0,0.5556,0.4085,0.384,0.3762,0.0304,0.0308,0.0,0.2507,Non-Duplicate,0,False,0.5,4
565,1,0.8511,0.9692,0.6548,1.0,0.961,0.9709,0.0,0.9242,Hard,3,False,0.5,2
566,1,0.8444,1.0,0.6667,1.0,0.9793,0.9864,0.0,0.9432,Medium,3,False,0.5,1
567,0,0.4737,0.4367,0.2516,0.6998,0.0228,0.0287,0.0,0.2368,Non-Duplicate,2,False,0.5,4
568,1,0.8333,0.9934,1.0,1.0,0.9867,0.9985,0.0,0.9774,Easy,1,False,0.5,0
569,1,0.9057,1.0,0.6667,1.0,0.9717,0.9715,0.0,0.9444,Medium,3,False,0.5,1
570,1,0.7308,0.998,0.4333,1.0,0.9836,0.9988,0.0,0.9114,Hard,3,False,0.5,2
571,1,0.898,1.0,0.6215,1.0,0.9922,0.9983,0.0,0.9497,Medium,3,False,0.5,1
572,1,0.9268,0.983,1.0,1.0,0.964,0.9965,0.0,0.977,Easy,1,False,0.5,0
573,0,0.5263,0.4154,0.2466,0.5694,0.0187,0.018,0.0,0.2309,Non-Duplicate,2,False,0.5,4
574,0,0.3636,0.3521,0.3836,0.2866,0.0204,0.021,0.0,0.2073,Non-Duplicate,0,False,0.5,4
575,0,0.6111,0.3929,0.553,0.3539,0.0289,0.0314,0.0,0.2674,Non-Duplicate,0,False,0.5,4
576,1,0.9268,0.9954,0.6639,1.0,0.9731,0.9978,0.0,0.9503,Medium,3,False,0.5,1
577,0,0.5641,0.363,0.3676,0.3209,0.0303,0.0303,0.0,0.2339,Non-Duplicate,0,False,0.5,4
578,1,0.7407,1.0,0.6667,1.0,0.9501,0.9501,0.0,0.9183,Hard,3,False,0.5,2
579,0,0.4878,0.3804,0.3032,0.3164,0.0209,0.022,0.0,0.2219,Non-Duplicate,0,False,0.5,4
580,0,0.4186,0.4386,0.2502,0.8351,0.01,0.0086,0.0,0.2246,Non-Duplicate,2,False,0.5,4
581,1,0.8293,1.0,0.6667,1.0,0.9973,0.9996,0.0,0.9489,Medium,3,False,0.5,1
582,0,0.5641,0.3492,0.4132,0.3237,0.0243,0.0246,0.0,0.2309,Non-Duplicate,0,False,0.5,4
583,1,0.9302,1.0,0.6132,1.0,0.9197,0.9188,0.0,0.918,Hard,3,False,0.5,2
584,1,0.8444,1.0,0.4333,1.0,0.998,0.9999,0.0,0.9272,Hard,3,False,0.5,2
585,0,0.4737,0.4386,0.395,0.9016,0.0124,0.0108,0.0,0.2456,Non-Duplicate,2,False,0.5,4
586,1,0.8837,0.9891,0.9384,1.0,0.9457,0.9635,0.0,0.9575,Easy,1,False,0.5,0
587,0,0.5116,0.3788,0.1781,0.2867,0.0214,0.0209,0.0,0.2111,Non-Duplicate,0,False,0.5,4
588,0,0.4615,0.2763,0.3667,0.2157,0.0262,0.0285,0.0,0.1918,Non-Duplicate,0,False,0.5,4
589,1,0.8936,1.0,1.0,1.0,0.9514,0.9536,0.0,0.9679,Easy,1,False,0.5,0
590,0,0.5128,0.3439,0.1726,0.2937,0.0242,0.0217,0.0,0.1993,Non-Duplicate,0,False,0.5,4
591,1,0.7869,0.9731,0.6667,1.0,0.9309,0.9956,0.0,0.9178,Hard,3,False,0.5,2
592,0,0.95,0.6745,0.5416,0.7484,0.3579,0.3772,0.0,0.5502,Non-Duplicate,3,False,0.5,4
593,1,0.9057,1.0,0.8785,1.0,0.949,0.9489,0.0,0.9554,Easy,1,False,0.5,0
594,1,0.8846,1.0,1.0,1.0,0.8792,0.8909,0.0,0.9364,Medium,1,False,0.5,1
595,0,0.5128,0.3191,0.3945,0.2893,0.0216,0.0257,0.0,0.213,Non-Duplicate,0,False,0.5,4
596,1,0.76,0.9969,0.6461,1.0,0.9916,0.999,0.0,0.9372,Medium,3,False,0.5,1
597,0,0.4545,0.3926,0.553,0.8388,0.0046,0.0057,0.0,0.2404,Non-Duplicate,2,False,0.5,4
598,0,0.439,0.4431,0.3758,0.7324,0.0464,0.0485,0.0,0.2579,Non-Duplicate,2,False,0.5,4
599,1,0.8636,1.0,0.874,1.0,0.9431,0.9442,0.0,0.9484,Medium,1,False,0.5,1
600,0,0.4348,0.3403,0.3822,0.0165,0.0229,0.0277,0.0,0.2121,Non-Duplicate,0,False,0.5,4
601,0,0.4615,0.323,0.6005,0.2657,0.0278,0.03,0.0,0.2322,Non-Duplicate,0,False,0.5,4
602,0,0.5128,0.7313,0.2685,0.7596,0.2613,0.2849,0.0,0.4564,Non-Duplicate,2,False,0.5,4
603,1,0.8261,1.0,0.547,1.0,0.9656,0.9669,0.0,0.9221,Hard,3,False,0.5,2
604,1,0.7586,1.0,0.6667,1.0,1.0,1.0,0.0,0.9425,Medium,3,False,0.5,1
605,1,0.8837,1.0,0.4352,1.0,0.9702,0.9781,0.0,0.9201,Hard,3,False,0.5,2
606,0,0.4737,0.4643,0.4881,0.9076,0.0223,0.0205,0.0,0.2683,Non-Duplicate,2,False,0.5,4
607,1,0.8837,1.0,0.5995,1.0,0.9812,0.9801,0.0,0.9396,Medium,3,False,0.5,1
608,1,0.9048,1.0,0.6667,1.0,0.9882,0.9875,0.0,0.9517,Medium,3,False,0.5,1
609,1,0.8636,0.9856,0.6342,1.0,0.968,0.9954,0.0,0.9358,Medium,3,False,0.5,1
610,0,0.5641,0.2753,0.3196,0.2134,0.0146,0.0156,0.0,0.1915,Non-Duplicate,0,False,0.5,4
611,0,0.5641,0.2708,0.2708,0.208,0.0176,0.0156,0.0,0.1858,Non-Duplicate,0,False,0.5,4
612,1,0.8889,1.0,0.4333,1.0,1.0,1.0,0.0,0.9322,Medium,3,False,0.5,1
613,1,0.9691,0.999,1.0,1.0,1.0,1.0,0.0,0.9966,Easy,1,False,0.5,0
614,1,0.9268,1.0,0.4333,1.0,0.9783,0.9848,0.0,0.9275,Hard,3,False,0.5,2
615,0,0.4878,0.4086,0.3758,0.3763,0.0182,0.0191,0.0,0.2377,Non-Duplicate,0,False,0.5,4
616,0,0.4651,0.4144,0.3059,0.3681,0.0231,0.0241,0.0,0.2328,Non-Duplicate,0,False,0.5,4
617,1,0.9231,1.0,0.3648,1.0,0.9727,0.9932,0.0,0.9206,Hard,3,False,0.5,2
618,0,0.4186,0.4487,0.6164,0.9186,0.0199,0.0215,0.0,0.2698,Non-Duplicate,2,False,0.5,4
619,1,0.8444,1.0,0.8699,1.0,0.9936,0.9995,0.0,0.9697,Easy,1,False,0.5,0
620,0,0.5366,0.4551,0.2484,0.8274,0.0289,0.033,0.0,0.2516,Non-Duplicate,2,False,0.5,4
621,0,0.4151,0.1509,0.4242,0.0201,0.0227,0.0232,0.0,0.1471,Non-Duplicate,0,False,0.5,4
622,1,0.7451,0.9648,0.3553,1.0,0.9222,0.9644,0.0,0.8712,Hard,3,False,0.5,2
623,1,0.8889,1.0,0.6667,1.0,0.9264,0.9279,0.0,0.9227,Hard,3,False,0.5,2
624,1,0.7547,0.9949,0.6507,1.0,0.9704,0.9957,0.0,0.9305,Hard,3,False,0.5,2
625,1,0.8511,1.0,0.6667,1.0,0.9912,0.9981,0.0,0.9492,Medium,3,False,0.5,1
626,1,0.8889,1.0,0.7667,1.0,0.9746,0.9742,0.0,0.954,Medium,1,False,0.5,1
627,0,0.5128,0.2705,0.4393,0.2211,0.0166,0.0175,0.0,0.1975,Non-Duplicate,0,False,0.5,4
628,0,0.4651,0.303,0.3114,0.2422,0.0162,0.0168,0.0,0.1911,Non-Duplicate,0,False,0.5,4
629,0,0.4091,0.3554,0.3954,0.3059,0.0199,0.0205,0.0,0.2139,Non-Duplicate,0,False,0.5,4
630,0,0.3385,0.2278,0.5954,0.011,0.0286,0.0303,0.0,0.1863,Non-Duplicate,0,False,0.5,4
631,1,0.7869,0.9429,0.4333,1.0,0.844,0.9092,0.0,0.8449,Hard,3,False,0.5,2
632,0,0.619,0.2907,0.4091,0.2191,0.0234,0.0262,0.0,0.2156,Non-Duplicate,0,False,0.5,4
633,1,0.8889,1.0,0.5525,1.0,0.9677,0.967,0.0,0.9294,Hard,3,False,0.5,2
634,1,0.8511,1.0,0.4333,1.0,0.9747,0.9958,0.0,0.9213,Hard,3,False,0.5,2
635,0,0.6316,0.3689,0.3995,0.313,0.0237,0.0249,0.0,0.2432,Non-Duplicate,0,False,0.5,4
636,1,0.9048,0.9828,0.6667,1.0,0.9536,0.9731,0.0,0.9341,Medium,3,False,0.5,1
637,1,0.9388,1.0,1.0,1.0,0.9774,0.9801,0.0,0.9842,Easy,1,False,0.5,0
638,0,0.9,0.7084,0.2977,0.6944,0.4565,0.4855,0.0,0.579,Non-Duplicate,3,False,0.5,4
639,0,0.5128,0.3587,0.2717,0.2933,0.0136,0.014,0.0,0.2102,Non-Duplicate,0,False,0.5,4
640,1,0.7451,0.9668,1.0,1.0,0.9383,0.992,0.0,0.9459,Medium,1,False,0.5,1
641,1,0.8462,1.0,0.474,1.0,0.9722,0.9724,0.0,0.9195,Hard,3,False,0.5,2
642,1,0.9268,1.0,0.6667,1.0,0.9845,0.9883,0.0,0.9531,Medium,3,False,0.5,1
643,1,0.7347,1.0,1.0,1.0,0.9948,0.9993,0.0,0.972,Easy,1,False,0.5,0
644,1,0.8511,1.0,1.0,1.0,0.9628,0.9907,0.0,0.9739,Easy,1,False,0.5,0
645,1,0.8333,1.0,1.0,1.0,0.9036,0.9021,0.0,0.9396,Medium,1,False,0.5,1
646,1,0.7407,1.0,1.0,1.0,0.9877,0.9891,0.0,0.9688,Easy,1,False,0.5,0
647,1,0.7547,0.9949,0.7667,1.0,0.9843,0.9928,0.0,0.945,Medium,1,False,0.5,1
648,1,0.7812,1.0,0.8635,1.0,0.9564,0.9559,0.0,0.9448,Medium,1,False,0.5,1
649,0,0.3922,0.4184,0.3749,0.0467,0.0177,0.0177,0.0,0.2311,Non-Duplicate,0,False,0.5,4
650,1,0.8696,1.0,0.6242,1.0,0.9881,0.9975,0.0,0.9459,Medium,3,False,0.5,1
651,0,0.5128,0.3418,0.3329,0.2842,0.0244,0.027,0.0,0.2157,Non-Duplicate,0,False,0.5,4
652,1,0.9268,0.9866,0.6667,1.0,0.9885,0.9918,0.0,0.9501,Medium,3,False,0.5,1
653,0,0.4878,0.8059,0.3553,0.9172,0.3635,0.3667,0.0,0.5306,Non-Duplicate,2,False,0.5,4
654,0,0.3284,0.3563,0.2909,0.0161,0.0227,0.0299,0.0,0.1983,Non-Duplicate,0,False,0.5,4
655,1,0.8627,1.0,0.7667,1.0,0.9967,0.9998,0.0,0.9621,Easy,1,False,0.5,0
656,0,0.4615,0.3261,0.3863,0.2836,0.0196,0.0202,0.0,0.2079,Non-Duplicate,0,False,0.5,4
657,0,0.5128,0.3497,0.59,0.3204,0.0213,0.0203,0.0,0.242,Non-Duplicate,0,False,0.5,4
658,1,0.9268,1.0,0.6553,1.0,1.0,1.0,0.0,0.9582,Easy,3,False,0.5,0
659,1,0.8837,0.9866,0.7667,1.0,0.9795,0.9859,0.0,0.9524,Medium,1,False,0.5,1
660,1,0.75,1.0,0.61,1.0,0.9863,0.9947,0.0,0.9315,Hard,3,False,0.5,2
661,0,0.439,0.4149,0.4178,0.803,0.0078,0.0081,0.0,0.2345,Non-Duplicate,2,False,0.5,4
662,0,0.5641,0.3881,0.5968,0.3862,0.0253,0.025,0.0,0.2632,Non-Duplicate,0,False,0.5,4
663,1,0.8889,1.0,0.4333,1.0,0.9483,0.9671,0.0,0.9127,Hard,3,False,0.5,2
664,1,0.9495,0.9984,1.0,1.0,0.9998,1.0,0.0,0.9943,Easy,1,False,0.5,0
665,0,0.4082,0.3072,0.2151,0.0128,0.0211,0.0251,0.0,0.1801,Non-Duplicate,0,False,0.5,4
666,1,0.8837,1.0,0.9196,1.0,0.9932,0.9995,0.0,0.9785,Easy,1,False,0.5,0
667,0,0.5128,0.2712,0.3507,0.2213,0.016,0.0193,0.0,0.1892,Non-Duplicate,0,False,0.5,4
668,1,0.8814,0.9934,0.6667,1.0,0.9996,0.9996,0.0,0.9523,Medium,3,False,0.5,1
669,0,0.4,0.4324,0.3584,0.0583,0.0262,0.0506,0.0,0.2438,Non-Duplicate,0,False,0.5,4
670,1,0.8261,1.0,1.0,1.0,0.972,0.9726,0.0,0.9701,Easy,1,False,0.5,0
671,1,0.7083,1.0,0.6667,1.0,0.9723,0.9976,0.0,0.9301,Hard,3,False,0.5,2
672,1,0.9048,0.9981,1.0,1.0,0.9979,0.9998,0.0,0.9893,Easy,1,False,0.5,0
673,1,0.76,0.9949,0.6667,1.0,0.984,0.9981,0.0,0.9365,Medium,3,False,0.5,1
674,1,0.9367,1.0,0.6667,1.0,0.9996,1.0,0.0,0.9602,Easy,3,False,0.5,0
675,1,0.75,0.9438,1.0,1.0,0.8513,0.8875,0.0,0.8956,Hard,1,False,0.5,2
676,0,0.5455,0.4418,0.663,0.788,0.0094,0.0119,0.0,0.2802,Non-Duplicate,2,False,0.5,4
677,0,0.4878,0.4127,0.6447,0.7929,0.0132,0.0158,0.0,0.2642,Non-Duplicate,2,False,0.5,4
678,0,0.3284,0.2291,0.3603,0.0116,0.0387,0.0372,0.0,0.1662,Non-Duplicate,0,False,0.5,4
679,1,0.8511,0.9586,0.4333,1.0,0.9038,0.9176,0.0,0.8734,Hard,3,False,0.5,2
680,1,0.7308,0.9988,0.4169,1.0,0.9904,0.9991,0.0,0.9118,Hard,3,False,0.5,2
681,1,0.8511,1.0,1.0,1.0,0.9758,0.9779,0.0,0.9746,Easy,1,False,0.5,0
682,0,0.4167,0.2703,0.4137,0.0119,0.0286,0.026,0.0,0.19,Non-Duplicate,0,False,0.5,4
683,0,0.5714,0.3566,0.6361,0.298,0.0228,0.0241,0.0,0.2561,Non-Duplicate,0,False,0.5,4
684,1,0.878,1.0,0.2717,1.0,1.0,1.0,0.0,0.915,Hard,3,False,0.5,2
685,1,0.7547,1.0,0.6667,1.0,0.9892,0.9905,0.0,0.9375,Medium,3,False,0.5,1
686,1,0.8444,0.998,0.6224,1.0,0.9429,0.9492,0.0,0.9215,Hard,3,False,0.5,2
687,1,0.8837,1.0,0.6667,1.0,0.9811,0.9941,0.0,0.9491,Medium,3,False,0.5,1
688,1,0.8333,1.0,0.726,1.0,0.934,0.9326,0.0,0.9259,Hard,3,False,0.5,2
689,1,0.9091,1.0,1.0,1.0,0.8819,0.8831,0.0,0.938,Medium,1,False,0.5,1
690,1,0.9268,1.0,0.6667,1.0,0.9893,0.9955,0.0,0.9558,Easy,3,False,0.5,0
691,1,0.8889,1.0,0.4201,1.0,0.9615,0.9634,0.0,0.914,Hard,3,False,0.5,2
692,0,0.5714,0.2818,0.3073,0.2059,0.023,0.0242,0.0,0.1971,Non-Duplicate,0,False,0.5,4
693,1,0.9268,1.0,0.6667,1.0,0.9958,0.997,0.0,0.9577,Easy,3,False,0.5,0
694,1,0.8837,0.982,1.0,1.0,0.9915,0.9993,0.0,0.9798,Easy,1,False,0.5,0
695,1,0.9048,0.9791,0.7667,1.0,0.9266,0.9598,0.0,0.9334,Medium,1,False,0.5,1
696,0,0.4186,0.383,0.3306,0.3273,0.0184,0.019,0.0,0.2174,Non-Duplicate,0,False,0.5,4
697,1,0.9495,0.9839,0.6667,1.0,0.9955,0.9999,0.0,0.9548,Medium,3,False,0.5,1
698,0,0.4878,0.3979,0.2954,0.3529,0.0231,0.0234,0.0,0.2281,Non-Duplicate,0,False,0.5,4
699,1,0.7407,0.9932,1.0,1.0,0.9802,0.9969,0.0,0.9662,Easy,1,False,0.5,0
700,1,0.8837,0.9972,0.8525,1.0,0.9879,0.989,0.0,0.9674,Easy,1,False,0.5,0
701,1,0.7451,0.967,1.0,1.0,0.9459,0.9953,0.0,0.9485,Medium,1,False,0.5,1
702,1,0.7407,1.0,0.7667,1.0,1.0,1.0,0.0,0.9507,Medium,1,False,0.5,1
703,0,0.6316,0.3711,0.3804,0.3128,0.0213,0.023,0.0,0.241,Non-Duplicate,0,False,0.5,4
704,1,0.8837,0.9854,0.9516,1.0,0.9838,0.9872,0.0,0.9718,Easy,1,False,0.5,0
705,1,0.7308,0.9741,1.0,1.0,0.9583,0.995,0.0,0.9526,Medium,1,False,0.5,1
706,0,0.5128,0.2549,0.4151,0.1976,0.0208,0.0223,0.0,0.1917,Non-Duplicate,0,False,0.5,4
707,0,0.5714,0.429,0.242,0.4281,0.0248,0.0258,0.0,0.2428,Non-Duplicate,0,False,0.5,4
708,1,0.8936,1.0,0.6667,1.0,0.9673,0.9816,0.0,0.9442,Medium,3,False,0.5,1
709,0,0.5,0.3381,0.2105,0.2651,0.0233,0.023,0.0,0.1998,Non-Duplicate,0,False,0.5,4
710,0,0.4878,0.3627,0.2096,0.3135,0.0303,0.0325,0.0,0.2107,Non-Duplicate,0,False,0.5,4
711,0,0.4,0.4211,0.4347,0.0478,0.0186,0.0222,0.0,0.24,Non-Duplicate,0,False,0.5,4
712,0,0.6316,0.9216,0.1785,0.7919,0.4106,0.4217,0.0,0.5905,Non-Duplicate,2,False,0.5,4
713,1,0.7407,0.9931,1.0,1.0,0.9879,0.9969,0.0,0.968,Easy,1,False,0.5,0
714,1,0.7778,0.9948,1.0,1.0,0.9134,0.9934,0.0,0.953,Medium,1,False,0.5,1
715,0,0.4444,0.4286,0.332,0.0473,0.0241,0.0267,0.0,0.239,Non-Duplicate,0,False,0.5,4
716,1,0.8889,0.9858,0.6667,1.0,0.957,0.9657,0.0,0.933,Medium,3,False,0.5,1
717,1,0.7407,0.9961,0.721,1.0,0.9813,0.9987,0.0,0.9399,Medium,3,False,0.5,1
718,1,0.8444,1.0,0.5662,1.0,0.9836,0.9883,0.0,0.9346,Medium,3,False,0.5,1
719,0,0.4615,0.3762,0.5374,0.3245,0.0165,0.0158,0.0,0.2388,Non-Duplicate,0,False,0.5,4
720,1,0.7407,1.0,0.2781,1.0,0.9962,0.9998,0.0,0.9009,Hard,3,False,0.5,2
721,1,0.7692,0.9443,0.7667,1.0,0.8968,0.9336,0.0,0.895,Hard,1,False,0.5,2
722,0,0.7234,0.705,0.2799,0.9769,0.2857,0.3031,0.0,0.4791,Non-Duplicate,2,False,0.5,4
723,0,0.5789,0.4046,0.4895,0.3632,0.0229,0.0256,0.0,0.2593,Non-Duplicate,0,False,0.5,4
724,1,0.8936,1.0,0.4333,1.0,0.9533,0.9558,0.0,0.9122,Hard,3,False,0.5,2
725,0,0.3929,0.4102,0.6009,0.0488,0.0166,0.0203,0.0,0.2511,Non-Duplicate,0,False,0.5,4
726,0,0.4091,0.3239,0.5,0.0163,0.0446,0.0531,0.0,0.226,Non-Duplicate,0,False,0.5,4
727,1,0.76,0.9974,0.5735,1.0,0.9623,0.969,0.0,0.9168,Hard,3,False,0.5,2
728,1,0.9302,0.9908,0.6667,1.0,0.9345,0.9429,0.0,0.9287,Hard,3,False,0.5,2
729,1,0.7869,1.0,0.4333,1.0,0.9438,0.9423,0.0,0.8964,Hard,3,False,0.5,2
730,0,0.4186,0.4374,0.3151,0.8211,0.0263,0.0263,0.0,0.2383,Non-Duplicate,2,False,0.5,4
731,1,0.8837,1.0,0.9575,1.0,0.9809,0.9937,0.0,0.9781,Easy,1,False,0.5,0
732,0,0.5128,0.313,0.4151,0.2753,0.0187,0.0202,0.0,0.2111,Non-Duplicate,0,False,0.5,4
733,0,0.5,0.3154,0.2416,0.2067,0.0158,0.0166,0.0,0.1918,Non-Duplicate,0,False,0.5,4
734,1,0.9302,1.0,0.8466,1.0,1.0,1.0,0.0,0.9777,Easy,1,False,0.5,0
735,0,0.4651,0.3599,0.3954,0.3046,0.0176,0.0178,0.0,0.22,Non-Duplicate,0,False,0.5,4
736,1,0.8444,0.9929,0.4333,1.0,0.9798,0.9982,0.0,0.9199,Hard,3,False,0.5,2
737,0,0.5128,0.4358,0.5932,0.455,0.017,0.017,0.0,0.2708,Non-Duplicate,0,False,0.5,4
738,0,0.5128,0.4074,0.5539,0.3728,0.0244,0.0266,0.0,0.2607,Non-Duplicate,0,False,0.5,4
739,1,0.7797,0.9533,0.6785,1.0,0.8942,0.9941,0.0,0.9018,Hard,3,False,0.5,2
740,0,0.5128,0.3056,0.3443,0.2483,0.0162,0.0172,0.0,0.2002,Non-Duplicate,0,False,0.5,4
741,0,0.3478,0.2892,0.4178,0.0135,0.0192,0.0189,0.0,0.1864,Non-Duplicate,0,False,0.5,4
742,1,0.8889,1.0,0.7667,1.0,0.984,0.9984,0.0,0.9612,Easy,1,False,0.5,0
743,1,0.7547,1.0,0.2621,1.0,0.9914,0.9922,0.0,0.898,Hard,3,False,0.5,2
744,1,0.76,1.0,0.4333,1.0,0.9945,0.9997,0.0,0.9179,Hard,3,False,0.5,2
745,1,0.9302,1.0,0.4333,1.0,0.9841,0.9907,0.0,0.9305,Hard,3,False,0.5,2
746,0,0.5116,0.3569,0.3228,0.2894,0.0217,0.0227,0.0,0.2183,Non-Duplicate,0,False,0.5,4
747,0,0.5641,0.3524,0.3589,0.3361,0.0212,0.0229,0.0,0.2255,Non-Duplicate,0,False,0.5,4
748,0,0.5128,0.3858,0.516,0.3337,0.0188,0.0214,0.0,0.2469,Non-Duplicate,0,False,0.5,4
749,0,0.4545,0.4311,0.2598,0.988,0.0115,0.0126,0.0,0.2277,Non-Duplicate,2,False,0.5,4
750,0,0.4878,0.4315,0.321,0.4247,0.0204,0.0213,0.0,0.2412,Non-Duplicate,0,False,0.5,4
751,0,0.4762,0.3975,0.2594,0.6515,0.0196,0.0155,0.0,0.2207,Non-Duplicate,2,False,0.5,4
752,0,0.5405,0.3248,0.3055,0.2425,0.0218,0.0159,0.0,0.2069,Non-Duplicate,0,False,0.5,4
753,1,0.8261,1.0,0.6667,1.0,1.0,1.0,0.0,0.9493,Medium,3,False,0.5,1
754,0,0.4651,0.397,0.3365,0.3677,0.0199,0.0215,0.0,0.2284,Non-Duplicate,0,False,0.5,4
755,0,0.4286,0.6244,0.7014,0.9098,0.1883,0.1965,0.0,0.4179,Non-Duplicate,2,False,0.5,4
756,1,0.75,0.9794,0.5443,1.0,0.8727,0.8925,0.0,0.8689,Hard,3,False,0.5,2
757,0,0.386,0.453,0.3342,0.0457,0.0243,0.0281,0.0,0.2423,Non-Duplicate,0,False,0.5,4
758,1,0.9302,1.0,0.7667,1.0,0.9398,0.9443,0.0,0.9435,Medium,1,False,0.5,1
759,1,0.8444,1.0,0.4333,1.0,0.9929,0.9993,0.0,0.9259,Hard,3,False,0.5,2
760,0,0.4186,0.4453,0.3986,0.0468,0.0283,0.029,0.0,0.2505,Non-Duplicate,0,False,0.5,4
761,0,0.4651,0.4189,0.5274,0.0515,0.0215,0.022,0.0,0.2556,Non-Duplicate,0,False,0.5,4
762,1,0.8444,1.0,0.6658,1.0,0.99,0.9896,0.0,0.9464,Medium,3,False,0.5,1
763,1,0.7692,1.0,0.6667,1.0,1.0,1.0,0.0,0.9436,Medium,3,False,0.5,1
764,1,0.8571,1.0,0.6667,1.0,0.9464,0.9453,0.0,0.928,Hard,3,False,0.5,2
765,0,0.95,0.7022,0.4283,0.7933,0.4495,0.4617,0.0,0.5883,Non-Duplicate,3,False,0.5,4
766,0,0.6818,0.8257,0.2913,0.7542,0.3643,0.3777,0.0,0.5529,Non-Duplicate,2,False,0.5,4
767,1,0.7407,0.9724,0.6667,1.0,0.923,0.9373,0.0,0.8993,Hard,3,False,0.5,2
768,1,0.875,1.0,0.8858,1.0,0.9838,0.9905,0.0,0.9701,Easy,1,False,0.5,0
769,0,0.5128,0.3126,0.4251,0.2803,0.0264,0.0269,0.0,0.2152,Non-Duplicate,0,False,0.5,4
770,0,0.4,0.4184,0.4224,0.413,0.026,0.0289,0.0,0.241,Non-Duplicate,0,False,0.5,4
771,0,0.5,0.318,0.3731,0.2368,0.0193,0.0217,0.0,0.2078,Non-Duplicate,0,False,0.5,4
772,0,0.3662,0.3129,0.6187,0.0123,0.0201,0.0259,0.0,0.2182,Non-Duplicate,0,False,0.5,4
773,0,0.5405,0.3497,0.2064,0.282,0.0144,0.0148,0.0,0.2037,Non-Duplicate,0,False,0.5,4
774,1,0.7407,0.9774,1.0,1.0,0.94,0.9688,0.0,0.9449,Medium,1,False,0.5,1
775,0,0.5405,0.4451,0.4265,0.6988,0.0199,0.0206,0.0,0.2616,Non-Duplicate,2,False,0.5,4
776,1,0.7451,1.0,0.5671,1.0,0.994,0.9995,0.0,0.9296,Hard,3,False,0.5,2
777,1,0.8065,0.9883,0.6667,1.0,0.9831,0.9994,0.0,0.9389,Medium,3,False,0.5,1
778,1,0.7308,0.979,1.0,1.0,0.9561,0.9958,0.0,0.9539,Medium,1,False,0.5,1
779,1,0.76,0.9956,0.6667,1.0,0.9954,0.9996,0.0,0.9399,Medium,3,False,0.5,1
780,1,0.7407,0.9964,0.9105,1.0,0.9962,0.9992,0.0,0.9628,Easy,1,False,0.5,0
781,0,0.5128,0.3537,0.6187,0.2473,0.0217,0.0226,0.0,0.2469,Non-Duplicate,0,False,0.5,4
782,1,0.76,0.9799,0.5178,1.0,0.9363,0.9919,0.0,0.9032,Hard,3,False,0.5,2
783,0,0.5128,0.288,0.4342,0.2309,0.0192,0.0182,0.0,0.2039,Non-Duplicate,0,False,0.5,4
784,1,0.9318,0.9995,0.6667,1.0,0.9984,0.9991,0.0,0.9591,Easy,3,False,0.5,0
785,1,0.76,0.9766,0.632,1.0,0.9598,0.9945,0.0,0.9199,Hard,3,False,0.5,2
786,1,0.8421,0.9616,0.6667,1.0,0.9336,0.9635,0.0,0.9135,Hard,3,False,0.5,2
787,1,0.7451,0.9945,1.0,1.0,0.9639,0.9727,0.0,0.9581,Easy,1,False,0.5,0
788,0,0.55,0.3598,0.3922,0.3037,0.0338,0.0354,0.0,0.2357,Non-Duplicate,0,False,0.5,4
789,0,0.4878,0.4304,0.3858,0.4104,0.0198,0.0206,0.0,0.2471,Non-Duplicate,0,False,0.5,4
790,0,0.5128,0.3302,0.3813,0.2669,0.0214,0.023,0.0,0.2149,Non-Duplicate,0,False,0.5,4
791,1,0.8889,1.0,0.6667,1.0,0.959,0.9686,0.0,0.939,Medium,3,False,0.5,1
792,1,0.9268,1.0,0.7667,1.0,0.9396,0.9607,0.0,0.9464,Medium,1,False,0.5,1
793,0,0.5,0.4175,0.4037,0.8036,0.0099,0.0105,0.0,0.2411,Non-Duplicate,2,False,0.5,4
794,0,0.4545,0.4497,0.5548,0.9044,0.0207,0.0239,0.0,0.2683,Non-Duplicate,2,False,0.5,4
795,1,0.7308,0.9971,0.8712,1.0,0.9876,0.9991,0.0,0.9559,Easy,1,False,0.5,0
796,0,0.4186,0.4757,0.3854,0.8546,0.0214,0.0204,0.0,0.2563,Non-Duplicate,2,False,0.5,4
797,1,0.7636,0.9832,0.9621,1.0,0.9473,0.9823,0.0,0.9499,Medium,1,False,0.5,1
798,1,0.9434,1.0,1.0,1.0,0.9539,0.9854,0.0,0.9799,Easy,1,False,0.5,0
799,1,0.72,0.987,1.0,1.0,0.9847,0.9972,0.0,0.963,Easy,1,False,0.5,0
800,0,0.4681,0.3385,0.6603,0.0504,0.0271,0.0353,0.0,0.2452,Non-Duplicate,0,False,0.5,4
801,0,0.45,0.3773,0.5703,0.3332,0.019,0.0173,0.0,0.2423,Non-Duplicate,0,False,0.5,4
802,1,0.72,0.9972,1.0,1.0,0.9839,0.9952,0.0,0.966,Easy,1,False,0.5,0
803,1,0.8889,0.987,1.0,1.0,0.9444,0.994,0.0,0.9692,Easy,1,False,0.5,0
804,0,0.4615,0.3203,0.3128,0.2133,0.0231,0.0239,0.0,0.2001,Non-Duplicate,0,False,0.5,4
805,1,0.7692,1.0,0.626,1.0,0.9972,0.9999,0.0,0.9388,Medium,3,False,0.5,1
806,0,0.4651,0.3182,0.4174,0.2415,0.0202,0.0206,0.0,0.2088,Non-Duplicate,0,False,0.5,4
807,0,0.5128,0.2802,0.358,0.2297,0.0233,0.026,0.0,0.1962,Non-Duplicate,0,False,0.5,4
808,1,0.8936,0.9804,0.9671,1.0,0.9923,0.9965,0.0,0.9766,Easy,1,False,0.5,0
809,0,0.4545,0.4426,0.4201,0.8712,0.012,0.0124,0.0,0.2479,Non-Duplicate,2,False,0.5,4
810,1,0.9091,1.0,1.0,1.0,0.9572,0.9602,0.0,0.9722,Easy,1,False,0.5,0
811,1,0.8511,1.0,0.6667,1.0,0.9969,0.9995,0.0,0.9509,Medium,3,False,0.5,1
812,0,0.5128,0.4044,0.41,0.364,0.0237,0.0237,0.0,0.2445,Non-Duplicate,0,False,0.5,4
813,0,0.4091,0.4287,0.4749,0.4138,0.0296,0.0313,0.0,0.2521,Non-Duplicate,0,False,0.5,4
814,0,0.5116,0.3186,0.3466,0.2349,0.0159,0.0165,0.0,0.2046,Non-Duplicate,0,False,0.5,4
815,1,0.9268,0.9989,0.7667,1.0,0.9736,0.9779,0.0,0.9579,Easy,1,False,0.5,0
816,1,0.9388,1.0,0.5429,1.0,0.9596,0.9923,0.0,0.9365,Medium,3,False,0.5,1
817,1,0.8696,0.9934,0.6667,1.0,0.9127,0.9166,0.0,0.9128,Hard,3,False,0.5,2
818,1,0.7407,1.0,0.4333,1.0,0.9955,0.9997,0.0,0.9162,Hard,3,False,0.5,2
819,0,0.5128,0.3062,0.374,0.2678,0.0221,0.021,0.0,0.2056,Non-Duplicate,0,False,0.5,4
820,0,0.4878,0.4194,0.4493,0.3984,0.0199,0.0207,0.0,0.2496,Non-Duplicate,0,False,0.5,4
821,0,0.4651,0.3309,0.5123,0.2732,0.0168,0.0178,0.0,0.2213,Non-Duplicate,0,False,0.5,4
822,1,0.8261,0.9921,0.874,1.0,0.9739,0.9838,0.0,0.9575,Easy,1,False,0.5,0
823,0,0.4615,0.3509,0.3676,0.3053,0.0253,0.027,0.0,0.2175,Non-Duplicate,0,False,0.5,4
824,1,0.7391,0.9328,0.7667,1.0,0.8776,0.9221,0.0,0.8809,Hard,1,False,0.5,2
825,1,0.7308,0.9983,0.8205,1.0,0.9829,0.9865,0.0,0.9476,Medium,1,False,0.5,1
826,1,0.9268,1.0,0.7667,1.0,0.9917,0.9995,0.0,0.9672,Easy,1,False,0.5,0
827,1,0.8333,0.9974,0.3311,1.0,0.9974,0.9995,0.0,0.9148,Hard,3,False,0.5,2
828,0,0.4878,0.4024,0.4201,0.8686,0.0175,0.0146,0.0,0.2389,Non-Duplicate,2,False,0.5,4
829,1,0.7308,0.9942,1.0,1.0,0.987,0.9991,0.0,0.9676,Easy,1,False,0.5,0
830,0,0.4762,0.8089,0.3096,0.9479,0.3212,0.3406,0.0,0.5101,Non-Duplicate,2,False,0.5,4
831,1,0.8085,1.0,0.4333,1.0,1.0,1.0,0.0,0.9242,Hard,3,False,0.5,2
832,0,0.439,0.3501,0.5872,0.261,0.0152,0.0143,0.0,0.2318,Non-Duplicate,0,False,0.5,4
833,0,0.5366,0.426,0.3918,0.8901,0.015,0.0189,0.0,0.2495,Non-Duplicate,2,False,0.5,4
834,0,0.8947,0.8425,0.3288,0.9921,0.3944,0.4203,0.0,0.5999,Non-Duplicate,3,False,0.5,4
835,1,0.9302,1.0,0.6667,1.0,0.9308,0.9418,0.0,0.9307,Hard,3,False,0.5,2
836,0,0.9167,0.8999,0.2963,0.6,0.3107,0.3286,0.0,0.5796,Non-Duplicate,3,False,0.5,4
837,0,0.5128,0.2768,0.3228,0.211,0.018,0.019,0.0,0.1888,Non-Duplicate,0,False,0.5,4
838,1,0.7451,0.9627,0.7667,1.0,0.9214,0.96,0.0,0.9105,Hard,1,False,0.5,2
839,0,0.5641,0.3298,0.3918,0.2218,0.0206,0.021,0.0,0.2204,Non-Duplicate,0,False,0.5,4
840,1,0.8837,1.0,0.7667,1.0,0.9547,0.9666,0.0,0.9471,Medium,1,False,0.5,1
841,1,0.9302,1.0,0.5594,1.0,0.9972,0.9996,0.0,0.9482,Medium,3,False,0.5,1
842,0,0.4324,0.4611,0.61,0.875,0.0216,0.023,0.0,0.2756,Non-Duplicate,2,False,0.5,4
843,0,0.4615,0.35,0.4205,0.3321,0.0269,0.0278,0.0,0.223,Non-Duplicate,0,False,0.5,4
844,1,0.7308,0.9973,0.6667,1.0,0.9976,0.9998,0.0,0.9382,Medium,3,False,0.5,1
845,0,0.5405,0.4015,0.3132,0.3415,0.0191,0.0193,0.0,0.2346,Non-Duplicate,0,False,0.5,4
846,1,0.8727,1.0,0.8735,1.0,0.9782,0.9983,0.0,0.9688,Easy,1,False,0.5,0
847,1,0.9302,1.0,1.0,1.0,0.9728,0.9917,0.0,0.9846,Easy,1,False,0.5,0
848,0,0.5128,0.3769,0.4219,0.2884,0.0224,0.0243,0.0,0.2358,Non-Duplicate,0,False,0.5,4
849,1,0.7407,0.9945,1.0,1.0,0.9309,0.944,0.0,0.9437,Medium,1,False,0.5,1
850,1,0.72,0.9922,0.6667,1.0,0.9616,0.9947,0.0,0.9253,Hard,3,False,0.5,2
851,0,0.4762,0.9078,0.1813,0.668,0.3683,0.3856,0.0,0.5527,Non-Duplicate,2,False,0.5,4
852,1,0.8837,1.0,0.6667,1.0,0.9807,0.9871,0.0,0.9476,Medium,3,False,0.5,1
853,1,0.8627,0.9915,0.9096,1.0,0.986,0.999,0.0,0.9705,Easy,1,False,0.5,0
854,1,0.7308,0.9766,0.6667,1.0,0.9101,0.9186,0.0,0.8928,Hard,3,False,0.5,2
855,1,0.76,1.0,0.7667,1.0,0.997,0.9998,0.0,0.9519,Medium,1,False,0.5,1
856,0,0.4865,0.4219,0.6388,0.4017,0.019,0.0197,0.0,0.2689,Non-Duplicate,0,False,0.5,4
857,0,0.5116,0.3691,0.5945,0.3233,0.0137,0.0149,0.0,0.2462,Non-Duplicate,0,False,0.5,4
858,1,0.8889,0.9765,0.6667,1.0,0.9786,0.9787,0.0,0.9377,Medium,3,False,0.5,1
859,0,0.5128,0.3587,0.1489,0.3177,0.0259,0.0286,0.0,0.2039,Non-Duplicate,0,False,0.5,4
860,0,0.4651,0.3154,0.3662,0.2271,0.0193,0.0208,0.0,0.2025,Non-Duplicate,0,False,0.5,4
861,1,0.9268,1.0,0.6667,1.0,0.985,0.9935,0.0,0.9543,Medium,3,False,0.5,1
862,0,0.9,0.6833,0.2831,0.6742,0.4533,0.497,0.0,0.5702,Non-Duplicate,3,False,0.5,4
863,0,0.4762,0.4559,0.3726,0.9224,0.0223,0.0238,0.0,0.2548,Non-Duplicate,2,False,0.5,4
864,0,0.4615,0.3269,0.5352,0.2916,0.0192,0.0219,0.0,0.2233,Non-Duplicate,0,False,0.5,4
865,1,0.8632,0.9976,0.2406,1.0,0.9989,1.0,0.0,0.9092,Hard,3,False,0.5,2
866,0,0.5,0.4148,0.6046,0.7009,0.0122,0.0103,0.0,0.2608,Non-Duplicate,2,False,0.5,4
867,0,0.95,0.6264,0.3333,0.9415,0.217,0.221,0.0,0.4461,Non-Duplicate,2,False,0.5,4
868,1,0.7308,0.9668,0.6667,1.0,0.8785,0.9612,0.0,0.89,Hard,3,False,0.5,2
869,1,0.7407,0.9937,1.0,1.0,0.9661,0.9933,0.0,0.9621,Easy,1,False,0.5,0
870,0,0.5,0.4336,0.4904,0.4326,0.0257,0.0265,0.0,0.2626,Non-Duplicate,0,False,0.5,4
871,1,0.7451,0.9718,1.0,1.0,0.9446,0.9874,0.0,0.9483,Medium,1,False,0.5,1
872,0,0.4186,0.3004,0.6543,0.2379,0.0172,0.0177,0.0,0.2203,Non-Duplicate,0,False,0.5,4
873,0,0.4651,0.4041,0.4018,0.3629,0.0228,0.0242,0.0,0.2387,Non-Duplicate,0,False,0.5,4
874,1,0.7407,0.9862,1.0,1.0,0.866,0.9826,0.0,0.9322,Medium,1,False,0.5,1
875,0,0.5789,0.4021,0.3068,0.3737,0.0236,0.0256,0.0,0.2403,Non-Duplicate,0,False,0.5,4
876,1,0.8085,0.9956,0.2977,1.0,0.9781,0.9878,0.0,0.9011,Hard,3,False,0.5,2
877,0,0.6316,0.3951,0.3868,0.3493,0.0285,0.0313,0.0,0.2535,Non-Duplicate,0,False,0.5,4
878,1,0.7407,1.0,0.9872,1.0,0.9966,0.9998,0.0,0.9719,Easy,1,False,0.5,0
879,0,0.5128,0.3128,0.4059,0.2584,0.0264,0.0268,0.0,0.2133,Non-Duplicate,0,False,0.5,4
880,0,0.5641,0.313,0.337,0.2773,0.0177,0.0182,0.0,0.2077,Non-Duplicate,0,False,0.5,4
881,1,0.7308,1.0,0.6667,1.0,0.9882,0.9987,0.0,0.9365,Medium,3,False,0.5,1
882,1,0.8889,1.0,1.0,1.0,0.9671,0.9749,0.0,0.9756,Easy,1,False,0.5,0
883,1,0.76,0.9671,0.6667,1.0,0.9517,0.9917,0.0,0.9174,Hard,3,False,0.5,2
884,1,0.8372,1.0,0.6342,1.0,0.9591,0.9759,0.0,0.9321,Medium,3,False,0.5,1
885,1,0.8889,0.9788,0.6324,1.0,0.9787,0.978,0.0,0.935,Medium,3,False,0.5,1
886,1,0.8636,0.9982,0.6667,1.0,0.9902,0.9962,0.0,0.9492,Medium,3,False,0.5,1
887,1,0.8444,1.0,0.4333,1.0,0.9909,0.9928,0.0,0.9241,Hard,3,False,0.5,2
888,0,0.4651,0.3997,0.5352,0.3655,0.0246,0.0257,0.0,0.2512,Non-Duplicate,0,False,0.5,4
889,1,0.8889,1.0,0.4379,1.0,0.984,0.9905,0.0,0.9268,Hard,3,False,0.5,2
890,0,0.4651,0.388,0.253,0.3448,0.0188,0.0197,0.0,0.2162,Non-Duplicate,0,False,0.5,4
891,1,0.8889,0.9892,1.0,1.0,0.9869,0.9901,0.0,0.9798,Easy,1,False,0.5,0
892,1,0.8889,1.0,1.0,1.0,0.9735,0.9747,0.0,0.9772,Easy,1,False,0.5,0
893,0,0.5128,0.4162,0.6274,0.3802,0.0227,0.0225,0.0,0.2699,Non-Duplicate,0,False,0.5,4
894,0,0.5128,0.416,0.3932,0.4024,0.0205,0.0209,0.0,0.2455,Non-Duplicate,0,False,0.5,4
895,0,0.4878,0.4468,0.6461,0.7581,0.0084,0.0084,0.0,0.2736,Non-Duplicate,2,False,0.5,4
896,0,0.5128,0.2871,0.4201,0.2263,0.0233,0.0239,0.0,0.2044,Non-Duplicate,0,False,0.5,4
897,0,0.4103,0.4467,0.2219,0.9558,0.0255,0.0258,0.0,0.2311,Non-Duplicate,2,False,0.5,4
898,1,0.8261,1.0,1.0,1.0,0.991,0.9991,0.0,0.9802,Easy,1,False,0.5,0
899,0,0.45,0.4217,0.216,0.4021,0.0289,0.0309,0.0,0.2276,Non-Duplicate,0,False,0.5,4
900,0,0.5128,0.3298,0.3959,0.2822,0.0337,0.0348,0.0,0.2217,Non-Duplicate,0,False,0.5,4
901,1,0.7451,0.9611,0.6667,1.0,0.9357,0.9937,0.0,0.9102,Hard,3,False,0.5,2
902,1,0.8261,1.0,0.4333,1.0,0.9658,0.9657,0.0,0.9105,Hard,3,False,0.5,2
903,0,0.4762,0.4111,0.6347,0.9205,0.0048,0.0057,0.0,0.2573,Non-Duplicate,2,False,0.5,4
904,0,0.3333,0.2756,0.3936,0.0131,0.0214,0.0244,0.0,0.1794,Non-Duplicate,0,False,0.5,4
905,1,0.7667,0.9702,1.0,1.0,0.8868,0.9036,0.0,0.9187,Hard,1,False,0.5,2
906,1,0.9167,0.9879,0.7667,1.0,0.98,0.9987,0.0,0.9588,Easy,1,False,0.5,0
907,1,0.9231,1.0,0.6667,1.0,0.9694,0.9813,0.0,0.9476,Medium,3,False,0.5,1
908,1,0.8837,1.0,0.6667,1.0,0.9949,0.9969,0.0,0.9532,Medium,3,False,0.5,1
909,1,0.8727,1.0,0.6667,1.0,0.9807,0.9925,0.0,0.9476,Medium,3,False,0.5,1
910,0,0.4762,0.453,0.3721,0.7659,0.0149,0.0162,0.0,0.2503,Non-Duplicate,2,False,0.5,4
911,0,0.4878,0.4242,0.4342,0.925,0.0192,0.0242,0.0,0.2503,Non-Duplicate,2,False,0.5,4
912,0,0.5128,0.3005,0.3927,0.2476,0.0268,0.03,0.0,0.2084,Non-Duplicate,0,False,0.5,4
913,1,0.7778,0.9976,0.7667,1.0,0.9841,0.9966,0.0,0.949,Medium,1,False,0.5,1
914,1,0.8571,0.9684,0.5384,1.0,0.9698,0.9865,0.0,0.9182,Hard,3,False,0.5,2
915,0,0.5128,0.3493,0.3548,0.3043,0.0211,0.0217,0.0,0.2186,Non-Duplicate,0,False,0.5,4
916,0,0.5128,0.3114,0.6228,0.2676,0.0199,0.0214,0.0,0.2318,Non-Duplicate,0,False,0.5,4
917,1,0.8889,1.0,1.0,1.0,1.0,1.0,0.0,0.9889,Easy,1,False,0.5,0
918,1,0.9231,0.9777,1.0,1.0,0.9011,0.925,0.0,0.9448,Medium,1,False,0.5,1
919,1,0.8889,1.0,0.3329,1.0,0.9771,0.9807,0.0,0.9126,Hard,3,False,0.5,2
920,0,0.8421,0.8431,0.1845,0.9158,0.3819,0.4037,0.0,0.5739,Non-Duplicate,3,False,0.5,4
921,1,0.7308,0.967,0.6667,1.0,0.92,0.9584,0.0,0.8999,Hard,3,False,0.5,2
922,0,0.4,0.4198,0.1525,0.3993,0.0187,0.0187,0.0,0.2106,Non-Duplicate,0,False,0.5,4
923,1,0.7692,0.9734,0.6594,1.0,0.9191,0.9935,0.0,0.912,Hard,3,False,0.5,2
924,0,0.4231,0.2014,0.5516,0.0165,0.0446,0.0438,0.0,0.1879,Non-Duplicate,0,False,0.5,4
925,0,0.5641,0.376,0.6041,0.3904,0.0175,0.0185,0.0,0.2565,Non-Duplicate,0,False,0.5,4
926,1,0.84,1.0,1.0,1.0,0.9504,0.953,0.0,0.9622,Easy,1,False,0.5,0
927,0,0.5641,0.3197,0.7466,0.2827,0.0259,0.026,0.0,0.2547,Non-Duplicate,0,False,0.5,4
928,1,0.9268,1.0,0.9434,1.0,0.9752,0.9753,0.0,0.9759,Easy,1,False,0.5,0
929,0,0.4545,0.4434,0.2224,0.8006,0.0166,0.0167,0.0,0.2304,Non-Duplicate,2,False,0.5,4
930,0,0.4615,0.906,0.2689,0.7006,0.328,0.3378,0.0,0.5397,Non-Duplicate,2,False,0.5,4
931,1,0.9048,1.0,0.5735,1.0,0.9824,0.9847,0.0,0.9404,Medium,3,False,0.5,1
932,0,0.5641,0.3135,0.3598,0.2808,0.0152,0.0169,0.0,0.2093,Non-Duplicate,0,False,0.5,4
933,1,0.7742,1.0,0.6667,1.0,0.9434,0.9449,0.0,0.9189,Hard,3,False,0.5,2
934,1,0.8235,1.0,0.6667,1.0,0.9917,0.9995,0.0,0.9468,Medium,3,False,0.5,1
935,1,0.7692,0.947,0.6808,1.0,0.9199,0.9311,0.0,0.8926,Hard,3,False,0.5,2
936,1,0.7451,0.963,0.6667,1.0,0.9252,0.9636,0.0,0.9023,Hard,3,False,0.5,2
937,0,0.5128,0.2681,0.6329,0.2083,0.0154,0.016,0.0,0.2155,Non-Duplicate,0,False,0.5,4
938,1,0.8846,1.0,0.6438,1.0,1.0,1.0,0.0,0.9528,Medium,3,False,0.5,1
939,1,0.7636,1.0,1.0,1.0,0.9845,0.9969,0.0,0.9719,Easy,1,False,0.5,0
940,0,0.5128,0.3473,0.3886,0.2571,0.0158,0.0164,0.0,0.2189,Non-Duplicate,0,False,0.5,4
941,0,0.4545,0.3963,0.3064,0.3688,0.0189,0.02,0.0,0.2235,Non-Duplicate,0,False,0.5,4
942,0,0.5128,0.3691,0.3904,0.3542,0.0233,0.0233,0.0,0.23,Non-Duplicate,0,False,0.5,4
943,1,0.9268,0.974,0.7667,1.0,0.9507,0.9745,0.0,0.9428,Medium,1,False,0.5,1
944,1,0.8478,1.0,0.6667,1.0,0.9961,0.9987,0.0,0.9502,Medium,3,False,0.5,1
945,1,0.8837,1.0,0.6073,1.0,0.9881,0.988,0.0,0.9437,Medium,3,False,0.5,1
946,1,0.8718,1.0,0.9858,1.0,0.9553,0.9545,0.0,0.9655,Easy,1,False,0.5,0
947,1,0.8727,0.9992,1.0,1.0,0.9997,0.9996,0.0,0.9868,Easy,1,False,0.5,0
948,0,0.5128,0.3129,0.6082,0.2678,0.0189,0.0201,0.0,0.2303,Non-Duplicate,0,False,0.5,4
949,0,0.9,0.6749,0.5731,0.6933,0.4264,0.4748,0.0,0.5851,Non-Duplicate,3,False,0.5,4
950,0,0.5714,0.3559,0.4521,0.2957,0.0225,0.0248,0.0,0.2375,Non-Duplicate,0,False,0.5,4
951,0,0.7556,0.5684,0.3575,0.8969,0.1168,0.114,0.0,0.3622,Non-Duplicate,2,False,0.5,4
952,0,0.5128,0.3928,0.2562,0.355,0.0195,0.0207,0.0,0.2234,Non-Duplicate,0,False,0.5,4
953,1,0.8444,1.0,0.4333,1.0,0.9941,0.9955,0.0,0.9254,Hard,3,False,0.5,2
954,0,0.5714,0.3042,0.6361,0.2357,0.0151,0.0178,0.0,0.2346,Non-Duplicate,0,False,0.5,4
955,0,0.5238,0.4595,0.2142,0.9103,0.0223,0.0237,0.0,0.245,Non-Duplicate,2,False,0.5,4
956,1,0.9057,1.0,1.0,1.0,0.9503,0.9713,0.0,0.9724,Easy,1,False,0.5,0
957,0,0.3478,0.3115,0.3475,0.0127,0.0142,0.013,0.0,0.1847,Non-Duplicate,0,False,0.5,4
958,0,0.4878,0.4476,0.2918,0.8761,0.0151,0.0147,0.0,0.2413,Non-Duplicate,2,False,0.5,4
959,1,0.8511,1.0,0.7667,1.0,0.9713,0.971,0.0,0.9488,Medium,1,False,0.5,1
960,0,0.4615,0.3351,0.611,0.2877,0.0192,0.0212,0.0,0.2336,Non-Duplicate,0,False,0.5,4
961,1,0.9231,1.0,1.0,1.0,0.9505,0.9537,0.0,0.9707,Easy,1,False,0.5,0
962,0,0.44,0.3839,0.3954,0.0203,0.0499,0.0616,0.0,0.2427,Non-Duplicate,0,False,0.5,4
963,0,0.5,0.4052,0.2082,0.9449,0.0053,0.0074,0.0,0.2154,Non-Duplicate,2,False,0.5,4
964,1,0.8727,1.0,1.0,1.0,0.9643,0.9671,0.0,0.9718,Easy,1,False,0.5,0
965,0,0.5128,0.3601,0.3836,0.3796,0.0239,0.0227,0.0,0.2262,Non-Duplicate,0,False,0.5,4
966,0,0.5366,0.4028,0.1744,0.3489,0.0231,0.025,0.0,0.2229,Non-Duplicate,0,False,0.5,4
967,0,0.95,0.636,0.3954,0.797,0.2234,0.2257,0.0,0.4581,Non-Duplicate,2,False,0.5,4
968,0,0.5128,0.359,0.1968,0.3293,0.0228,0.0245,0.0,0.2072,Non-Duplicate,0,False,0.5,4
969,1,0.8889,0.9739,0.7667,1.0,0.9738,0.9728,0.0,0.9444,Medium,1,False,0.5,1
970,1,0.9268,0.9924,1.0,1.0,0.9772,0.9834,0.0,0.981,Easy,1,False,0.5,0
971,1,0.7451,0.9956,0.6667,1.0,0.9641,0.9684,0.0,0.9243,Hard,3,False,0.5,2
972,1,0.8837,0.9821,0.9178,1.0,0.9698,0.9833,0.0,0.963,Easy,1,False,0.5,0
973,0,0.4878,0.4151,0.4196,0.4001,0.0176,0.0175,0.0,0.2439,Non-Duplicate,0,False,0.5,4
974,1,0.8772,1.0,0.4333,1.0,0.9484,0.9583,0.0,0.9098,Hard,3,False,0.5,2
975,0,0.439,0.4685,0.3434,0.9241,0.0269,0.0292,0.0,0.2548,Non-Duplicate,2,False,0.5,4
976,1,0.8837,1.0,0.9,1.0,0.995,0.9992,0.0,0.977,Easy,1,False,0.5,0
977,0,0.5641,0.2895,0.2041,0.2495,0.0173,0.0187,0.0,0.1862,Non-Duplicate,0,False,0.5,4
978,1,0.8936,1.0,0.4333,1.0,0.9716,0.997,0.0,0.925,Hard,3,False,0.5,2
979,0,0.95,0.7127,0.3068,0.9612,0.4062,0.4309,0.0,0.5628,Non-Duplicate,3,False,0.5,4
980,1,0.8511,1.0,0.7667,1.0,0.96,0.9626,0.0,0.9443,Medium,1,False,0.5,1
981,0,0.3793,0.3027,0.1781,0.0165,0.0485,0.0555,0.0,0.1849,Non-Duplicate,0,False,0.5,4
982,1,0.7547,0.9966,0.5584,1.0,0.975,0.9977,0.0,0.9234,Hard,3,False,0.5,2
983,1,0.9268,0.9974,1.0,1.0,0.9942,0.9995,0.0,0.9902,Easy,1,False,0.5,0
984,0,0.5405,0.4128,0.4292,0.3916,0.0215,0.0223,0.0,0.2513,Non-Duplicate,0,False,0.5,4
985,1,0.8837,0.982,0.4333,1.0,0.9546,0.9667,0.0,0.9074,Hard,3,False,0.5,2
986,0,0.4651,0.3645,0.5575,0.3027,0.0165,0.0167,0.0,0.2373,Non-Duplicate,0,False,0.5,4
987,1,0.8718,1.0,0.6667,1.0,0.9674,0.9719,0.0,0.9401,Medium,3,False,0.5,1
988,1,0.7308,0.997,0.6667,1.0,0.9739,0.9751,0.0,0.9272,Hard,3,False,0.5,2
989,0,0.95,0.7116,0.2379,0.7791,0.4004,0.4125,0.0,0.5505,Non-Duplicate,3,False,0.5,4
990,0,0.4082,0.2066,0.2498,0.0128,0.039,0.0398,0.0,0.1558,Non-Duplicate,0,False,0.5,4
991,0,0.5714,0.3862,0.242,0.348,0.0184,0.0203,0.0,0.2252,Non-Duplicate,0,False,0.5,4
992,0,0.95,0.6424,0.4219,0.9347,0.2476,0.2505,0.0,0.474,Non-Duplicate,2,False,0.5,4
993,0,0.4186,0.3871,0.2283,0.3393,0.0187,0.0193,0.0,0.2087,Non-Duplicate,0,False,0.5,4
994,1,0.9302,1.0,1.0,1.0,0.9895,0.9906,0.0,0.9885,Easy,1,False,0.5,0
995,0,0.6111,0.4428,0.3406,0.453,0.0304,0.0314,0.0,0.2641,Non-Duplicate,0,False,0.5,4
996,0,0.439,0.4438,0.5977,0.6459,0.0348,0.0335,0.0,0.2744,Non-Duplicate,2,False,0.5,4
997,1,0.8727,1.0,0.3178,1.0,0.9721,0.9958,0.0,0.9112,Hard,3,False,0.5,2
998,0,0.5128,0.3386,0.3945,0.2977,0.0345,0.036,0.0,0.2251,Non-Duplicate,0,False,0.5,4
999,1,0.7451,0.9985,0.6667,1.0,0.9919,0.9995,0.0,0.9385,Medium,3,False,0.5,1
1000,0,0.5,0.4345,0.2936,0.4343,0.0263,0.028,0.0,0.2436,Non-Duplicate,0,False,0.5,4
1001,0,0.4348,0.2738,0.337,0.0127,0.0337,0.0363,0.0,0.1887,Non-Duplicate,0,False,0.5,4
1002,1,0.7451,0.9812,0.7667,1.0,0.9389,0.9599,0.0,0.9213,Hard,1,False,0.5,2
1003,0,0.4762,0.4648,0.5954,0.9094,0.0223,0.0248,0.0,0.2804,Non-Duplicate,2,False,0.5,4
1004,1,0.8837,1.0,1.0,1.0,0.9806,0.9865,0.0,0.9808,Easy,1,False,0.5,0
1005,1,0.84,0.9916,0.9224,1.0,0.9828,0.9988,0.0,0.9688,Easy,1,False,0.5,0
1006,0,0.5128,0.3404,0.1941,0.3167,0.0286,0.031,0.0,0.2032,Non-Duplicate,0,False,0.5,4
1007,0,0.3556,0.3695,0.342,0.0193,0.0388,0.0552,0.0,0.2198,Non-Duplicate,0,False,0.5,4
1008,0,0.5641,0.3709,0.2831,0.3286,0.0182,0.018,0.0,0.2227,Non-Duplicate,0,False,0.5,4
1009,0,0.4231,0.3205,0.6402,0.0177,0.0451,0.045,0.0,0.2388,Non-Duplicate,0,False,0.5,4
1010,0,0.5128,0.3229,0.3589,0.2645,0.0247,0.0265,0.0,0.2117,Non-Duplicate,0,False,0.5,4
1011,0,0.4091,0.439,0.4822,0.9303,0.0145,0.0168,0.0,0.2498,Non-Duplicate,2,False,0.5,4
1012,0,0.5714,0.391,0.2813,0.3522,0.0218,0.0213,0.0,0.2318,Non-Duplicate,0,False,0.5,4
1013,0,0.4255,0.0811,0.4868,0.0126,0.0309,0.03,0.0,0.1333,Non-Duplicate,0,False,0.5,4
1014,0,0.4545,0.3771,0.3055,0.5942,0.0055,0.0054,0.0,0.2104,Non-Duplicate,2,False,0.5,4
1015,0,0.5714,0.3118,0.358,0.2387,0.0165,0.0182,0.0,0.2098,Non-Duplicate,0,False,0.5,4
1016,0,0.5128,0.3145,0.5114,0.2701,0.0159,0.0155,0.0,0.2196,Non-Duplicate,0,False,0.5,4
1017,0,0.439,0.4505,0.3667,0.7245,0.0217,0.023,0.0,0.2483,Non-Duplicate,2,False,0.5,4
1018,1,0.8333,0.9945,0.5228,1.0,0.9306,0.9396,0.0,0.9043,Hard,3,False,0.5,2
1019,1,0.918,0.9968,1.0,1.0,0.9997,0.9999,0.0,0.9906,Easy,1,False,0.5,0
1020,1,0.9268,1.0,1.0,1.0,0.974,0.9846,0.0,0.9831,Easy,1,False,0.5,0
1021,1,0.8571,1.0,0.4333,1.0,0.9002,0.9125,0.0,0.8866,Hard,3,False,0.5,2
1022,0,0.4865,0.4199,0.4269,0.8366,0.018,0.018,0.0,0.2464,Non-Duplicate,2,False,0.5,4
1023,0,0.4091,0.4578,0.4274,0.811,0.0219,0.0232,0.0,0.254,Non-Duplicate,2,False,0.5,4
1024,1,0.8621,0.9964,0.6667,1.0,0.9882,0.9994,0.0,0.9485,Medium,3,False,0.5,1
1025,0,0.439,0.4318,0.4078,0.7046,0.0158,0.0162,0.0,0.243,Non-Duplicate,2,False,0.5,4
1026,0,0.5641,0.3673,0.4192,0.3857,0.0225,0.0279,0.0,0.2381,Non-Duplicate,0,False,0.5,4
1027,1,0.7308,0.97,0.8306,1.0,0.9115,0.9922,0.0,0.9219,Hard,1,False,0.5,2
1028,0,0.4651,0.3504,0.3,0.2868,0.0267,0.0292,0.0,0.2117,Non-Duplicate,0,False,0.5,4
1029,1,0.7547,0.9872,0.4333,1.0,0.9308,0.9302,0.0,0.883,Hard,3,False,0.5,2
1030,1,0.8837,1.0,0.4333,1.0,0.9941,0.999,0.0,0.93,Hard,3,False,0.5,2
1031,1,0.7667,1.0,0.916,1.0,1.0,1.0,0.0,0.9683,Easy,1,False,0.5,0
1032,0,0.449,0.328,0.4215,0.0156,0.0331,0.0397,0.0,0.2181,Non-Duplicate,0,False,0.5,4
1033,1,0.9302,1.0,1.0,1.0,0.992,0.999,0.0,0.9908,Easy,1,False,0.5,0
1034,0,0.5714,0.4277,0.1694,0.4294,0.024,0.0258,0.0,0.2349,Non-Duplicate,0,False,0.5,4
1035,0,0.5128,0.3378,0.3708,0.2924,0.0212,0.0218,0.0,0.2162,Non-Duplicate,0,False,0.5,4
1036,1,0.8696,1.0,0.6667,1.0,0.9151,0.9119,0.0,0.9148,Hard,3,False,0.5,2
1037,0,0.5128,0.3175,0.3612,0.2675,0.0262,0.0278,0.0,0.2106,Non-Duplicate,0,False,0.5,4
1038,0,0.45,0.4006,0.6233,0.3611,0.0277,0.0333,0.0,0.2611,Non-Duplicate,0,False,0.5,4
1039,1,0.7692,0.9938,0.6603,1.0,0.9858,0.9981,0.0,0.9369,Medium,3,False,0.5,1
1040,1,0.8696,1.0,0.9826,1.0,0.9783,0.9778,0.0,0.9754,Easy,1,False,0.5,0
1041,1,0.8679,1.0,0.4333,1.0,0.8964,0.9183,0.0,0.8879,Hard,3,False,0.5,2
1042,0,0.4878,0.4531,0.3059,0.9038,0.021,0.0245,0.0,0.2481,Non-Duplicate,2,False,0.5,4
1043,1,0.9268,1.0,0.5813,1.0,0.9963,0.9995,0.0,0.9498,Medium,3,False,0.5,1
1044,1,0.9495,0.9969,0.6667,1.0,0.9993,0.9996,0.0,0.9603,Easy,3,False,0.5,0
1045,0,0.439,0.3846,0.1913,0.3385,0.0173,0.0162,0.0,0.2052,Non-Duplicate,0,False,0.5,4
1046,0,0.5116,0.393,0.6466,0.3392,0.0202,0.0214,0.0,0.2627,Non-Duplicate,0,False,0.5,4
1047,1,0.8444,1.0,0.7667,1.0,0.984,0.9866,0.0,0.9544,Medium,1,False,0.5,1
1048,1,0.9048,1.0,0.3648,1.0,1.0,1.0,0.0,0.927,Hard,3,False,0.5,2
1049,0,0.4878,0.4391,0.2854,0.9012,0.0154,0.0202,0.0,0.2389,Non-Duplicate,2,False,0.5,4
1050,0,0.4186,0.4272,0.663,0.8849,0.0254,0.0323,0.0,0.2705,Non-Duplicate,2,False,0.5,4
1051,0,0.4615,0.906,0.3626,0.8483,0.3441,0.353,0.0,0.5562,Non-Duplicate,2,False,0.5,4
1052,0,0.5128,0.3134,0.5306,0.2718,0.0207,0.0218,0.0,0.2236,Non-Duplicate,0,False,0.5,4
1053,1,0.7347,0.9826,0.6667,1.0,0.9532,0.9958,0.0,0.9215,Hard,3,False,0.5,2
1054,0,0.5116,0.3082,0.5918,0.2419,0.0273,0.0292,0.0,0.2309,Non-Duplicate,0,False,0.5,4
1055,0,0.5128,0.2794,0.4215,0.217,0.018,0.0181,0.0,0.1993,Non-Duplicate,0,False,0.5,4
1056,1,0.8444,1.0,0.8735,1.0,0.9742,0.9825,0.0,0.9618,Easy,1,False,0.5,0
1057,0,0.5128,0.3416,0.3123,0.2687,0.016,0.016,0.0,0.2093,Non-Duplicate,0,False,0.5,4
1058,0,0.5,0.4172,0.4018,0.4068,0.0224,0.0217,0.0,0.2462,Non-Duplicate,0,False,0.5,4
1059,1,0.8511,1.0,0.7667,1.0,0.9798,0.985,0.0,0.9537,Medium,1,False,0.5,1
1060,1,0.7547,0.9363,0.8831,1.0,0.7385,0.8339,0.0,0.8429,Hard,1,False,0.5,2
1061,0,0.5,0.342,0.3877,0.2613,0.0464,0.0492,0.0,0.2299,Non-Duplicate,0,False,0.5,4
1062,1,0.8511,1.0,1.0,1.0,0.9603,0.9864,0.0,0.9725,Easy,1,False,0.5,0
1063,1,0.9302,1.0,0.7667,1.0,0.9908,0.9947,0.0,0.9663,Easy,1,False,0.5,0
1064,1,0.8163,0.9921,1.0,1.0,0.9649,0.9773,0.0,0.9656,Easy,1,False,0.5,0
1065,0,0.9,0.6441,0.1909,0.7039,0.3441,0.3646,0.0,0.4935,Non-Duplicate,2,False,0.5,4
1066,0,0.5128,0.2764,0.2425,0.2288,0.0131,0.0149,0.0,0.1785,Non-Duplicate,0,False,0.5,4
1067,0,0.5641,0.351,0.4196,0.3451,0.0214,0.0253,0.0,0.2316,Non-Duplicate,0,False,0.5,4
1068,0,0.5128,0.3325,0.5151,0.2877,0.0211,0.0216,0.0,0.2288,Non-Duplicate,0,False,0.5,4
1069,0,0.439,0.3906,0.4826,0.6063,0.0051,0.0077,0.0,0.2317,Non-Duplicate,2,False,0.5,4
1070,1,0.76,0.9606,0.6032,1.0,0.9131,0.9627,0.0,0.8933,Hard,3,False,0.5,2
1071,1,0.8837,1.0,0.5977,1.0,1.0,1.0,0.0,0.9481,Medium,3,False,0.5,1
1072,1,0.7407,0.9392,0.4333,1.0,0.9069,0.933,0.0,0.8595,Hard,3,False,0.5,2
1073,1,0.8936,1.0,0.4333,1.0,0.9648,0.9655,0.0,0.917,Hard,3,False,0.5,2
1074,1,0.8511,1.0,0.4333,1.0,0.9815,0.9814,0.0,0.9201,Hard,3,False,0.5,2
1075,0,0.4615,0.2824,0.5854,0.2238,0.0137,0.0134,0.0,0.2097,Non-Duplicate,0,False,0.5,4
1076,0,0.5,0.4032,0.4105,0.8793,0.0065,0.0073,0.0,0.2353,Non-Duplicate,2,False,0.5,4
1077,0,0.4103,0.3751,0.4333,0.5701,0.0091,0.019,0.0,0.2217,Non-Duplicate,2,False,0.5,4
1078,0,0.4615,0.3382,0.4142,0.2342,0.021,0.0215,0.0,0.2155,Non-Duplicate,0,False,0.5,4
1079,1,0.9412,0.9839,1.0,1.0,0.9623,0.9923,0.0,0.9775,Easy,1,False,0.5,0
1080,0,0.9,0.717,0.416,0.8853,0.3398,0.3564,0.0,0.5388,Non-Duplicate,3,False,0.5,4
1081,1,0.9362,1.0,0.7667,1.0,0.9738,0.9738,0.0,0.9585,Easy,1,False,0.5,0
1082,0,0.4878,0.3953,0.41,0.8953,0.0062,0.0059,0.0,0.2309,Non-Duplicate,2,False,0.5,4
1083,1,0.8,1.0,1.0,1.0,0.9846,0.9986,0.0,0.9759,Easy,1,False,0.5,0
1084,0,0.5128,0.3752,0.3201,0.3934,0.0223,0.0237,0.0,0.2249,Non-Duplicate,0,False,0.5,4
1085,0,0.5366,0.4329,0.4242,0.9529,0.0136,0.0138,0.0,0.2537,Non-Duplicate,2,False,0.5,4
1086,1,0.9434,0.9995,0.1489,1.0,0.9997,1.0,0.0,0.909,Hard,3,False,0.5,2
1087,1,0.9231,1.0,0.6667,1.0,0.9843,0.9926,0.0,0.9536,Medium,3,False,0.5,1
1088,0,0.4545,0.4554,0.4311,0.9366,0.0213,0.0238,0.0,0.258,Non-Duplicate,2,False,0.5,4
1089,0,0.6,0.4102,0.3507,0.3885,0.0189,0.0207,0.0,0.2475,Non-Duplicate,0,False,0.5,4
1090,1,0.913,1.0,0.7667,1.0,0.9647,0.9944,0.0,0.958,Easy,1,False,0.5,0
1091,0,0.5128,0.3101,0.2795,0.2792,0.0264,0.0295,0.0,0.2003,Non-Duplicate,0,False,0.5,4
1092,1,0.8936,0.9881,1.0,1.0,0.9369,0.9485,0.0,0.9591,Easy,1,False,0.5,0
1093,0,0.5116,0.3411,0.4164,0.2801,0.0169,0.0164,0.0,0.2197,Non-Duplicate,0,False,0.5,4
1094,0,0.5641,0.3411,0.642,0.2955,0.0208,0.0216,0.0,0.2495,Non-Duplicate,0,False,0.5,4
1095,0,0.5128,0.2896,0.3826,0.2429,0.0188,0.0186,0.0,0.1993,Non-Duplicate,0,False,0.5,4
1096,1,0.8727,1.0,0.4333,1.0,0.9959,0.9997,0.0,0.9295,Hard,3,False,0.5,2
1097,1,0.8511,1.0,0.6667,1.0,0.9824,0.9987,0.0,0.9471,Medium,3,False,0.5,1
1098,0,0.5405,0.4356,0.4114,0.8509,0.0212,0.021,0.0,0.2572,Non-Duplicate,2,False,0.5,4
1099,1,0.7308,1.0,1.0,1.0,0.9769,0.9982,0.0,0.9669,Easy,1,False,0.5,0
1100,1,0.9302,1.0,0.7667,1.0,0.9849,0.9969,0.0,0.9653,Easy,1,False,0.5,0
1101,1,0.8511,1.0,0.4333,1.0,0.9839,0.9965,0.0,0.9237,Hard,3,False,0.5,2
1102,0,0.4615,0.2849,0.4288,0.2285,0.0259,0.0281,0.0,0.2008,Non-Duplicate,0,False,0.5,4
1103,0,0.4286,0.7236,0.2557,0.8982,0.213,0.2301,0.0,0.421,Non-Duplicate,2,False,0.5,4
1104,0,0.4878,0.4362,0.289,0.7258,0.0257,0.0307,0.0,0.2429,Non-Duplicate,2,False,0.5,4
1105,0,0.4,0.3268,0.5205,0.2258,0.017,0.0167,0.0,0.214,Non-Duplicate,0,False,0.5,4
1106,1,0.7308,1.0,0.4333,1.0,0.9949,0.9953,0.0,0.9142,Hard,3,False,0.5,2
1107,0,0.5128,0.3156,0.3557,0.2698,0.0239,0.0254,0.0,0.2084,Non-Duplicate,0,False,0.5,4
1108,0,0.2909,0.3128,0.3886,0.0198,0.0265,0.0396,0.0,0.192,Non-Duplicate,0,False,0.5,4
1109,0,0.45,0.4277,0.3301,0.4299,0.028,0.0311,0.0,0.2409,Non-Duplicate,0,False,0.5,4
1110,1,0.7308,1.0,0.6667,1.0,0.9613,0.9694,0.0,0.9239,Hard,3,False,0.5,2
1111,1,0.7407,1.0,0.7667,1.0,1.0,1.0,0.0,0.9507,Medium,1,False,0.5,1
1112,0,0.4186,0.3101,0.4128,0.2273,0.0194,0.0215,0.0,0.2008,Non-Duplicate,0,False,0.5,4
1113,1,0.7586,0.9817,1.0,1.0,0.9748,0.9977,0.0,0.9627,Easy,1,False,0.5,0
1114,1,0.8889,1.0,0.4333,1.0,0.9767,0.9781,0.0,0.922,Hard,3,False,0.5,2
1115,1,0.8696,1.0,0.6667,1.0,0.9441,0.9423,0.0,0.9281,Hard,3,False,0.5,2
1116,1,0.8444,1.0,0.5416,1.0,0.9949,0.9953,0.0,0.9364,Medium,3,False,0.5,1
1117,1,0.7451,1.0,0.4333,1.0,0.968,0.9734,0.0,0.9045,Hard,3,False,0.5,2
1118,0,0.5128,0.4102,0.4365,0.3736,0.0187,0.0203,0.0,0.2472,Non-Duplicate,0,False,0.5,4
1119,0,0.4878,0.3666,0.4598,0.5237,0.0079,0.0057,0.0,0.2262,Non-Duplicate,0,False,0.5,4
1120,0,0.5789,0.3512,0.411,0.2864,0.0243,0.0249,0.0,0.2329,Non-Duplicate,0,False,0.5,4
1121,0,0.5128,0.3214,0.4151,0.2743,0.0178,0.0189,0.0,0.2135,Non-Duplicate,0,False,0.5,4
1122,1,0.8261,1.0,0.4333,1.0,0.968,0.9703,0.0,0.912,Hard,3,False,0.5,2
1123,1,0.8444,1.0,1.0,1.0,0.9878,0.9952,0.0,0.9804,Easy,1,False,0.5,0
1124,0,0.4,0.4103,0.3068,0.4054,0.0267,0.0291,0.0,0.2268,Non-Duplicate,0,False,0.5,4
1125,1,0.8444,1.0,0.5023,1.0,0.9773,0.9784,0.0,0.9247,Hard,3,False,0.5,2
1126,1,0.9268,0.9984,0.9484,1.0,0.9885,0.9897,0.0,0.982,Easy,1,False,0.5,0
1127,1,0.76,0.9666,0.7667,1.0,0.9225,0.9942,0.0,0.9205,Hard,1,False,0.5,2
1128,0,0.5641,0.4062,0.4256,0.3653,0.0278,0.0291,0.0,0.2539,Non-Duplicate,0,False,0.5,4
1129,1,0.8727,1.0,1.0,1.0,1.0,1.0,0.0,0.9873,Easy,1,False,0.5,0
1130,1,0.9268,0.9967,0.6667,1.0,0.9649,0.9742,0.0,0.9443,Medium,3,False,0.5,1
1131,1,0.9057,1.0,0.6635,1.0,0.9983,0.9985,0.0,0.9562,Easy,3,False,0.5,0
1132,1,0.8065,1.0,0.6667,1.0,1.0,1.0,0.0,0.9473,Medium,3,False,0.5,1
1133,1,0.8571,1.0,0.6667,1.0,0.9602,0.974,0.0,0.9372,Medium,3,False,0.5,1
1134,1,0.9302,1.0,0.7667,1.0,0.9916,0.9937,0.0,0.9663,Easy,1,False,0.5,0
1135,1,0.76,1.0,0.5758,1.0,0.9851,0.9939,0.0,0.9286,Hard,3,False,0.5,2
1136,0,0.5128,0.3383,0.2626,0.2762,0.0229,0.0217,0.0,0.206,Non-Duplicate,0,False,0.5,4
1137,0,0.5405,0.4276,0.3721,0.4092,0.0176,0.0187,0.0,0.249,Non-Duplicate,0,False,0.5,4
1138,0,0.5128,0.3715,0.4447,0.2602,0.0267,0.0267,0.0,0.2378,Non-Duplicate,0,False,0.5,4
1139,1,0.8409,0.3888,0.7667,1.0,0.9984,1.0,0.0,0.7464,Hard,1,False,0.5,2
1140,1,0.75,1.0,1.0,1.0,0.9317,0.944,0.0,0.9467,Medium,1,False,0.5,1
1141,0,0.4615,0.3803,0.5954,0.4024,0.0204,0.0181,0.0,0.2475,Non-Duplicate,0,False,0.5,4
1142,0,0.5405,0.4568,0.2192,0.6548,0.0192,0.0206,0.0,0.2448,Non-Duplicate,2,False,0.5,4
1143,0,0.5128,0.3632,0.3174,0.36,0.022,0.0221,0.0,0.2201,Non-Duplicate,0,False,0.5,4
1144,0,0.4651,0.3705,0.5872,0.3164,0.0202,0.0205,0.0,0.2441,Non-Duplicate,0,False,0.5,4
1145,0,0.4615,0.3252,0.6064,0.255,0.0192,0.0206,0.0,0.2295,Non-Duplicate,0,False,0.5,4
1146,0,0.4444,0.4402,0.3379,0.8389,0.009,0.0067,0.0,0.2359,Non-Duplicate,2,False,0.5,4
1147,1,0.7308,0.9735,1.0,1.0,0.9363,0.9948,0.0,0.9469,Medium,1,False,0.5,1
1148,1,0.9057,1.0,0.4333,1.0,1.0,1.0,0.0,0.9339,Medium,3,False,0.5,1
1149,1,0.9268,0.9916,0.4333,1.0,0.9801,0.9873,0.0,0.9256,Hard,3,False,0.5,2
1150,0,0.5641,0.3446,0.2388,0.3373,0.0252,0.028,0.0,0.2128,Non-Duplicate,0,False,0.5,4
1151,0,0.3929,0.4068,0.3233,0.0499,0.0208,0.027,0.0,0.2246,Non-Duplicate,0,False,0.5,4
1152,1,0.7308,0.9943,0.6667,1.0,0.9858,0.9956,0.0,0.9333,Medium,3,False,0.5,1
1153,0,0.5641,0.2975,0.5566,0.2226,0.025,0.0254,0.0,0.2275,Non-Duplicate,0,False,0.5,4
1154,0,0.95,0.6868,0.411,0.7831,0.3746,0.3898,0.0,0.5481,Non-Duplicate,3,False,0.5,4
1155,1,0.8511,0.9916,0.6667,1.0,0.9967,0.9998,0.0,0.9479,Medium,3,False,0.5,1
1156,1,0.8511,1.0,0.6667,1.0,0.9625,0.9881,0.0,0.94,Medium,3,False,0.5,1
1157,1,0.8511,1.0,0.7667,1.0,1.0,1.0,0.0,0.9618,Easy,1,False,0.5,0
1158,1,0.7547,1.0,1.0,1.0,1.0,1.0,0.0,0.9755,Easy,1,False,0.5,0
1159,0,0.55,0.4192,0.2685,0.416,0.0229,0.025,0.0,0.2393,Non-Duplicate,0,False,0.5,4
1160,1,0.8889,0.9816,0.6667,1.0,0.986,0.9919,0.0,0.944,Medium,3,False,0.5,1
1161,0,0.5128,0.2703,0.4311,0.2128,0.0166,0.0186,0.0,0.1969,Non-Duplicate,0,False,0.5,4
1162,1,0.8837,0.9973,1.0,1.0,0.9901,0.9984,0.0,0.9846,Easy,1,False,0.5,0
1163,1,0.9268,1.0,0.6667,1.0,0.9926,0.9963,0.0,0.9568,Easy,3,False,0.5,0
1164,1,0.7451,0.9971,1.0,1.0,0.9766,0.9955,0.0,0.9667,Easy,1,False,0.5,0
1165,1,0.7083,0.9689,1.0,1.0,0.9556,0.9948,0.0,0.9478,Medium,1,False,0.5,1
1166,0,0.439,0.4372,0.2192,0.743,0.019,0.0172,0.0,0.227,Non-Duplicate,2,False,0.5,4
1167,1,0.8444,1.0,1.0,1.0,0.9888,0.9884,0.0,0.9793,Easy,1,False,0.5,0
1168,1,0.8636,1.0,0.8726,1.0,0.9758,0.9775,0.0,0.9631,Easy,1,False,0.5,0
1169,1,0.8727,1.0,1.0,1.0,0.9752,0.9773,0.0,0.9765,Easy,1,False,0.5,0
1170,0,0.5128,0.3592,0.3817,0.3672,0.0233,0.0241,0.0,0.2258,Non-Duplicate,0,False,0.5,4
1171,1,0.7547,0.9987,0.4895,1.0,0.9963,0.9999,0.0,0.923,Hard,3,False,0.5,2
1172,1,0.8837,1.0,0.6667,1.0,0.9949,0.9982,0.0,0.9534,Medium,3,False,0.5,1
1173,1,0.7937,0.9624,1.0,1.0,0.9454,0.9927,0.0,0.9511,Medium,1,False,0.5,1
1174,0,0.5,0.395,0.5849,0.9969,0.0084,0.0099,0.0,0.2508,Non-Duplicate,2,False,0.5,4
1175,0,0.4615,0.3378,0.3388,0.3184,0.0251,0.0274,0.0,0.21,Non-Duplicate,0,False,0.5,4
1176,1,0.7308,0.9726,1.0,1.0,0.9485,0.9957,0.0,0.9497,Medium,1,False,0.5,1
1177,1,0.8261,1.0,0.6365,1.0,0.966,0.9702,0.0,0.9318,Medium,3,False,0.5,1
1178,1,0.9362,1.0,0.4333,1.0,0.97,0.9822,0.0,0.9259,Hard,3,False,0.5,2
1179,0,0.4186,0.3615,0.4452,0.312,0.0158,0.0166,0.0,0.2202,Non-Duplicate,0,False,0.5,4
1180,0,0.5366,0.4082,0.2041,0.9811,0.0044,0.0047,0.0,0.219,Non-Duplicate,2,False,0.5,4
1181,0,0.4615,0.2781,0.4329,0.2143,0.0242,0.0249,0.0,0.1978,Non-Duplicate,0,False,0.5,4
1182,1,0.7347,0.9964,0.6434,1.0,0.9176,0.9287,0.0,0.9017,Hard,3,False,0.5,2
1183,0,0.5238,0.3209,0.3009,0.243,0.021,0.0235,0.0,0.2047,Non-Duplicate,0,False,0.5,4
1184,0,0.3929,0.409,0.4292,0.0521,0.0255,0.0189,0.0,0.2355,Non-Duplicate,0,False,0.5,4
1185,0,0.439,0.3623,0.2671,0.2945,0.0199,0.0226,0.0,0.2069,Non-Duplicate,0,False,0.5,4
1186,1,0.9412,1.0,0.7667,1.0,0.9336,0.943,0.0,0.9428,Medium,1,False,0.5,1
1187,0,0.5128,0.2618,0.5753,0.2072,0.0235,0.026,0.0,0.2115,Non-Duplicate,0,False,0.5,4
1188,0,0.6,0.3894,0.4228,0.295,0.0287,0.0315,0.0,0.2521,Non-Duplicate,0,False,0.5,4
1189,1,0.8889,0.9773,0.6667,1.0,0.9792,0.9957,0.0,0.9415,Medium,3,False,0.5,1
1190,1,0.8837,1.0,0.6667,1.0,0.9842,0.9866,0.0,0.9484,Medium,3,False,0.5,1
1191,0,0.5405,0.3327,0.3826,0.2472,0.0222,0.0251,0.0,0.2193,Non-Duplicate,0,False,0.5,4
1192,1,0.7451,0.9989,0.7667,1.0,0.9931,0.9966,0.0,0.9484,Medium,1,False,0.5,1
1193,1,0.8511,1.0,1.0,1.0,0.9916,0.999,0.0,0.9828,Easy,1,False,0.5,0
1194,0,0.4583,0.2989,0.4142,0.0127,0.0234,0.0274,0.0,0.2032,Non-Duplicate,0,False,0.5,4
1195,1,0.9091,0.9789,1.0,1.0,0.9021,0.9053,0.0,0.9401,Medium,1,False,0.5,1
1196,1,0.9268,0.9703,1.0,1.0,0.9621,0.9834,0.0,0.9695,Easy,1,False,0.5,0
1197,0,0.4651,0.415,0.3178,0.3989,0.0186,0.0192,0.0,0.232,Non-Duplicate,0,False,0.5,4
1198,0,0.4186,0.3369,0.6511,0.2651,0.0201,0.021,0.0,0.2341,Non-Duplicate,0,False,0.5,4
1199,1,0.9697,0.9959,1.0,1.0,0.9986,0.9995,0.0,0.9951,Easy,1,False,0.5,0
1200,0,0.5714,0.2925,0.2384,0.2124,0.0216,0.0216,0.0,0.1931,Non-Duplicate,0,False,0.5,4
1201,1,0.7451,1.0,0.416,1.0,0.9737,0.9757,0.0,0.9047,Hard,3,False,0.5,2
1202,0,0.439,0.4022,0.3379,0.3748,0.0192,0.0202,0.0,0.2273,Non-Duplicate,0,False,0.5,4
1203,1,0.8085,0.9831,0.6667,1.0,0.9661,0.9847,0.0,0.9301,Hard,3,False,0.5,2
1204,0,0.619,0.3102,0.3776,0.2413,0.0226,0.0242,0.0,0.2187,Non-Duplicate,0,False,0.5,4
1205,1,0.9048,1.0,0.6667,1.0,0.9674,0.9703,0.0,0.9431,Medium,3,False,0.5,1
1206,1,0.8261,0.9939,0.4333,1.0,0.9603,0.9932,0.0,0.9125,Hard,3,False,0.5,2
1207,0,0.4865,0.4329,0.2822,0.9215,0.0087,0.0088,0.0,0.2323,Non-Duplicate,2,False,0.5,4
1208,1,0.8837,1.0,1.0,1.0,0.9944,0.9948,0.0,0.9859,Easy,1,False,0.5,0
1209,1,0.7692,0.994,0.6667,1.0,0.9433,0.9511,0.0,0.9175,Hard,3,False,0.5,2
1210,1,0.9057,1.0,1.0,1.0,0.9773,0.9833,0.0,0.9815,Easy,1,False,0.5,0
1211,0,0.3846,0.3365,0.374,0.0162,0.0298,0.0311,0.0,0.2073,Non-Duplicate,0,False,0.5,4
1212,1,0.8095,1.0,0.6667,1.0,0.9354,0.9415,0.0,0.9198,Hard,3,False,0.5,2
1213,1,0.7451,0.9829,1.0,1.0,0.9681,0.9941,0.0,0.9594,Easy,1,False,0.5,0
1214,0,0.5641,0.2807,0.4119,0.2196,0.0152,0.0169,0.0,0.203,Non-Duplicate,0,False,0.5,4
1215,1,0.7547,0.9956,0.7667,1.0,0.9535,0.959,0.0,0.9308,Hard,1,False,0.5,2
1216,1,0.9367,0.994,0.6667,1.0,0.9997,0.9997,0.0,0.9581,Easy,3,False,0.5,0
1217,1,0.9302,1.0,0.6621,1.0,0.99,0.9979,0.0,0.9563,Easy,3,False,0.5,0
1218,0,0.5128,0.3274,0.3671,0.2771,0.0232,0.0246,0.0,0.2133,Non-Duplicate,0,False,0.5,4
1219,1,0.9302,0.9834,0.9772,1.0,0.9972,0.9996,0.0,0.9841,Easy,1,False,0.5,0
1220,1,0.9362,1.0,0.6584,1.0,0.965,0.9737,0.0,0.9455,Medium,3,False,0.5,1
1221,1,0.7547,0.9984,0.8603,1.0,1.0,1.0,0.0,0.961,Easy,1,False,0.5,0
1222,1,0.7451,0.9844,1.0,1.0,0.965,0.9974,0.0,0.9598,Easy,1,False,0.5,0
1223,1,0.9302,1.0,0.7667,1.0,0.9186,0.932,0.0,0.9357,Medium,1,False,0.5,1
1224,0,0.4737,0.4498,0.321,0.8605,0.0152,0.0138,0.0,0.2435,Non-Duplicate,2,False,0.5,4
1225,1,0.7407,0.9582,1.0,1.0,0.916,0.9547,0.0,0.9294,Hard,1,False,0.5,2
1226,0,0.4651,0.4391,0.6406,0.4501,0.0293,0.0316,0.0,0.2779,Non-Duplicate,0,False,0.5,4
1227,0,0.4545,0.45,0.4374,0.8308,0.0188,0.0195,0.0,0.2553,Non-Duplicate,2,False,0.5,4
1228,1,0.7931,0.9564,0.9489,1.0,0.8565,0.8955,0.0,0.9022,Hard,1,False,0.5,2
1229,0,0.55,0.4238,0.6635,0.4146,0.0292,0.0316,0.0,0.2833,Non-Duplicate,0,False,0.5,4
1230,0,0.4737,0.3961,0.3429,0.5546,0.0094,0.0087,0.0,0.2244,Non-Duplicate,2,False,0.5,4
1231,0,0.3448,0.4379,0.6589,0.0831,0.0218,0.0185,0.0,0.2628,Non-Duplicate,0,False,0.5,4
1232,1,0.7636,0.9732,1.0,1.0,0.9464,0.9937,0.0,0.9523,Medium,1,False,0.5,1
1233,1,0.7407,0.9959,0.4333,1.0,0.9831,0.9992,0.0,0.9116,Hard,3,False,0.5,2
1234,1,0.8627,0.9686,0.6667,1.0,0.892,0.9044,0.0,0.8958,Hard,3,False,0.5,2
1235,1,0.8444,1.0,0.6667,1.0,0.9909,0.998,0.0,0.9484,Medium,3,False,0.5,1
1236,0,0.5,0.4077,0.3671,0.7282,0.007,0.0092,0.0,0.233,Non-Duplicate,2,False,0.5,4
1237,1,0.7586,1.0,1.0,1.0,0.9494,0.9499,0.0,0.9532,Medium,1,False,0.5,1
1238,1,0.8837,1.0,1.0,1.0,0.9633,0.9725,0.0,0.9737,Easy,1,False,0.5,0
1239,0,0.5,0.3092,0.5416,0.2182,0.0244,0.0299,0.0,0.2245,Non-Duplicate,0,False,0.5,4
1240,0,0.439,0.4082,0.6119,0.3879,0.0195,0.0211,0.0,0.2571,Non-Duplicate,0,False,0.5,4
1241,0,0.4,0.4153,0.5347,0.3928,0.0233,0.0235,0.0,0.2493,Non-Duplicate,0,False,0.5,4
1242,0,0.5,0.377,0.2676,0.6014,0.0056,0.0081,0.0,0.2118,Non-Duplicate,2,False,0.5,4
1243,0,0.5128,0.3264,0.4068,0.2879,0.0202,0.0211,0.0,0.2155,Non-Duplicate,0,False,0.5,4
1244,0,0.6,0.3918,0.3881,0.348,0.0267,0.0257,0.0,0.2477,Non-Duplicate,0,False,0.5,4
1245,1,0.8889,1.0,0.4333,1.0,0.9721,0.9713,0.0,0.9195,Hard,3,False,0.5,2
1246,0,0.3438,0.3429,0.2721,0.0159,0.0545,0.0577,0.0,0.2068,Non-Duplicate,0,False,0.5,4
1247,0,0.4878,0.4087,0.2639,0.5674,0.0099,0.0077,0.0,0.2222,Non-Duplicate,2,False,0.5,4
1248,1,0.9091,0.9968,0.4333,1.0,0.9997,0.9998,0.0,0.933,Medium,3,False,0.5,1
1249,1,0.7451,0.9973,0.4333,1.0,0.9812,0.9995,0.0,0.9121,Hard,3,False,0.5,2
1250,1,0.8727,0.9902,1.0,1.0,0.9832,0.9927,0.0,0.9782,Easy,1,False,0.5,0
1251,0,0.5405,0.4151,0.4027,0.3718,0.0239,0.0246,0.0,0.2505,Non-Duplicate,0,False,0.5,4
1252,0,0.4444,0.4384,0.6511,0.7472,0.0187,0.0131,0.0,0.2703,Non-Duplicate,2,False,0.5,4
1253,1,0.84,0.9893,0.9895,1.0,0.948,0.9682,0.0,0.9598,Easy,1,False,0.5,0
1254,1,0.8636,0.9982,0.6667,1.0,0.9593,0.9688,0.0,0.936,Medium,3,False,0.5,1
1255,1,0.7347,1.0,0.4265,1.0,1.0,1.0,0.0,0.9161,Hard,3,False,0.5,2
1256,1,0.9307,0.9961,0.9055,1.0,0.9998,0.9999,0.0,0.9822,Easy,1,False,0.5,0
1257,0,0.4103,0.4011,0.3365,0.6629,0.0075,0.0071,0.0,0.2184,Non-Duplicate,2,False,0.5,4
1258,0,0.5128,0.3369,0.4205,0.284,0.021,0.0221,0.0,0.2209,Non-Duplicate,0,False,0.5,4
1259,1,0.9412,1.0,0.7667,1.0,0.9678,0.9805,0.0,0.9588,Easy,1,False,0.5,0
1260,0,0.5128,0.287,0.363,0.2246,0.018,0.0223,0.0,0.197,Non-Duplicate,0,False,0.5,4
1261,1,0.8772,1.0,1.0,1.0,1.0,1.0,0.0,0.9877,Easy,1,False,0.5,0
1262,1,0.7692,0.9962,0.9265,1.0,0.9918,0.9983,0.0,0.9659,Easy,1,False,0.5,0
1263,0,0.5128,0.4004,0.2671,0.3875,0.0167,0.0159,0.0,0.2255,Non-Duplicate,0,False,0.5,4
1264,0,0.4615,0.2779,0.3228,0.233,0.0162,0.0197,0.0,0.1837,Non-Duplicate,0,False,0.5,4
1265,1,0.8444,1.0,0.6667,1.0,0.9817,0.9877,0.0,0.9441,Medium,3,False,0.5,1
1266,1,0.9048,1.0,0.6667,1.0,0.9902,0.9934,0.0,0.9534,Medium,3,False,0.5,1
1267,0,0.5405,0.3272,0.3868,0.2127,0.0189,0.0203,0.0,0.216,Non-Duplicate,0,False,0.5,4
1268,1,0.8511,1.0,0.4333,1.0,0.9963,0.9998,0.0,0.9275,Hard,3,False,0.5,2
1269,1,0.8837,0.9976,0.4333,1.0,0.9864,0.9991,0.0,0.9273,Hard,3,False,0.5,2
1270,0,0.4444,0.4484,0.2055,0.8938,0.0215,0.0217,0.0,0.2317,Non-Duplicate,2,False,0.5,4
1271,0,0.6316,0.3622,0.384,0.314,0.0186,0.0182,0.0,0.2366,Non-Duplicate,0,False,0.5,4
1272,0,0.4737,0.4098,0.2817,0.7288,0.011,0.0101,0.0,0.2237,Non-Duplicate,2,False,0.5,4
1273,1,0.8846,0.9856,1.0,1.0,0.9166,0.9185,0.0,0.9463,Medium,1,False,0.5,1
1274,0,0.4889,0.1484,0.3242,0.0523,0.0206,0.0304,0.0,0.1445,Non-Duplicate,0,False,0.5,4
1275,1,0.9057,1.0,0.7667,1.0,0.9856,0.9986,0.0,0.9634,Easy,1,False,0.5,0
1276,0,0.4545,0.3903,0.2977,0.6548,0.0089,0.008,0.0,0.2157,Non-Duplicate,2,False,0.5,4
1277,1,0.7451,0.9959,0.6037,1.0,0.925,0.946,0.0,0.9039,Hard,3,False,0.5,2
1278,1,0.8571,1.0,0.958,1.0,0.9522,0.9518,0.0,0.9599,Easy,1,False,0.5,0
1279,0,0.4,0.4357,0.6534,0.0523,0.0239,0.0282,0.0,0.2695,Non-Duplicate,0,False,0.5,4
1280,1,0.7407,1.0,0.7667,1.0,0.9629,0.9618,0.0,0.9338,Medium,1,False,0.5,1
1281,0,0.4737,0.3912,0.5215,0.5621,0.0105,0.0105,0.0,0.2411,Non-Duplicate,2,False,0.5,4
1282,1,0.7308,0.963,0.6667,1.0,0.9225,0.9903,0.0,0.9055,Hard,3,False,0.5,2
1283,1,0.8837,1.0,0.9479,1.0,0.9955,0.9999,0.0,0.982,Easy,1,False,0.5,0
1284,0,0.5128,0.3603,0.3886,0.3525,0.028,0.0309,0.0,0.2294,Non-Duplicate,0,False,0.5,4
1285,1,0.8679,0.9727,0.2356,1.0,0.9099,0.9388,0.0,0.866,Hard,3,False,0.5,2
1286,0,0.3673,0.3365,0.3763,0.0156,0.0349,0.0407,0.0,0.209,Non-Duplicate,0,False,0.5,4
1287,1,0.8571,0.9962,0.4333,1.0,0.8909,0.9171,0.0,0.8839,Hard,3,False,0.5,2
1288,1,0.7234,1.0,1.0,1.0,1.0,1.0,0.0,0.9723,Easy,1,False,0.5,0
1289,0,0.5641,0.3643,0.1498,0.3732,0.0227,0.0233,0.0,0.2092,Non-Duplicate,0,False,0.5,4
1290,0,0.3673,0.3883,0.237,0.0199,0.0359,0.0427,0.0,0.2138,Non-Duplicate,0,False,0.5,4
1291,1,0.7869,0.9988,0.7667,1.0,0.9909,0.999,0.0,0.9525,Medium,1,False,0.5,1
1292,0,0.7442,0.7409,0.5635,0.8133,0.2837,0.2924,0.0,0.5195,Non-Duplicate,2,False,0.5,4
1293,1,0.7451,1.0,0.6667,1.0,0.9976,0.9999,0.0,0.9405,Medium,3,False,0.5,1
1294,1,0.9425,0.9985,0.6667,1.0,0.9995,1.0,0.0,0.9603,Easy,3,False,0.5,0
1295,1,0.8837,1.0,0.6667,1.0,0.9884,0.988,0.0,0.9497,Medium,3,False,0.5,1
1296,1,0.7308,0.997,1.0,1.0,0.9507,0.9621,0.0,0.9521,Medium,1,False,0.5,1
1297,0,0.4865,0.3207,0.379,0.2425,0.013,0.0115,0.0,0.2043,Non-Duplicate,0,False,0.5,4
1298,1,0.8837,1.0,0.5233,1.0,0.9957,0.9998,0.0,0.9396,Medium,3,False,0.5,1
1299,1,0.7308,0.9775,0.7667,1.0,0.9632,0.9961,0.0,0.9319,Medium,1,False,0.5,1
1300,1,0.7308,0.9971,0.7667,1.0,0.9888,0.9994,0.0,0.9458,Medium,1,False,0.5,1
1301,0,0.5714,0.4434,0.3858,0.9194,0.0129,0.0115,0.0,0.2564,Non-Duplicate,2,False,0.5,4
1302,1,0.7812,1.0,0.6959,1.0,0.9957,0.9994,0.0,0.9465,Medium,3,False,0.5,1
1303,1,0.8511,1.0,0.6639,1.0,0.9817,0.9895,0.0,0.9448,Medium,3,False,0.5,1
1304,1,0.8571,1.0,1.0,1.0,0.9959,0.9994,0.0,0.9846,Easy,1,False,0.5,0
1305,1,0.8444,0.9989,0.6447,1.0,0.9916,0.999,0.0,0.9462,Medium,3,False,0.5,1
1306,1,0.8511,1.0,0.6119,1.0,0.9772,0.9989,0.0,0.9404,Medium,3,False,0.5,1
1307,0,0.5128,0.3297,0.1699,0.3068,0.0244,0.0258,0.0,0.1949,Non-Duplicate,0,False,0.5,4
1308,0,0.44,0.3356,0.6516,0.0163,0.0213,0.023,0.0,0.2365,Non-Duplicate,0,False,0.5,4
1309,1,0.7347,0.9622,0.7667,1.0,0.8936,0.9317,0.0,0.8967,Hard,1,False,0.5,2
1310,0,0.5128,0.3156,0.2434,0.277,0.0212,0.0224,0.0,0.1958,Non-Duplicate,0,False,0.5,4
1311,1,0.8837,0.9981,1.0,1.0,0.9613,0.9748,0.0,0.973,Easy,1,False,0.5,0
1312,1,0.7407,0.9757,0.6667,1.0,0.953,0.9934,0.0,0.9191,Hard,3,False,0.5,2
1313,0,0.5128,0.3202,0.3575,0.2783,0.0182,0.0152,0.0,0.2067,Non-Duplicate,0,False,0.5,4
1314,1,0.8837,1.0,1.0,1.0,0.9664,0.9971,0.0,0.9794,Easy,1,False,0.5,0
1315,0,0.4186,0.3542,0.4119,0.2842,0.0147,0.015,0.0,0.2137,Non-Duplicate,0,False,0.5,4
1316,0,0.55,0.3393,0.3356,0.2747,0.0206,0.0195,0.0,0.2163,Non-Duplicate,0,False,0.5,4
1317,0,0.9,0.7216,0.411,0.8415,0.3882,0.4117,0.0,0.5631,Non-Duplicate,3,False,0.5,4
1318,0,0.5641,0.3124,0.2986,0.2644,0.025,0.0258,0.0,0.207,Non-Duplicate,0,False,0.5,4
1319,1,0.8837,1.0,0.6667,1.0,0.9862,0.9992,0.0,0.9514,Medium,3,False,0.5,1
1320,0,0.6154,0.29,0.5041,0.2446,0.0225,0.025,0.0,0.2241,Non-Duplicate,0,False,0.5,4
1321,1,0.8936,1.0,0.7667,1.0,0.9899,0.9911,0.0,0.9617,Easy,1,False,0.5,0
1322,1,0.8636,0.9749,0.6667,1.0,0.9385,0.9723,0.0,0.9233,Hard,3,False,0.5,2
1323,1,0.7308,0.9974,0.6667,1.0,0.9972,0.9999,0.0,0.9381,Medium,3,False,0.5,1
1324,0,0.4651,0.4181,0.458,0.419,0.0239,0.0248,0.0,0.2496,Non-Duplicate,0,False,0.5,4
1325,1,0.9302,1.0,0.9594,1.0,0.9648,0.9835,0.0,0.9769,Easy,1,False,0.5,0
1326,0,0.4615,0.3645,0.5151,0.3202,0.0249,0.0259,0.0,0.2366,Non-Duplicate,0,False,0.5,4
1327,1,0.8261,1.0,0.7667,1.0,0.995,0.9954,0.0,0.9571,Easy,1,False,0.5,0
1328,1,0.8889,1.0,1.0,1.0,0.9052,0.9114,0.0,0.9475,Medium,1,False,0.5,1
1329,0,0.5128,0.3029,0.3457,0.2365,0.0195,0.0187,0.0,0.2005,Non-Duplicate,0,False,0.5,4
1330,0,0.3279,0.3262,0.3178,0.0135,0.0172,0.0167,0.0,0.1864,Non-Duplicate,0,False,0.5,4
1331,0,0.3913,0.3186,0.2826,0.0157,0.0462,0.056,0.0,0.2017,Non-Duplicate,0,False,0.5,4
1332,1,0.7797,1.0,0.8411,1.0,0.8963,0.8984,0.0,0.9158,Hard,1,False,0.5,2
1333,1,0.9302,1.0,0.4333,1.0,0.98,0.9862,0.0,0.9286,Hard,3,False,0.5,2
1334,1,0.7308,0.9759,0.5671,1.0,0.9399,0.9924,0.0,0.9048,Hard,3,False,0.5,2
1335,0,0.5333,0.1481,0.347,0.0491,0.0173,0.0128,0.0,0.1468,Non-Duplicate,0,False,0.5,4
1336,1,0.8837,0.9884,0.8534,1.0,0.9685,0.9902,0.0,0.9598,Easy,1,False,0.5,0
1337,0,0.4091,0.3518,0.6589,0.2875,0.0161,0.0171,0.0,0.2374,Non-Duplicate,0,False,0.5,4
1338,0,0.5128,0.2835,0.405,0.2113,0.0209,0.0227,0.0,0.2008,Non-Duplicate,0,False,0.5,4
1339,1,0.9302,1.0,0.4333,1.0,0.9765,0.9958,0.0,0.9296,Hard,3,False,0.5,2
1340,1,0.8571,0.9706,1.0,1.0,0.9436,0.9596,0.0,0.9532,Medium,1,False,0.5,1
1341,0,0.4762,0.4519,0.2068,0.8809,0.0231,0.0276,0.0,0.2378,Non-Duplicate,2,False,0.5,4
1342,1,0.9268,1.0,0.6667,1.0,0.9616,0.9701,0.0,0.9438,Medium,3,False,0.5,1
1343,0,0.4651,0.3991,0.2265,0.3524,0.0211,0.0204,0.0,0.2182,Non-Duplicate,0,False,0.5,4
1344,0,0.4103,0.4743,0.3265,0.8232,0.0256,0.0241,0.0,0.2509,Non-Duplicate,2,False,0.5,4
1345,0,0.3478,0.2939,0.3215,0.0132,0.0392,0.0423,0.0,0.1881,Non-Duplicate,0,False,0.5,4
1346,0,0.45,0.3734,0.4005,0.3141,0.0186,0.021,0.0,0.2246,Non-Duplicate,0,False,0.5,4
1347,1,0.9268,1.0,1.0,1.0,0.9825,0.9853,0.0,0.9854,Easy,1,False,0.5,0
1348,1,0.7547,1.0,0.5648,1.0,0.9462,0.9473,0.0,0.908,Hard,3,False,0.5,2
1349,0,0.4651,0.4025,0.3817,0.363,0.0216,0.0219,0.0,0.2353,Non-Duplicate,0,False,0.5,4
1350,1,0.76,0.9662,0.5607,1.0,0.9181,0.9511,0.0,0.89,Hard,3,False,0.5,2
1351,1,0.7308,1.0,1.0,1.0,0.9513,0.9525,0.0,0.9514,Medium,1,False,0.5,1
1352,0,0.5128,0.299,0.4744,0.2476,0.0215,0.0229,0.0,0.2133,Non-Duplicate,0,False,0.5,4
1353,1,0.75,1.0,0.7667,1.0,1.0,1.0,0.0,0.9517,Medium,1,False,0.5,1
1354,0,0.3478,0.3131,0.3813,0.0145,0.0557,0.0704,0.0,0.2105,Non-Duplicate,0,False,0.5,4
1355,1,0.8444,0.9979,1.0,1.0,0.9654,0.9865,0.0,0.9724,Easy,1,False,0.5,0
1356,1,0.8444,1.0,1.0,1.0,0.9818,0.9848,0.0,0.9769,Easy,1,False,0.5,0
1357,1,0.9268,1.0,1.0,1.0,0.9893,0.9936,0.0,0.9887,Easy,1,False,0.5,0
1358,0,0.5714,0.3702,0.4151,0.3248,0.0241,0.0237,0.0,0.239,Non-Duplicate,0,False,0.5,4
1359,1,0.8837,1.0,0.6667,1.0,0.9775,0.9838,0.0,0.9462,Medium,3,False,0.5,1
1360,0,0.9,0.7047,0.4114,0.9224,0.4528,0.4912,0.0,0.5892,Non-Duplicate,3,False,0.5,4
1361,0,0.3913,0.3189,0.6493,0.0115,0.0319,0.0352,0.0,0.2307,Non-Duplicate,0,False,0.5,4
1362,0,0.5405,0.389,0.6511,0.3398,0.0182,0.02,0.0,0.2639,Non-Duplicate,0,False,0.5,4
1363,0,0.5263,0.4392,0.3,0.7774,0.0118,0.0164,0.0,0.2426,Non-Duplicate,2,False,0.5,4
1364,0,0.5366,0.7943,0.3763,0.915,0.3335,0.339,0.0,0.5205,Non-Duplicate,2,False,0.5,4
1365,0,0.3636,0.4176,0.3658,0.4142,0.0163,0.0174,0.0,0.2267,Non-Duplicate,0,False,0.5,4
1366,1,0.9048,0.9776,1.0,1.0,0.9004,0.9444,0.0,0.9466,Medium,1,False,0.5,1
1367,1,0.8837,1.0,0.5886,1.0,0.9895,0.9922,0.0,0.943,Medium,3,False,0.5,1
1368,1,0.8333,1.0,0.6667,1.0,0.9755,0.9876,0.0,0.9414,Medium,3,False,0.5,1
1369,0,0.5641,0.2957,0.2128,0.249,0.02,0.019,0.0,0.19,Non-Duplicate,0,False,0.5,4
1370,0,0.4615,0.2808,0.5192,0.236,0.0191,0.0214,0.0,0.2054,Non-Duplicate,0,False,0.5,4
1371,1,0.9412,1.0,1.0,1.0,0.9402,0.9394,0.0,0.967,Easy,1,False,0.5,0
1372,0,0.5128,0.4253,0.2927,0.4131,0.0302,0.033,0.0,0.2436,Non-Duplicate,0,False,0.5,4
1373,0,0.4878,0.4552,0.4032,0.8806,0.032,0.0297,0.0,0.2624,Non-Duplicate,2,False,0.5,4
1374,1,0.8718,0.9727,1.0,1.0,0.9563,0.9846,0.0,0.9636,Easy,1,False,0.5,0
1375,0,0.5263,0.4072,0.5968,0.7269,0.0106,0.0072,0.0,0.2589,Non-Duplicate,2,False,0.5,4
1376,1,0.8293,1.0,0.7667,1.0,0.972,0.9951,0.0,0.9516,Medium,1,False,0.5,1
1377,0,0.4091,0.2865,0.6192,0.0139,0.0303,0.0362,0.0,0.2179,Non-Duplicate,0,False,0.5,4
1378,1,0.7451,0.9958,0.4868,1.0,0.9797,0.9978,0.0,0.9162,Hard,3,False,0.5,2
1379,1,0.7407,0.9848,0.6667,1.0,0.9612,0.9674,0.0,0.9192,Hard,3,False,0.5,2
1380,0,0.4878,0.441,0.3863,0.882,0.0078,0.0066,0.0,0.245,Non-Duplicate,2,False,0.5,4
1381,1,0.8511,1.0,0.6667,1.0,0.9789,0.9786,0.0,0.9422,Medium,3,False,0.5,1
1382,1,0.8837,0.9868,0.6667,1.0,0.9778,0.9767,0.0,0.9402,Medium,3,False,0.5,1
1383,1,0.8889,1.0,1.0,1.0,1.0,1.0,0.0,0.9889,Easy,1,False,0.5,0
1384,1,0.878,1.0,0.4333,1.0,0.9577,0.9541,0.0,0.9114,Hard,3,False,0.5,2
1385,1,0.9268,0.982,0.4333,1.0,0.9676,0.9806,0.0,0.9177,Hard,3,False,0.5,2
1386,0,0.4348,0.0887,0.3461,0.0109,0.0321,0.0375,0.0,0.1247,Non-Duplicate,0,False,0.5,4
1387,0,0.5789,0.4078,0.8247,0.3818,0.0208,0.0204,0.0,0.2924,Non-Duplicate,0,False,0.5,4
1388,0,0.5128,0.3258,0.3146,0.2742,0.0294,0.0312,0.0,0.2104,Non-Duplicate,0,False,0.5,4
1389,1,0.84,0.9763,0.7667,1.0,0.8636,0.9152,0.0,0.9013,Hard,1,False,0.5,2
1390,0,0.439,0.4639,0.2991,0.8168,0.0177,0.0182,0.0,0.2442,Non-Duplicate,2,False,0.5,4
1391,1,0.8511,0.9702,0.6667,1.0,0.9492,0.9533,0.0,0.9193,Hard,3,False,0.5,2
1392,0,0.4615,0.2849,0.5484,0.2333,0.0152,0.016,0.0,0.2077,Non-Duplicate,0,False,0.5,4
1393,1,0.7308,0.9555,0.6329,1.0,0.926,0.9893,0.0,0.9001,Hard,3,False,0.5,2
1394,0,0.5128,0.2715,0.411,0.2022,0.0219,0.0234,0.0,0.1976,Non-Duplicate,0,False,0.5,4
1395,1,0.75,1.0,0.6667,1.0,0.9677,0.9671,0.0,0.927,Hard,3,False,0.5,2
1396,1,0.7451,0.9638,0.7667,1.0,0.9451,0.9936,0.0,0.9235,Hard,1,False,0.5,2
1397,0,0.55,0.3446,0.4037,0.2616,0.0284,0.0296,0.0,0.229,Non-Duplicate,0,False,0.5,4
1398,0,0.5,0.3571,0.5598,0.2685,0.0198,0.0208,0.0,0.24,Non-Duplicate,0,False,0.5,4
1399,0,0.4878,0.4337,0.4073,0.4243,0.0182,0.0186,0.0,0.2496,Non-Duplicate,0,False,0.5,4
1400,1,0.8837,0.9968,0.4333,1.0,0.967,0.97,0.0,0.9163,Hard,3,False,0.5,2
1401,1,0.875,1.0,0.432,1.0,1.0,1.0,0.0,0.9307,Hard,3,False,0.5,2
1402,0,0.4615,0.3753,0.4256,0.3739,0.0235,0.026,0.0,0.2312,Non-Duplicate,0,False,0.5,4
1403,1,0.8511,1.0,1.0,1.0,0.9908,0.9995,0.0,0.9827,Easy,1,False,0.5,0
1404,1,0.9268,1.0,0.7667,1.0,0.9953,0.9966,0.0,0.9675,Easy,1,False,0.5,0
1405,0,0.3385,0.2116,0.2927,0.0103,0.0292,0.0341,0.0,0.1513,Non-Duplicate,0,False,0.5,4
1406,0,0.5641,0.3635,0.3288,0.3478,0.0263,0.0277,0.0,0.2286,Non-Duplicate,0,False,0.5,4
1407,1,0.7407,0.9878,0.4333,1.0,0.9271,0.9812,0.0,0.8911,Hard,3,False,0.5,2
1408,0,0.65,0.7026,0.6297,0.8557,0.294,0.324,0.0,0.5122,Non-Duplicate,2,False,0.5,4
1409,1,0.9268,0.9904,0.6667,1.0,0.9725,0.9718,0.0,0.9435,Medium,3,False,0.5,1
1410,1,0.8837,0.9964,0.4333,1.0,0.9467,0.9704,0.0,0.9112,Hard,3,False,0.5,2
1411,0,0.4348,0.3331,0.2521,0.0175,0.0517,0.0588,0.0,0.21,Non-Duplicate,0,False,0.5,4
1412,1,0.9268,0.9841,1.0,1.0,0.951,0.9884,0.0,0.9726,Easy,1,False,0.5,0
1413,1,0.8444,1.0,1.0,1.0,1.0,1.0,0.0,0.9844,Easy,1,False,0.5,0
1414,0,0.5,0.4016,0.1406,0.3833,0.0223,0.0204,0.0,0.2143,Non-Duplicate,0,False,0.5,4
1415,1,0.9302,1.0,0.5594,1.0,0.9533,0.9558,0.0,0.9285,Hard,3,False,0.5,2
1416,1,0.8571,1.0,0.7667,1.0,0.9445,0.9527,0.0,0.939,Medium,1,False,0.5,1
1417,1,0.8261,0.9956,0.6667,1.0,0.9845,0.998,0.0,0.9434,Medium,3,False,0.5,1
1418,1,0.8837,1.0,1.0,1.0,0.9847,0.9937,0.0,0.9833,Easy,1,False,0.5,0
1419,0,0.3913,0.3058,0.4201,0.0126,0.0236,0.0224,0.0,0.1986,Non-Duplicate,0,False,0.5,4
1420,0,0.439,0.4413,0.5712,0.8434,0.0214,0.0234,0.0,0.2655,Non-Duplicate,2,False,0.5,4
1421,0,0.4615,0.2782,0.3872,0.2282,0.0215,0.0218,0.0,0.192,Non-Duplicate,0,False,0.5,4
1422,0,0.4186,0.4238,0.2767,0.7799,0.0193,0.0194,0.0,0.2266,Non-Duplicate,2,False,0.5,4
1423,1,0.8837,1.0,0.8151,1.0,0.9918,0.9997,0.0,0.9678,Easy,1,False,0.5,0
1424,0,0.4651,0.4046,0.3507,0.0443,0.0139,0.0121,0.0,0.2291,Non-Duplicate,0,False,0.5,4
1425,0,0.4651,0.3812,0.2557,0.3362,0.0131,0.0139,0.0,0.2116,Non-Duplicate,0,False,0.5,4
1426,1,0.8511,1.0,0.7228,1.0,0.9829,0.9964,0.0,0.9524,Medium,3,False,0.5,1
1427,0,0.375,0.3587,0.5548,0.0469,0.0217,0.0193,0.0,0.2278,Non-Duplicate,0,False,0.5,4
1428,0,0.4865,0.4162,0.2712,0.381,0.0233,0.0238,0.0,0.232,Non-Duplicate,0,False,0.5,4
1429,0,0.55,0.4594,0.6621,0.6682,0.0244,0.0268,0.0,0.2935,Non-Duplicate,2,False,0.5,4
1430,0,0.9,0.6966,0.4174,0.9793,0.3736,0.3991,0.0,0.5488,Non-Duplicate,3,False,0.5,4
1431,0,0.5556,0.4404,0.3205,0.4451,0.0271,0.0285,0.0,0.2542,Non-Duplicate,0,False,0.5,4
1432,0,0.4615,0.3571,0.3927,0.3405,0.0226,0.0264,0.0,0.2213,Non-Duplicate,0,False,0.5,4
1433,0,0.4545,0.4182,0.4142,0.7453,0.0087,0.0061,0.0,0.2366,Non-Duplicate,2,False,0.5,4
1434,1,0.9268,1.0,0.7667,1.0,0.946,0.951,0.0,0.9461,Medium,1,False,0.5,1
1435,0,0.5128,0.362,0.5434,0.3142,0.0193,0.0186,0.0,0.2408,Non-Duplicate,0,False,0.5,4
1436,0,0.4878,0.4523,0.337,0.8999,0.0163,0.0163,0.0,0.2481,Non-Duplicate,2,False,0.5,4
1437,1,0.7391,1.0,0.6174,1.0,0.9632,0.974,0.0,0.9213,Hard,3,False,0.5,2
1438,0,0.4231,0.324,0.4329,0.0178,0.0443,0.0514,0.0,0.2204,Non-Duplicate,0,False,0.5,4
1439,1,0.8621,1.0,0.6667,1.0,1.0,1.0,0.0,0.9529,Medium,3,False,0.5,1
1440,1,0.8444,1.0,0.6667,1.0,0.9786,0.9773,0.0,0.9412,Medium,3,False,0.5,1
1441,1,0.8846,1.0,0.8607,1.0,0.8961,0.9177,0.0,0.9321,Medium,1,False,0.5,1
1442,1,0.7451,0.9739,0.5932,1.0,0.9382,0.9906,0.0,0.9074,Hard,3,False,0.5,2
1443,1,0.8772,1.0,0.6219,1.0,0.976,0.9759,0.0,0.9391,Medium,3,False,0.5,1
1444,1,0.8511,1.0,1.0,1.0,0.9871,0.9886,0.0,0.9796,Easy,1,False,0.5,0
1445,0,0.5128,0.2799,0.3306,0.2226,0.0169,0.0174,0.0,0.19,Non-Duplicate,0,False,0.5,4
1446,1,0.7857,1.0,0.6667,1.0,0.9486,0.9477,0.0,0.9219,Hard,3,False,0.5,2
1447,0,0.5128,0.3143,0.3982,0.2734,0.0206,0.0227,0.0,0.2108,Non-Duplicate,0,False,0.5,4
1448,1,0.8837,1.0,0.4333,1.0,0.975,0.975,0.0,0.9205,Hard,3,False,0.5,2
1449,1,0.9268,0.9963,0.4333,1.0,0.9576,0.9723,0.0,0.9186,Hard,3,False,0.5,2
1450,1,0.9062,0.9993,0.4142,1.0,0.9991,1.0,0.0,0.9316,Hard,3,False,0.5,2
1451,1,0.9302,1.0,0.4333,1.0,0.9914,0.9935,0.0,0.9329,Medium,3,False,0.5,1
1452,1,0.9302,1.0,1.0,1.0,0.981,0.9972,0.0,0.9877,Easy,1,False,0.5,0
1453,1,0.76,0.996,0.4333,1.0,0.988,0.9993,0.0,0.9148,Hard,3,False,0.5,2
1454,0,0.5641,0.2935,0.4096,0.2301,0.0162,0.0154,0.0,0.2072,Non-Duplicate,0,False,0.5,4
1455,1,0.7692,1.0,0.4333,1.0,0.9926,0.9966,0.0,0.9177,Hard,3,False,0.5,2
1456,1,0.8636,1.0,0.6667,1.0,0.9749,0.9735,0.0,0.9414,Medium,3,False,0.5,1
1457,1,0.7547,0.9778,0.4333,1.0,0.9489,0.993,0.0,0.8969,Hard,3,False,0.5,2
1458,1,0.7879,0.9075,1.0,1.0,0.9997,1.0,0.0,0.9463,Medium,1,False,0.5,1
1459,1,0.8785,0.5357,0.6667,1.0,0.9986,0.9999,0.0,0.7916,Hard,3,False,0.5,2
1460,1,0.878,0.9847,0.9781,1.0,0.9421,0.9612,0.0,0.958,Easy,1,False,0.5,0
1461,1,0.84,1.0,1.0,1.0,0.9803,0.9979,0.0,0.9787,Easy,1,False,0.5,0
1462,1,0.8571,1.0,0.6667,1.0,1.0,1.0,0.0,0.9524,Medium,3,False,0.5,1
1463,0,0.5641,0.2832,0.3374,0.2441,0.0108,0.0137,0.0,0.1947,Non-Duplicate,0,False,0.5,4
1464,0,0.5366,0.3961,0.1361,0.3567,0.0195,0.0204,0.0,0.2149,Non-Duplicate,0,False,0.5,4
1465,0,0.5641,0.305,0.5868,0.2126,0.0167,0.0181,0.0,0.2296,Non-Duplicate,0,False,0.5,4
1466,0,0.6316,0.43,0.2498,0.4267,0.0231,0.0232,0.0,0.249,Non-Duplicate,0,False,0.5,4
1467,1,0.8511,1.0,0.5511,1.0,0.99,0.991,0.0,0.9359,Medium,3,False,0.5,1
1468,0,0.4255,0.4532,0.6005,0.0552,0.0215,0.026,0.0,0.2718,Non-Duplicate,0,False,0.5,4
1469,0,0.3571,0.3352,0.3242,0.0528,0.0199,0.0278,0.0,0.196,Non-Duplicate,0,False,0.5,4
1470,0,0.55,0.3701,0.2795,0.3303,0.0178,0.017,0.0,0.2203,Non-Duplicate,0,False,0.5,4
1471,1,0.84,1.0,1.0,1.0,0.9082,0.9083,0.0,0.9427,Medium,1,False,0.5,1
1472,0,0.3846,0.2913,0.2594,0.012,0.0431,0.0508,0.0,0.1873,Non-Duplicate,0,False,0.5,4
1473,1,0.8,1.0,0.5059,1.0,0.9674,0.9966,0.0,0.9218,Hard,3,False,0.5,2
1474,0,0.5641,0.3518,0.579,0.3202,0.0194,0.0178,0.0,0.2458,Non-Duplicate,0,False,0.5,4
1475,0,0.4103,0.4165,0.4279,0.9046,0.0183,0.0209,0.0,0.2383,Non-Duplicate,2,False,0.5,4
1476,1,0.7451,1.0,0.4333,1.0,1.0,1.0,0.0,0.9178,Hard,3,False,0.5,2
1477,0,0.5128,0.2931,0.5548,0.2564,0.0186,0.0202,0.0,0.218,Non-Duplicate,0,False,0.5,4
1478,0,0.4,0.3723,0.4772,0.3181,0.0183,0.0184,0.0,0.2263,Non-Duplicate,0,False,0.5,4
1479,0,0.6316,0.3964,0.2484,0.3545,0.0269,0.0279,0.0,0.239,Non-Duplicate,0,False,0.5,4
1480,1,0.8837,0.991,0.6667,1.0,0.9845,0.9979,0.0,0.9476,Medium,3,False,0.5,1
1481,1,0.8571,1.0,0.6667,1.0,0.9656,0.9701,0.0,0.9378,Medium,3,False,0.5,1
1482,1,0.8444,1.0,0.6667,1.0,0.9897,0.9893,0.0,0.9464,Medium,3,False,0.5,1
1483,0,0.4186,0.4023,0.384,0.3768,0.0224,0.0224,0.0,0.2311,Non-Duplicate,0,False,0.5,4
1484,1,0.9362,1.0,0.7667,1.0,0.9726,0.9751,0.0,0.9585,Easy,1,False,0.5,0
1485,0,0.95,0.637,0.3607,0.6436,0.2505,0.2648,0.0,0.4696,Non-Duplicate,2,False,0.5,4
1486,0,0.6809,0.7065,0.4178,0.9303,0.2738,0.2814,0.0,0.4819,Non-Duplicate,2,False,0.5,4
1487,0,0.4865,0.3224,0.3959,0.2434,0.0195,0.0198,0.0,0.2099,Non-Duplicate,0,False,0.5,4
1488,1,0.76,0.9985,0.6667,1.0,0.995,0.9996,0.0,0.9408,Medium,3,False,0.5,1
1489,0,0.95,0.7014,0.5594,0.8701,0.3703,0.3829,0.0,0.5656,Non-Duplicate,3,False,0.5,4
1490,0,0.5714,0.3644,0.5991,0.2971,0.0264,0.0277,0.0,0.2567,Non-Duplicate,0,False,0.5,4
1491,0,0.8947,0.8183,0.2571,0.9339,0.3708,0.3971,0.0,0.5737,Non-Duplicate,3,False,0.5,4
1492,1,0.8261,0.9956,0.6667,1.0,0.9972,0.9998,0.0,0.947,Medium,3,False,0.5,1
1493,1,0.7547,1.0,0.6667,1.0,1.0,1.0,0.0,0.9421,Medium,3,False,0.5,1
1494,0,0.5641,0.2843,0.3662,0.2129,0.0176,0.0195,0.0,0.2008,Non-Duplicate,0,False,0.5,4
1495,0,0.5128,0.3126,0.3105,0.2835,0.0209,0.0203,0.0,0.201,Non-Duplicate,0,False,0.5,4
1496,0,0.3284,0.2498,0.2977,0.0127,0.0518,0.0575,0.0,0.1745,Non-Duplicate,0,False,0.5,4
1497,0,0.6111,0.3297,0.421,0.2339,0.0256,0.0264,0.0,0.2303,Non-Duplicate,0,False,0.5,4
1498,1,0.8372,1.0,0.5575,1.0,0.9595,0.9715,0.0,0.9236,Hard,3,False,0.5,2
1499,1,0.8837,1.0,0.9096,1.0,0.9954,0.9999,0.0,0.9782,Easy,1,False,0.5,0
1500,0,0.4615,0.2884,0.6201,0.2336,0.0291,0.033,0.0,0.223,Non-Duplicate,0,False,0.5,4
1501,1,0.7692,0.9937,0.6667,1.0,0.9759,0.9944,0.0,0.9342,Medium,3,False,0.5,1
1502,1,0.8889,0.9969,0.6667,1.0,1.0,1.0,0.0,0.9545,Medium,3,False,0.5,1
1503,0,0.45,0.4176,0.4192,0.4357,0.018,0.0176,0.0,0.2411,Non-Duplicate,0,False,0.5,4
1504,1,0.8312,0.9759,0.4333,1.0,0.9915,0.9999,0.0,0.9159,Hard,3,False,0.5,2
1505,0,0.5333,0.8999,0.6119,0.5916,0.2986,0.3106,0.0,0.5663,Non-Duplicate,2,False,0.5,4
1506,0,0.4082,0.2152,0.4306,0.0199,0.0399,0.0422,0.0,0.1776,Non-Duplicate,0,False,0.5,4
1507,0,0.4651,0.4262,0.2553,0.8573,0.0241,0.0222,0.0,0.2317,Non-Duplicate,2,False,0.5,4
1508,0,0.3793,0.2736,0.6932,0.0127,0.041,0.0474,0.0,0.2227,Non-Duplicate,0,False,0.5,4
1509,1,0.7451,1.0,0.8822,1.0,0.9943,0.999,0.0,0.9611,Easy,1,False,0.5,0
1510,0,0.3284,0.2312,0.2384,0.0119,0.0281,0.0344,0.0,0.1515,Non-Duplicate,0,False,0.5,4
1511,1,0.8889,0.9909,0.7068,1.0,0.9104,0.9122,0.0,0.9164,Hard,3,False,0.5,2
1512,1,0.9057,1.0,0.9429,1.0,0.978,0.9979,0.0,0.9789,Easy,1,False,0.5,0
1513,1,0.878,0.9751,0.4333,1.0,0.9295,0.946,0.0,0.894,Hard,3,False,0.5,2
1514,0,0.5455,0.7541,0.2059,0.9672,0.4578,0.4721,0.0,0.548,Non-Duplicate,2,False,0.5,4
1515,1,0.8261,1.0,0.5868,1.0,1.0,1.0,0.0,0.9413,Medium,3,False,0.5,1
1516,1,0.9275,0.9983,0.7667,1.0,0.9995,0.9997,0.0,0.9686,Easy,1,False,0.5,0
1517,1,0.7547,0.9503,1.0,1.0,0.8048,0.877,0.0,0.8847,Hard,1,False,0.5,2
1518,1,0.7451,0.9984,1.0,1.0,0.9902,0.9994,0.0,0.9714,Easy,1,False,0.5,0
1519,1,0.8837,1.0,0.7667,1.0,0.9882,0.989,0.0,0.9599,Easy,1,False,0.5,0
1520,1,0.7451,0.9675,0.6667,1.0,0.9498,0.9953,0.0,0.9163,Hard,3,False,0.5,2
1521,1,0.8679,1.0,0.4333,1.0,0.9955,0.9999,0.0,0.929,Hard,3,False,0.5,2
1522,1,0.7308,0.9982,0.6411,1.0,0.9719,0.9978,0.0,0.9291,Hard,3,False,0.5,2
1523,1,0.8519,1.0,1.0,1.0,0.8845,0.8852,0.0,0.9334,Medium,1,False,0.5,1
1524,1,0.8444,1.0,0.995,1.0,0.9761,0.9862,0.0,0.9752,Easy,1,False,0.5,0
1525,1,0.8,0.9979,1.0,1.0,0.9976,0.9989,0.0,0.9785,Easy,1,False,0.5,0
1526,0,0.5128,0.3209,0.4324,0.2471,0.0111,0.0107,0.0,0.2118,Non-Duplicate,0,False,0.5,4
1527,0,0.5238,0.4726,0.6032,0.9301,0.0201,0.0231,0.0,0.2877,Non-Duplicate,2,False,0.5,4
1528,0,0.3556,0.3337,0.2037,0.0155,0.0433,0.0513,0.0,0.1938,Non-Duplicate,0,False,0.5,4
1529,1,0.7692,0.9794,0.7667,1.0,0.9404,0.9876,0.0,0.929,Hard,1,False,0.5,2
1530,0,0.5641,0.3576,0.3831,0.3176,0.0254,0.0255,0.0,0.2313,Non-Duplicate,0,False,0.5,4
1531,0,0.55,0.4132,0.3785,0.814,0.0098,0.0122,0.0,0.2424,Non-Duplicate,2,False,0.5,4
1532,0,0.5128,0.3349,0.2297,0.231,0.0205,0.0212,0.0,0.2008,Non-Duplicate,0,False,0.5,4
1533,0,0.5128,0.2725,0.2667,0.2093,0.0185,0.0198,0.0,0.1819,Non-Duplicate,0,False,0.5,4
1534,1,0.76,1.0,0.4333,1.0,1.0,1.0,0.0,0.9193,Hard,3,False,0.5,2
1535,0,0.6842,0.4205,0.5945,0.3904,0.0302,0.0323,0.0,0.289,Non-Duplicate,0,False,0.5,4
1536,0,0.4615,0.3275,0.2612,0.2931,0.0276,0.0285,0.0,0.1995,Non-Duplicate,0,False,0.5,4
1537,1,0.7308,1.0,0.7667,1.0,0.9853,0.9995,0.0,0.946,Medium,1,False,0.5,1
1538,1,0.7308,0.9954,0.4658,1.0,0.9826,0.9983,0.0,0.9133,Hard,3,False,0.5,2
1539,0,0.5128,0.3874,0.7155,0.3273,0.0188,0.019,0.0,0.2669,Non-Duplicate,0,False,0.5,4
1540,0,0.4615,0.2932,0.3553,0.2397,0.0207,0.0211,0.0,0.1937,Non-Duplicate,0,False,0.5,4
1541,1,0.7451,0.9699,0.4333,1.0,0.9539,0.9928,0.0,0.8943,Hard,3,False,0.5,2
1542,0,0.8947,0.8151,0.379,0.9552,0.3659,0.3887,0.0,0.5819,Non-Duplicate,3,False,0.5,4
1543,1,0.878,1.0,0.6667,1.0,0.9513,0.9523,0.0,0.9328,Medium,3,False,0.5,1
1544,1,0.7407,0.9943,0.4333,1.0,0.9843,0.9974,0.0,0.911,Hard,3,False,0.5,2
1545,0,0.5405,0.3556,0.3311,0.2609,0.0194,0.0219,0.0,0.2209,Non-Duplicate,0,False,0.5,4
1546,0,0.4545,0.4242,0.3872,0.0493,0.0177,0.0203,0.0,0.2411,Non-Duplicate,0,False,0.5,4
1547,0,0.5,0.3949,0.3132,0.5584,0.0093,0.0133,0.0,0.2245,Non-Duplicate,2,False,0.5,4
1548,0,0.5641,0.3023,0.6128,0.2251,0.0279,0.0294,0.0,0.2363,Non-Duplicate,0,False,0.5,4
1549,1,0.8837,0.9985,0.8438,1.0,0.9827,0.9879,0.0,0.9655,Easy,1,False,0.5,0
1550,0,0.4314,0.0979,0.4872,0.0484,0.0183,0.0159,0.0,0.1339,Non-Duplicate,0,False,0.5,4
1551,1,0.7451,0.9604,0.6667,1.0,0.9269,0.962,0.0,0.9015,Hard,3,False,0.5,2
1552,1,0.8772,1.0,0.6667,1.0,0.9601,0.9637,0.0,0.9372,Medium,3,False,0.5,1
1553,0,0.3284,0.2431,0.3703,0.0124,0.0117,0.0112,0.0,0.1601,Non-Duplicate,0,False,0.5,4
1554,1,0.8333,0.9875,1.0,1.0,0.9506,0.9722,0.0,0.961,Easy,1,False,0.5,0
1555,1,0.8444,1.0,0.4333,1.0,0.9734,0.9756,0.0,0.9162,Hard,3,False,0.5,2
1556,1,0.7937,0.9995,1.0,1.0,0.9999,1.0,0.0,0.9792,Easy,1,False,0.5,0
1557,0,0.4615,0.323,0.384,0.289,0.023,0.0254,0.0,0.2084,Non-Duplicate,0,False,0.5,4
1558,1,0.8261,1.0,0.6667,1.0,0.9654,0.9638,0.0,0.9334,Medium,3,False,0.5,1
1559,1,0.7308,0.9955,0.6009,1.0,0.9879,0.9995,0.0,0.9285,Hard,3,False,0.5,2
1560,0,0.5128,0.2749,0.3936,0.2076,0.0169,0.0182,0.0,0.1947,Non-Duplicate,0,False,0.5,4
1561,0,0.4444,0.4573,0.5868,0.8037,0.0143,0.0166,0.0,0.2701,Non-Duplicate,2,False,0.5,4
1562,0,0.4762,0.4412,0.3461,0.8897,0.0115,0.0097,0.0,0.2415,Non-Duplicate,2,False,0.5,4
1563,0,0.5128,0.317,0.3525,0.261,0.0162,0.0205,0.0,0.2056,Non-Duplicate,0,False,0.5,4
1564,1,0.8636,1.0,0.4333,1.0,0.911,0.9093,0.0,0.8893,Hard,3,False,0.5,2
1565,0,0.5946,0.3221,0.516,0.2358,0.0154,0.0152,0.0,0.2307,Non-Duplicate,0,False,0.5,4
1566,1,0.9091,0.9947,0.6658,1.0,0.9197,0.9225,0.0,0.92,Hard,3,False,0.5,2
1567,1,0.9268,1.0,0.4333,1.0,0.9705,0.9768,0.0,0.924,Hard,3,False,0.5,2
1568,1,0.8444,1.0,0.6274,1.0,0.9766,0.979,0.0,0.9371,Medium,3,False,0.5,1
1569,0,0.5,0.4013,0.2749,0.3564,0.0244,0.0234,0.0,0.2287,Non-Duplicate,0,False,0.5,4
1570,1,0.9268,0.9781,1.0,1.0,0.9512,0.9726,0.0,0.9673,Easy,1,False,0.5,0
1571,0,0.4583,0.3702,0.2324,0.0197,0.0358,0.0429,0.0,0.2162,Non-Duplicate,0,False,0.5,4
1572,0,0.4444,0.3859,0.3553,0.5602,0.0069,0.0068,0.0,0.2181,Non-Duplicate,2,False,0.5,4
1573,1,0.7547,0.9931,1.0,1.0,0.9767,0.9979,0.0,0.9668,Easy,1,False,0.5,0
1574,1,0.7547,0.9817,1.0,1.0,0.963,0.9951,0.0,0.9588,Easy,1,False,0.5,0
1575,1,0.8727,1.0,0.7671,1.0,0.9505,0.9626,0.0,0.9441,Medium,1,False,0.5,1
1576,1,0.9383,0.973,0.6667,1.0,0.9998,0.9999,0.0,0.951,Medium,3,False,0.5,1
1577,0,0.4545,0.4181,0.6055,0.5752,0.0177,0.0185,0.0,0.2605,Non-Duplicate,2,False,0.5,4
1578,0,0.4651,0.3458,0.2146,0.2816,0.018,0.0205,0.0,0.1976,Non-Duplicate,0,False,0.5,4
1579,1,0.7667,1.0,0.6667,1.0,0.9807,0.9826,0.0,0.935,Medium,3,False,0.5,1
1580,1,0.8889,1.0,0.6667,1.0,0.9977,0.9997,0.0,0.9549,Medium,3,False,0.5,1
1581,0,0.6111,0.3411,0.3612,0.2484,0.0166,0.018,0.0,0.2243,Non-Duplicate,0,False,0.5,4
1582,1,0.8889,1.0,0.9699,1.0,0.9413,0.9423,0.0,0.9597,Easy,1,False,0.5,0
1583,0,0.5946,0.3992,0.3662,0.3705,0.0251,0.0256,0.0,0.2472,Non-Duplicate,0,False,0.5,4
1584,1,0.8889,1.0,0.6539,1.0,0.9889,0.9959,0.0,0.9507,Medium,3,False,0.5,1
1585,1,0.9333,1.0,0.9557,1.0,1.0,1.0,0.0,0.9889,Easy,1,False,0.5,0
1586,0,0.4651,0.315,0.4315,0.2608,0.0224,0.0241,0.0,0.2104,Non-Duplicate,0,False,0.5,4
1587,0,0.5128,0.3205,0.3621,0.2951,0.019,0.019,0.0,0.2082,Non-Duplicate,0,False,0.5,4
1588,1,0.8837,1.0,1.0,1.0,0.9898,0.9988,0.0,0.9856,Easy,1,False,0.5,0
1589,1,0.7451,0.997,0.9731,1.0,0.9932,0.9997,0.0,0.969,Easy,1,False,0.5,0
1590,0,0.3529,0.2899,0.3169,0.0163,0.0454,0.0433,0.0,0.1884,Non-Duplicate,0,False,0.5,4
1591,1,0.8889,1.0,0.6667,1.0,0.9842,0.9924,0.0,0.9501,Medium,3,False,0.5,1
1592,1,0.8636,0.9995,0.6667,1.0,0.9761,0.9984,0.0,0.9466,Medium,3,False,0.5,1
1593,1,0.8837,1.0,0.9507,1.0,0.9933,0.9996,0.0,0.9817,Easy,1,False,0.5,0
1594,1,0.9048,0.9662,0.5813,1.0,0.7861,0.8108,0.0,0.8455,Hard,3,False,0.5,2
1595,0,0.5128,0.4161,0.5904,0.3935,0.0214,0.0238,0.0,0.2661,Non-Duplicate,0,False,0.5,4
1596,0,0.5641,0.305,0.2137,0.2501,0.0227,0.0245,0.0,0.1951,Non-Duplicate,0,False,0.5,4
1597,0,0.5238,0.2995,0.3521,0.2367,0.0221,0.0244,0.0,0.2028,Non-Duplicate,0,False,0.5,4
1598,0,0.3214,0.3315,0.4539,0.0506,0.0146,0.0085,0.0,0.1989,Non-Duplicate,0,False,0.5,4
1599,1,0.9362,1.0,0.7667,1.0,0.9441,0.9467,0.0,0.9456,Medium,1,False,0.5,1
1600,0,0.55,0.409,0.584,0.3568,0.0214,0.0228,0.0,0.2665,Non-Duplicate,0,False,0.5,4
1601,0,0.439,0.3332,0.3484,0.2577,0.0163,0.0163,0.0,0.2027,Non-Duplicate,0,False,0.5,4
1602,0,0.5128,0.2985,0.3936,0.2601,0.0253,0.026,0.0,0.2066,Non-Duplicate,0,False,0.5,4
1603,1,0.9057,1.0,0.6667,1.0,1.0,1.0,0.0,0.9572,Easy,3,False,0.5,0
1604,0,0.5556,0.3362,0.3215,0.2407,0.0183,0.0201,0.0,0.214,Non-Duplicate,0,False,0.5,4
1605,1,0.7636,0.9588,0.7667,1.0,0.89,0.9885,0.0,0.9088,Hard,1,False,0.5,2
1606,0,0.7556,0.678,0.3443,0.8058,0.1999,0.2064,0.0,0.4386,Non-Duplicate,2,False,0.5,4
1607,1,0.7451,0.9943,0.6667,1.0,0.9718,0.9975,0.0,0.9316,Hard,3,False,0.5,2
1608,1,0.8542,0.9976,0.5918,1.0,0.9973,0.9998,0.0,0.943,Medium,3,False,0.5,1
1609,1,0.8627,1.0,1.0,1.0,0.9877,0.9994,0.0,0.9831,Easy,1,False,0.5,0
1610,0,0.4314,0.0889,0.4251,0.0502,0.0202,0.0216,0.0,0.1261,Non-Duplicate,0,False,0.5,4
1611,0,0.4186,0.4071,0.4128,0.5892,0.0103,0.0098,0.0,0.2301,Non-Duplicate,2,False,0.5,4
1612,0,0.4103,0.4276,0.3913,0.872,0.0187,0.0187,0.0,0.2382,Non-Duplicate,2,False,0.5,4
1613,0,0.4865,0.4103,0.3744,0.9877,0.0118,0.0129,0.0,0.2353,Non-Duplicate,2,False,0.5,4
1614,1,0.8372,0.9907,0.8662,1.0,0.9789,0.9921,0.0,0.9602,Easy,1,False,0.5,0
1615,1,0.8462,1.0,1.0,1.0,0.998,1.0,0.0,0.9841,Easy,1,False,0.5,0
1616,0,0.55,0.3855,0.2183,0.3337,0.0293,0.0296,0.0,0.225,Non-Duplicate,0,False,0.5,4
1617,0,0.4651,0.4062,0.1082,0.3787,0.0256,0.0274,0.0,0.2114,Non-Duplicate,0,False,0.5,4
1618,0,0.55,0.3472,0.458,0.2838,0.0218,0.0215,0.0,0.2321,Non-Duplicate,0,False,0.5,4
1619,0,0.4878,0.4378,0.4242,0.8063,0.0142,0.0149,0.0,0.251,Non-Duplicate,2,False,0.5,4
1620,1,0.7308,0.9943,0.4333,1.0,0.9885,0.9992,0.0,0.9114,Hard,3,False,0.5,2
1621,1,0.8261,0.9955,0.7667,1.0,0.9766,0.9983,0.0,0.9515,Medium,1,False,0.5,1
1622,1,0.7547,0.9672,0.5046,1.0,0.9428,0.9844,0.0,0.897,Hard,3,False,0.5,2
1623,1,0.8636,1.0,0.8205,1.0,0.9965,0.9996,0.0,0.9675,Easy,1,False,0.5,0
1624,0,0.2903,0.2669,0.3489,0.012,0.0258,0.0296,0.0,0.1697,Non-Duplicate,0,False,0.5,4
1625,1,0.9302,0.9525,1.0,1.0,0.9352,0.952,0.0,0.9506,Medium,1,False,0.5,1
1626,0,0.45,0.2997,0.4626,0.2123,0.0235,0.0262,0.0,0.2072,Non-Duplicate,0,False,0.5,4
1627,1,0.898,0.9762,0.6667,1.0,0.9743,0.9966,0.0,0.941,Medium,3,False,0.5,1
1628,1,0.8571,1.0,1.0,1.0,0.9819,0.9988,0.0,0.9809,Easy,1,False,0.5,0
1629,1,0.7742,1.0,0.6667,1.0,1.0,1.0,0.0,0.9441,Medium,3,False,0.5,1
1630,0,0.4615,0.2826,0.4018,0.2163,0.021,0.0224,0.0,0.195,Non-Duplicate,0,False,0.5,4
1631,1,0.875,1.0,0.6667,1.0,0.9886,0.9975,0.0,0.9508,Medium,3,False,0.5,1
1632,0,0.45,0.2953,0.7525,0.2067,0.0248,0.0255,0.0,0.2349,Non-Duplicate,0,False,0.5,4
1633,1,0.8727,1.0,0.7667,1.0,1.0,1.0,0.0,0.9639,Easy,1,False,0.5,0
1634,0,0.4444,0.4754,0.4685,0.9902,0.0238,0.0235,0.0,0.2683,Non-Duplicate,2,False,0.5,4
1635,1,0.7451,1.0,0.8936,1.0,0.9862,0.9989,0.0,0.9602,Easy,1,False,0.5,0
1636,1,0.9302,1.0,0.5338,1.0,0.9732,0.9759,0.0,0.9349,Medium,3,False,0.5,1
1637,1,0.8444,1.0,1.0,1.0,0.9862,0.9854,0.0,0.9781,Easy,1,False,0.5,0
1638,1,0.9057,1.0,0.6667,1.0,0.9024,0.9034,0.0,0.9135,Hard,3,False,0.5,2
1639,1,0.9268,1.0,1.0,1.0,0.9932,0.9996,0.0,0.9909,Easy,1,False,0.5,0
1640,1,0.7547,0.9956,0.4425,1.0,0.9513,0.9604,0.0,0.8981,Hard,3,False,0.5,2
1641,1,0.8696,1.0,0.305,1.0,0.9664,0.9923,0.0,0.9075,Hard,3,False,0.5,2
1642,0,0.5128,0.3603,0.2123,0.3402,0.024,0.0253,0.0,0.2097,Non-Duplicate,0,False,0.5,4
1643,0,0.4091,0.4279,0.3817,0.7835,0.008,0.0084,0.0,0.2325,Non-Duplicate,2,False,0.5,4
1644,0,0.3793,0.4396,0.3146,0.0822,0.022,0.0251,0.0,0.2338,Non-Duplicate,0,False,0.5,4
1645,1,0.8511,1.0,0.6667,1.0,0.9769,0.9806,0.0,0.9421,Medium,3,False,0.5,1
1646,0,0.5238,0.4316,0.332,0.7464,0.0206,0.0192,0.0,0.2456,Non-Duplicate,2,False,0.5,4
1647,1,0.8511,1.0,1.0,1.0,0.9931,0.9992,0.0,0.9832,Easy,1,False,0.5,0
1648,1,0.878,0.981,0.6667,1.0,0.9558,0.9699,0.0,0.9307,Hard,3,False,0.5,2
1649,1,0.9057,0.9984,0.6667,1.0,0.9986,0.9991,0.0,0.9562,Easy,3,False,0.5,0
1650,1,0.8837,0.9862,0.668,1.0,0.9461,0.9892,0.0,0.9347,Medium,3,False,0.5,1
1651,0,0.5128,0.329,0.3114,0.3008,0.0184,0.0183,0.0,0.2058,Non-Duplicate,0,False,0.5,4
1652,0,0.4737,0.4335,0.3018,0.8206,0.0071,0.0064,0.0,0.2323,Non-Duplicate,2,False,0.5,4
1653,0,0.4211,0.4464,0.4032,0.8847,0.016,0.0166,0.0,0.246,Non-Duplicate,2,False,0.5,4
1654,1,0.9515,0.9995,1.0,1.0,0.9992,0.9998,0.0,0.9947,Easy,1,False,0.5,0
1655,1,0.8261,1.0,1.0,1.0,0.9927,0.9966,0.0,0.9801,Easy,1,False,0.5,0
1656,0,0.4615,0.386,0.3534,0.3097,0.0252,0.0262,0.0,0.2281,Non-Duplicate,0,False,0.5,4
1657,0,0.5366,0.4457,0.3493,0.9634,0.0114,0.0111,0.0,0.2496,Non-Duplicate,2,False,0.5,4
1658,0,0.5128,0.3461,0.6416,0.3219,0.0224,0.0242,0.0,0.247,Non-Duplicate,0,False,0.5,4
1659,1,0.8837,0.9724,0.6621,1.0,0.9256,0.9469,0.0,0.9157,Hard,3,False,0.5,2
1660,1,0.9302,1.0,0.4333,1.0,0.9582,0.9579,0.0,0.9175,Hard,3,False,0.5,2
1661,1,0.8444,1.0,1.0,1.0,0.9888,0.9992,0.0,0.9815,Easy,1,False,0.5,0
1662,0,0.6316,0.3853,0.5356,0.3423,0.0238,0.0246,0.0,0.2625,Non-Duplicate,0,False,0.5,4
1663,1,0.918,0.9739,1.0,1.0,0.9995,0.9994,0.0,0.9824,Easy,1,False,0.5,0
1664,0,0.6316,0.3796,0.4005,0.3472,0.0145,0.0176,0.0,0.2432,Non-Duplicate,0,False,0.5,4
1665,0,0.4186,0.3571,0.4502,0.2959,0.0189,0.0194,0.0,0.2205,Non-Duplicate,0,False,0.5,4
1666,1,0.76,0.9971,0.6667,1.0,0.9933,0.9998,0.0,0.9399,Medium,3,False,0.5,1
1667,1,0.7407,1.0,1.0,1.0,0.9889,0.9922,0.0,0.9697,Easy,1,False,0.5,0
1668,0,0.95,0.662,0.2836,0.9671,0.3538,0.392,0.0,0.5219,Non-Duplicate,3,False,0.5,4
1669,0,0.5128,0.2674,0.4105,0.2057,0.0239,0.0236,0.0,0.1966,Non-Duplicate,0,False,0.5,4
1670,1,0.7692,0.9811,0.6667,1.0,0.9522,0.9958,0.0,0.9242,Hard,3,False,0.5,2
1671,0,0.4651,0.4095,0.5196,0.8333,0.0086,0.007,0.0,0.2454,Non-Duplicate,2,False,0.5,4
1672,1,0.9268,0.9974,0.6667,1.0,0.9816,0.9992,0.0,0.9537,Medium,3,False,0.5,1
1673,0,0.9,0.6897,0.3995,0.9397,0.3819,0.4092,0.0,0.5487,Non-Duplicate,3,False,0.5,4
1674,0,0.4545,0.6871,0.4265,0.812,0.2491,0.267,0.0,0.4443,Non-Duplicate,2,False,0.5,4
1675,1,0.8923,0.9944,0.6667,1.0,0.9997,0.9998,0.0,0.9538,Medium,3,False,0.5,1
1676,0,0.55,0.4542,0.2434,0.8981,0.0238,0.0272,0.0,0.2497,Non-Duplicate,2,False,0.5,4
1677,0,0.5405,0.4194,0.263,0.6566,0.0239,0.0198,0.0,0.2371,Non-Duplicate,2,False,0.5,4
1678,1,0.8636,0.9957,0.6667,1.0,0.9384,0.9434,0.0,0.9248,Hard,3,False,0.5,2
1679,1,0.9268,1.0,0.6667,1.0,0.994,0.9989,0.0,0.9576,Easy,3,False,0.5,0
1680,1,0.8727,0.9721,0.6667,1.0,0.9723,0.9803,0.0,0.9333,Medium,3,False,0.5,1
1681,1,0.7308,0.9983,1.0,1.0,0.9659,0.9786,0.0,0.9597,Easy,1,False,0.5,0
1682,1,0.8837,1.0,0.7667,1.0,0.9924,0.9995,0.0,0.963,Easy,1,False,0.5,0
1683,0,0.3284,0.2471,0.31,0.0139,0.0367,0.0436,0.0,0.1682,Non-Duplicate,0,False,0.5,4
1684,1,0.7451,0.9955,0.6667,1.0,0.9586,0.9928,0.0,0.9278,Hard,3,False,0.5,2
1685,0,0.6,0.4102,0.3082,0.3763,0.0267,0.0283,0.0,0.2467,Non-Duplicate,0,False,0.5,4
1686,1,0.7547,1.0,0.7667,1.0,0.9925,0.9994,0.0,0.9502,Medium,1,False,0.5,1
1687,0,0.4103,0.4155,0.3251,0.8785,0.0215,0.0207,0.0,0.2285,Non-Duplicate,2,False,0.5,4
1688,0,0.4545,0.4543,0.4895,0.8274,0.0143,0.0148,0.0,0.2599,Non-Duplicate,2,False,0.5,4
1689,1,0.9412,1.0,0.4333,1.0,1.0,1.0,0.0,0.9375,Medium,3,False,0.5,1
1690,0,0.5405,0.4629,0.2425,0.8239,0.0145,0.0117,0.0,0.2463,Non-Duplicate,2,False,0.5,4
1691,1,0.7547,1.0,0.5347,1.0,0.9306,0.9403,0.0,0.8997,Hard,3,False,0.5,2
1692,0,0.5,0.4396,0.2575,0.4429,0.0263,0.0287,0.0,0.242,Non-Duplicate,0,False,0.5,4
1693,1,0.7308,0.9663,0.6667,1.0,0.9387,0.9659,0.0,0.9058,Hard,3,False,0.5,2
1694,1,0.7308,1.0,0.3877,1.0,1.0,1.0,0.0,0.9118,Hard,3,False,0.5,2
1695,1,0.7308,0.9971,0.5721,1.0,0.9759,0.9796,0.0,0.9192,Hard,3,False,0.5,2
1696,0,0.4091,0.3331,0.4096,0.2678,0.0147,0.0162,0.0,0.2053,Non-Duplicate,0,False,0.5,4
1697,1,0.9048,0.9984,0.6667,1.0,0.9985,0.9998,0.0,0.9562,Easy,3,False,0.5,0
1698,1,0.9302,1.0,0.6667,1.0,0.9973,0.9999,0.0,0.959,Easy,3,False,0.5,0
1699,1,0.7451,0.9739,1.0,1.0,0.9672,0.9948,0.0,0.9561,Easy,1,False,0.5,0
1700,0,0.4103,0.4117,0.3973,0.8105,0.0045,0.0089,0.0,0.2278,Non-Duplicate,2,False,0.5,4
1701,0,0.5116,0.3377,0.6014,0.2661,0.0169,0.0176,0.0,0.2372,Non-Duplicate,0,False,0.5,4
1702,1,0.7797,1.0,1.0,1.0,1.0,1.0,0.0,0.978,Easy,1,False,0.5,0
1703,1,0.9302,0.9932,1.0,1.0,0.9796,0.9969,0.0,0.9849,Easy,1,False,0.5,0
1704,1,0.9412,1.0,0.6667,1.0,0.9631,0.9834,0.0,0.9482,Medium,3,False,0.5,1
1705,0,0.5128,0.2856,0.4306,0.2301,0.0304,0.031,0.0,0.2081,Non-Duplicate,0,False,0.5,4
1706,0,0.449,0.3326,0.5758,0.016,0.0309,0.0347,0.0,0.2335,Non-Duplicate,0,False,0.5,4
1707,1,0.9091,1.0,0.6858,1.0,1.0,1.0,0.0,0.9595,Easy,3,False,0.5,0
1708,0,0.4878,0.4316,0.4324,0.6697,0.0151,0.0158,0.0,0.25,Non-Duplicate,2,False,0.5,4
1709,1,0.8235,1.0,0.7886,1.0,0.9813,0.9982,0.0,0.9562,Easy,1,False,0.5,0
1710,0,0.5238,0.395,0.3758,0.5737,0.0066,0.0084,0.0,0.2315,Non-Duplicate,2,False,0.5,4
1711,0,0.5405,0.4085,0.1105,0.4211,0.016,0.0173,0.0,0.2156,Non-Duplicate,0,False,0.5,4
1712,1,0.7308,0.98,0.4333,1.0,0.9611,0.9955,0.0,0.8988,Hard,3,False,0.5,2
1713,0,0.3333,0.4379,0.4598,0.0489,0.0216,0.0295,0.0,0.2439,Non-Duplicate,0,False,0.5,4
1714,1,0.7692,0.9908,0.8913,1.0,0.9953,0.9994,0.0,0.9615,Easy,1,False,0.5,0
1715,0,0.4615,0.2815,0.3416,0.2296,0.0116,0.0105,0.0,0.1838,Non-Duplicate,0,False,0.5,4
1716,1,0.9268,1.0,0.7667,1.0,0.9965,0.9998,0.0,0.9684,Easy,1,False,0.5,0
1717,1,0.8444,1.0,0.6667,1.0,0.9983,0.9999,0.0,0.9507,Medium,3,False,0.5,1
1718,1,0.7879,1.0,1.0,1.0,0.9992,1.0,0.0,0.9786,Easy,1,False,0.5,0
1719,0,0.5846,0.4246,0.4274,0.9976,0.5918,0.7365,0.0,0.5451,Non-Duplicate,2,False,0.5,4
1720,1,0.9434,0.9954,0.3813,1.0,0.9997,0.9998,0.0,0.9307,Hard,3,False,0.5,2
1721,1,0.8889,1.0,0.6251,1.0,0.9745,0.9816,0.0,0.9413,Medium,3,False,0.5,1
1722,1,0.8837,1.0,0.6667,1.0,0.996,0.9995,0.0,0.9539,Medium,3,False,0.5,1
1723,0,0.6842,0.3458,0.2886,0.2816,0.0228,0.0232,0.0,0.2286,Non-Duplicate,0,False,0.5,4
1724,1,0.75,1.0,0.4333,1.0,1.0,1.0,0.0,0.9183,Hard,3,False,0.5,2
1725,0,0.55,0.426,0.3174,0.3867,0.0317,0.0319,0.0,0.2501,Non-Duplicate,0,False,0.5,4
1726,1,0.8511,1.0,0.7667,1.0,0.9783,0.9937,0.0,0.9551,Medium,1,False,0.5,1
1727,0,0.5641,0.3301,0.3027,0.2165,0.024,0.0253,0.0,0.2133,Non-Duplicate,0,False,0.5,4
1728,0,0.439,0.3903,0.3918,0.6675,0.0043,0.0062,0.0,0.222,Non-Duplicate,2,False,0.5,4
1729,0,0.5714,0.4293,0.189,0.4371,0.0224,0.0241,0.0,0.2367,Non-Duplicate,0,False,0.5,4
1730,0,0.3611,0.3139,0.2648,0.0164,0.0179,0.0178,0.0,0.1805,Non-Duplicate,0,False,0.5,4
1731,0,0.55,0.407,0.3941,0.362,0.0271,0.0281,0.0,0.2492,Non-Duplicate,0,False,0.5,4
1732,1,0.8511,1.0,0.4333,1.0,0.9633,0.9842,0.0,0.9161,Hard,3,False,0.5,2
1733,1,0.7451,0.9967,0.6667,1.0,0.98,0.9851,0.0,0.9321,Medium,3,False,0.5,1
1734,1,0.9412,0.9958,0.9881,1.0,0.9608,0.994,0.0,0.9805,Easy,1,False,0.5,0
1735,1,0.9091,1.0,1.0,1.0,0.9669,0.9699,0.0,0.9766,Easy,1,False,0.5,0
1736,0,0.5641,0.3233,0.3333,0.3014,0.0233,0.024,0.0,0.2135,Non-Duplicate,0,False,0.5,4
1737,0,0.5128,0.3205,0.4201,0.2715,0.0187,0.0193,0.0,0.214,Non-Duplicate,0,False,0.5,4
1738,0,0.5,0.3781,0.2306,0.3189,0.0289,0.0303,0.0,0.2187,Non-Duplicate,0,False,0.5,4
1739,0,0.3333,0.3266,0.3854,0.0116,0.0295,0.0315,0.0,0.1998,Non-Duplicate,0,False,0.5,4
1740,0,0.45,0.4225,0.2699,0.4076,0.0215,0.019,0.0,0.2291,Non-Duplicate,0,False,0.5,4
1741,1,0.8889,1.0,0.6667,1.0,0.9466,0.9945,0.0,0.9411,Medium,3,False,0.5,1
1742,0,0.4878,0.4091,0.4137,0.6867,0.0191,0.0211,0.0,0.2423,Non-Duplicate,2,False,0.5,4
1743,0,0.45,0.3913,0.3575,0.3385,0.0209,0.0214,0.0,0.2272,Non-Duplicate,0,False,0.5,4
1744,1,0.7636,0.9752,0.6667,1.0,0.8354,0.8901,0.0,0.8712,Hard,3,False,0.5,2
1745,1,0.9014,1.0,0.4333,1.0,0.9999,1.0,0.0,0.9334,Medium,3,False,0.5,1
1746,0,0.4651,0.2914,0.3968,0.2204,0.0149,0.015,0.0,0.1949,Non-Duplicate,0,False,0.5,4
1747,1,0.9302,1.0,0.489,1.0,0.9745,0.9768,0.0,0.9309,Hard,3,False,0.5,2
1748,1,0.7586,1.0,0.5658,1.0,0.9973,0.9996,0.0,0.9317,Medium,3,False,0.5,1
1749,0,0.5128,0.2652,0.3904,0.2079,0.0174,0.0178,0.0,0.191,Non-Duplicate,0,False,0.5,4
1750,1,0.9268,1.0,0.4333,1.0,0.9911,0.9906,0.0,0.9319,Medium,3,False,0.5,1
1751,0,0.5,0.3856,0.3936,0.6242,0.0136,0.0136,0.0,0.2304,Non-Duplicate,2,False,0.5,4
1752,1,0.7742,0.951,0.4333,1.0,0.8882,0.9219,0.0,0.86,Hard,3,False,0.5,2
1753,1,0.8837,0.9844,0.7667,1.0,0.9493,0.9627,0.0,0.9394,Medium,1,False,0.5,1
1754,1,0.8837,1.0,0.4333,1.0,0.9946,0.9981,0.0,0.93,Hard,3,False,0.5,2
1755,0,0.4651,0.3987,0.3196,0.3725,0.024,0.0266,0.0,0.2293,Non-Duplicate,0,False,0.5,4
1756,1,0.8333,0.9918,1.0,1.0,0.9587,0.9821,0.0,0.9665,Easy,1,False,0.5,0
1757,0,0.4615,0.3365,0.4037,0.2798,0.0273,0.0309,0.0,0.2173,Non-Duplicate,0,False,0.5,4
1758,0,0.5128,0.3519,0.3237,0.2946,0.0255,0.0268,0.0,0.2186,Non-Duplicate,0,False,0.5,4
1759,1,0.9268,0.9946,0.7667,1.0,0.9898,0.9988,0.0,0.9647,Easy,1,False,0.5,0
1760,0,0.55,0.3771,0.3169,0.3206,0.0315,0.0329,0.0,0.2331,Non-Duplicate,0,False,0.5,4
1761,1,0.7869,1.0,0.5187,1.0,0.9842,0.9893,0.0,0.9245,Hard,3,False,0.5,2
1762,1,0.8333,1.0,1.0,1.0,0.9969,0.9998,0.0,0.9825,Easy,1,False,0.5,0
1763,1,0.8889,0.992,1.0,1.0,0.9323,0.9359,0.0,0.9563,Easy,1,False,0.5,0
1764,1,0.7547,0.997,0.9963,1.0,0.9846,0.9967,0.0,0.9695,Easy,1,False,0.5,0
1765,1,0.7451,0.9988,1.0,1.0,0.9962,0.9999,0.0,0.9731,Easy,1,False,0.5,0
1766,1,0.7083,0.9792,0.7667,1.0,0.9768,0.999,0.0,0.9342,Medium,1,False,0.5,1
1767,1,0.8936,1.0,0.6667,1.0,0.9794,0.998,0.0,0.9505,Medium,3,False,0.5,1
1768,1,0.8889,1.0,1.0,1.0,1.0,1.0,0.0,0.9889,Easy,1,False,0.5,0
1769,1,0.7308,0.9963,0.6667,1.0,0.9629,0.9692,0.0,0.923,Hard,3,False,0.5,2
1770,1,0.76,1.0,1.0,1.0,0.9281,0.974,0.0,0.9528,Medium,1,False,0.5,1
1771,1,0.7451,1.0,0.6667,1.0,0.9891,0.9995,0.0,0.9384,Medium,3,False,0.5,1
1772,0,0.5128,0.3026,0.5995,0.282,0.0175,0.0172,0.0,0.225,Non-Duplicate,0,False,0.5,4
1773,0,0.4103,0.4414,0.3945,0.936,0.0257,0.0244,0.0,0.2463,Non-Duplicate,2,False,0.5,4
1774,0,0.55,0.3307,0.2689,0.2628,0.0265,0.0276,0.0,0.2098,Non-Duplicate,0,False,0.5,4
1775,1,0.7407,1.0,0.9507,1.0,0.9668,0.993,0.0,0.9594,Easy,1,False,0.5,0
1776,1,0.7937,1.0,0.4333,1.0,0.968,0.9974,0.0,0.9142,Hard,3,False,0.5,2
1777,0,0.5128,0.3218,0.4174,0.2647,0.0196,0.0212,0.0,0.2148,Non-Duplicate,0,False,0.5,4
1778,0,0.4545,0.4336,0.5744,0.7523,0.0157,0.0169,0.0,0.262,Non-Duplicate,2,False,0.5,4
1779,0,0.4186,0.3837,0.2027,0.6415,0.015,0.0116,0.0,0.2025,Non-Duplicate,2,False,0.5,4
1780,0,0.4889,0.4302,0.3817,0.9197,0.0084,0.0095,0.0,0.2416,Non-Duplicate,2,False,0.5,4
1781,1,0.9268,1.0,0.7479,1.0,0.9888,0.9895,0.0,0.9626,Easy,1,False,0.5,0
1782,1,0.8511,1.0,0.4826,1.0,0.9574,0.9568,0.0,0.9141,Hard,3,False,0.5,2
1783,1,0.8444,1.0,0.6667,1.0,0.9504,0.9843,0.0,0.9356,Medium,3,False,0.5,1
1784,0,0.5128,0.3572,0.5137,0.2775,0.0212,0.0234,0.0,0.2377,Non-Duplicate,0,False,0.5,4
1785,1,0.8889,1.0,0.6667,1.0,0.9391,0.9389,0.0,0.9281,Hard,3,False,0.5,2
1786,1,0.7692,0.9829,0.7667,1.0,0.9549,0.9944,0.0,0.9352,Medium,1,False,0.5,1
1787,0,0.5641,0.2591,0.1311,0.2065,0.0211,0.0212,0.0,0.1697,Non-Duplicate,0,False,0.5,4
1788,1,0.7308,0.9557,0.6667,1.0,0.9166,0.9648,0.0,0.8964,Hard,3,False,0.5,2
1789,1,0.7451,0.9984,1.0,1.0,0.9886,0.999,0.0,0.9709,Easy,1,False,0.5,0
1790,0,0.5128,0.4186,0.2123,0.4213,0.0197,0.0201,0.0,0.228,Non-Duplicate,0,False,0.5,4
1791,0,0.4878,0.4001,0.2767,0.3612,0.0227,0.0233,0.0,0.2268,Non-Duplicate,0,False,0.5,4
1792,0,0.4615,0.3447,0.2658,0.308,0.0206,0.0212,0.0,0.2028,Non-Duplicate,0,False,0.5,4
1793,1,0.7451,1.0,0.3795,1.0,0.9955,0.9999,0.0,0.9113,Hard,3,False,0.5,2
1794,0,0.4186,0.3761,0.4018,0.5204,0.0173,0.0154,0.0,0.2211,Non-Duplicate,0,False,0.5,4
1795,0,0.5641,0.3278,0.4817,0.2678,0.0134,0.0132,0.0,0.2253,Non-Duplicate,0,False,0.5,4
1796,1,0.9231,1.0,0.3511,1.0,0.9515,0.953,0.0,0.9059,Hard,3,False,0.5,2
1797,1,0.9268,1.0,0.4333,1.0,1.0,1.0,0.0,0.936,Medium,3,False,0.5,1
1798,0,0.5128,0.3687,0.1895,0.3564,0.0258,0.0261,0.0,0.211,Non-Duplicate,0,False,0.5,4
1799,0,0.5405,0.3416,0.4114,0.2662,0.0147,0.0173,0.0,0.2219,Non-Duplicate,0,False,0.5,4
1800,1,0.8163,0.9624,0.7667,1.0,0.9116,0.9344,0.0,0.9099,Hard,1,False,0.5,2
1801,1,0.8444,1.0,1.0,1.0,0.9953,0.9997,0.0,0.9832,Easy,1,False,0.5,0
1802,0,0.5,0.4356,0.3023,0.8434,0.0225,0.0227,0.0,0.2429,Non-Duplicate,2,False,0.5,4
1803,1,0.7308,0.9679,0.6667,1.0,0.8859,0.9109,0.0,0.8822,Hard,3,False,0.5,2
1804,1,0.7451,0.9789,0.6557,1.0,0.9608,0.9937,0.0,0.9216,Hard,3,False,0.5,2
1805,0,0.4762,0.4116,0.4279,0.7126,0.0158,0.0145,0.0,0.2413,Non-Duplicate,2,False,0.5,4
1806,0,0.5714,0.364,0.1845,0.3041,0.0187,0.0194,0.0,0.2115,Non-Duplicate,0,False,0.5,4
1807,1,0.8571,0.9824,1.0,1.0,0.9874,0.9985,0.0,0.9761,Easy,1,False,0.5,0
1808,1,0.7451,0.9723,0.6667,1.0,0.9443,0.9953,0.0,0.9166,Hard,3,False,0.5,2
1809,0,0.5128,0.3327,0.2201,0.3021,0.0145,0.0134,0.0,0.196,Non-Duplicate,0,False,0.5,4
1810,0,0.4878,0.4679,0.4826,0.873,0.0124,0.0115,0.0,0.2662,Non-Duplicate,2,False,0.5,4
1811,1,0.9268,1.0,0.6667,1.0,0.9755,0.9753,0.0,0.9483,Medium,3,False,0.5,1
1812,1,0.8235,1.0,0.6667,1.0,0.9984,1.0,0.0,0.9486,Medium,3,False,0.5,1
1813,0,0.6316,0.3919,0.6525,0.3212,0.0224,0.0246,0.0,0.2761,Non-Duplicate,0,False,0.5,4
1814,0,0.4615,0.3325,0.1521,0.2711,0.0212,0.0217,0.0,0.1874,Non-Duplicate,0,False,0.5,4
1815,0,0.5128,0.3478,0.4142,0.3089,0.025,0.0254,0.0,0.2258,Non-Duplicate,0,False,0.5,4
1816,1,0.9091,0.9852,0.7667,1.0,0.9463,0.9582,0.0,0.9406,Medium,1,False,0.5,1
1817,1,0.902,0.9976,0.7667,1.0,0.9839,0.9985,0.0,0.9617,Easy,1,False,0.5,0
1818,1,0.8727,1.0,0.6667,1.0,0.9879,0.9988,0.0,0.9507,Medium,3,False,0.5,1
1819,0,0.5641,0.3497,0.3813,0.3232,0.0309,0.0331,0.0,0.2313,Non-Duplicate,0,False,0.5,4
1820,0,0.5405,0.3531,0.253,0.2899,0.0177,0.0141,0.0,0.2102,Non-Duplicate,0,False,0.5,4
1821,0,0.5405,0.4109,0.3297,0.3674,0.0214,0.0227,0.0,0.2407,Non-Duplicate,0,False,0.5,4
1822,0,0.5641,0.2993,0.5411,0.2517,0.021,0.024,0.0,0.2253,Non-Duplicate,0,False,0.5,4
1823,0,0.4186,0.3743,0.3205,0.3288,0.0178,0.0172,0.0,0.2128,Non-Duplicate,0,False,0.5,4
1824,1,0.7407,0.9862,0.6667,1.0,0.9089,0.9054,0.0,0.8942,Hard,3,False,0.5,2
1825,0,0.4878,0.3907,0.3548,0.9477,0.0045,0.0035,0.0,0.2228,Non-Duplicate,2,False,0.5,4
1826,0,0.4651,0.3839,0.5388,0.3236,0.0203,0.0216,0.0,0.2441,Non-Duplicate,0,False,0.5,4
1827,0,0.4651,0.4155,0.3242,0.4165,0.0211,0.0203,0.0,0.2337,Non-Duplicate,0,False,0.5,4
1828,0,0.5641,0.267,0.3265,0.2101,0.0223,0.0241,0.0,0.1929,Non-Duplicate,0,False,0.5,4
1829,1,0.8837,0.997,0.5772,1.0,0.9923,0.9965,0.0,0.9424,Medium,3,False,0.5,1
1830,1,0.7308,0.995,1.0,1.0,0.9948,0.9996,0.0,0.97,Easy,1,False,0.5,0
1831,1,0.7547,1.0,0.7667,1.0,0.9437,0.9414,0.0,0.9264,Hard,1,False,0.5,2
1832,1,0.8511,1.0,1.0,1.0,0.8936,0.8927,0.0,0.937,Medium,1,False,0.5,1
1833,0,0.5116,0.3921,0.2941,0.3354,0.0226,0.0262,0.0,0.2287,Non-Duplicate,0,False,0.5,4
1834,0,0.5366,0.7322,0.3288,0.8015,0.3383,0.3452,0.0,0.4964,Non-Duplicate,2,False,0.5,4
1835,0,0.5128,0.3171,0.1164,0.2763,0.0164,0.0169,0.0,0.1814,Non-Duplicate,0,False,0.5,4
1836,1,0.8837,0.9862,1.0,1.0,0.9545,0.9649,0.0,0.9652,Easy,1,False,0.5,0
1837,0,0.5946,0.4062,0.1954,0.374,0.0188,0.0198,0.0,0.2298,Non-Duplicate,0,False,0.5,4
1838,0,0.5641,0.3344,0.232,0.308,0.0191,0.0204,0.0,0.2055,Non-Duplicate,0,False,0.5,4
1839,0,0.6316,0.3745,0.4904,0.2821,0.0237,0.0274,0.0,0.2547,Non-Duplicate,0,False,0.5,4
1840,1,0.8936,1.0,0.911,1.0,0.9528,0.9537,0.0,0.9594,Easy,1,False,0.5,0
1841,1,0.8444,1.0,1.0,1.0,0.9887,0.9892,0.0,0.9795,Easy,1,False,0.5,0
1842,0,0.4615,0.2859,0.39,0.2343,0.011,0.0098,0.0,0.1899,Non-Duplicate,0,False,0.5,4
1843,0,0.439,0.448,0.516,0.7485,0.0102,0.0093,0.0,0.2567,Non-Duplicate,2,False,0.5,4
1844,1,0.7308,0.9608,0.4333,1.0,0.923,0.9635,0.0,0.8761,Hard,3,False,0.5,2
1845,1,0.8571,1.0,0.7977,1.0,0.9594,0.9636,0.0,0.9481,Medium,1,False,0.5,1
1846,0,0.55,0.345,0.3251,0.2762,0.0166,0.0172,0.0,0.2159,Non-Duplicate,0,False,0.5,4
1847,1,0.8475,1.0,0.7621,1.0,0.9823,0.9985,0.0,0.9562,Easy,1,False,0.5,0
1848,1,0.8889,0.9747,0.621,1.0,0.982,0.9916,0.0,0.9359,Medium,3,False,0.5,1
1849,1,0.9362,1.0,1.0,1.0,0.9655,0.9658,0.0,0.9782,Easy,1,False,0.5,0
1850,1,0.8837,0.9971,1.0,1.0,0.9498,0.962,0.0,0.9672,Easy,1,False,0.5,0
1851,0,0.5128,0.3092,0.3886,0.2737,0.0195,0.0199,0.0,0.2072,Non-Duplicate,0,False,0.5,4
1852,0,0.45,0.3461,0.3735,0.2299,0.0221,0.0215,0.0,0.2133,Non-Duplicate,0,False,0.5,4
1853,0,0.4651,0.4117,0.3174,0.8906,0.0087,0.0093,0.0,0.2264,Non-Duplicate,2,False,0.5,4
1854,0,0.4286,0.9158,0.1306,0.63,0.3626,0.3809,0.0,0.5433,Non-Duplicate,2,False,0.5,4
1855,0,0.5128,0.3455,0.3667,0.3336,0.0234,0.0267,0.0,0.2201,Non-Duplicate,0,False,0.5,4
1856,0,0.5128,0.2856,0.4201,0.2305,0.0201,0.0194,0.0,0.2021,Non-Duplicate,0,False,0.5,4
1857,1,0.8444,1.0,1.0,1.0,0.9919,0.9963,0.0,0.9817,Easy,1,False,0.5,0
1858,1,0.9302,1.0,0.368,1.0,0.9871,0.9973,0.0,0.9261,Hard,3,False,0.5,2
1859,1,0.7547,1.0,0.4333,1.0,0.9926,0.9964,0.0,0.9162,Hard,3,False,0.5,2
1860,0,0.3667,0.4242,0.3977,0.0551,0.0194,0.0253,0.0,0.2348,Non-Duplicate,0,False,0.5,4
1861,1,0.8837,1.0,0.4333,1.0,0.9644,0.9811,0.0,0.919,Hard,3,False,0.5,2
1862,0,0.5128,0.3302,0.2621,0.2593,0.0169,0.0176,0.0,0.2008,Non-Duplicate,0,False,0.5,4
1863,1,0.8372,1.0,0.6667,1.0,0.8538,0.8653,0.0,0.8869,Hard,3,False,0.5,2
1864,0,0.4878,0.3824,0.1986,0.3289,0.0241,0.0233,0.0,0.2132,Non-Duplicate,0,False,0.5,4
1865,0,0.6111,0.4084,0.4817,0.3726,0.0507,0.0528,0.0,0.2755,Non-Duplicate,0,False,0.5,4
1866,1,0.8511,1.0,0.6667,1.0,0.955,0.9538,0.0,0.9313,Hard,3,False,0.5,2
1867,1,0.8837,1.0,1.0,1.0,0.9881,0.9941,0.0,0.9842,Easy,1,False,0.5,0
1868,1,0.8163,0.9946,1.0,1.0,0.9529,0.9572,0.0,0.9594,Easy,1,False,0.5,0
1869,1,0.7692,0.9831,0.6667,1.0,0.9689,0.9968,0.0,0.9293,Hard,3,False,0.5,2
1870,1,0.9091,1.0,1.0,1.0,0.9694,0.9723,0.0,0.9777,Easy,1,False,0.5,0
1871,0,0.55,0.4205,0.3922,0.4144,0.0326,0.0342,0.0,0.2564,Non-Duplicate,0,False,0.5,4
1872,1,0.8444,1.0,0.6667,1.0,0.8909,0.8953,0.0,0.9029,Hard,3,False,0.5,2
1873,0,0.5,0.3263,0.6379,0.2334,0.0293,0.0304,0.0,0.2414,Non-Duplicate,0,False,0.5,4
1874,0,0.5263,0.4443,0.3845,0.7908,0.0188,0.0143,0.0,0.2541,Non-Duplicate,2,False,0.5,4
1875,0,0.5238,0.4512,0.5329,0.8628,0.0149,0.0159,0.0,0.2705,Non-Duplicate,2,False,0.5,4
1876,0,0.4444,0.4261,0.3009,0.7247,0.0081,0.0098,0.0,0.2276,Non-Duplicate,2,False,0.5,4
1877,1,0.8837,1.0,0.7667,1.0,0.9822,0.9979,0.0,0.9602,Easy,1,False,0.5,0
1878,1,0.7869,0.9692,0.4333,1.0,0.9339,0.9884,0.0,0.8924,Hard,3,False,0.5,2
1879,1,0.8636,0.9947,0.4333,1.0,0.9551,0.9626,0.0,0.9091,Hard,3,False,0.5,2
1880,0,0.6111,0.3582,0.4361,0.2531,0.0192,0.0207,0.0,0.239,Non-Duplicate,0,False,0.5,4
1881,0,0.5116,0.9085,0.3708,0.7455,0.4095,0.4319,0.0,0.595,Non-Duplicate,2,False,0.5,4
1882,0,0.95,0.6996,0.2164,0.7676,0.3605,0.37,0.0,0.5256,Non-Duplicate,2,False,0.5,4
1883,0,0.5641,0.3095,0.3384,0.2651,0.0178,0.0192,0.0,0.2068,Non-Duplicate,0,False,0.5,4
1884,1,0.8511,0.9937,0.6667,1.0,0.9731,0.9951,0.0,0.9419,Medium,3,False,0.5,1
1885,1,0.8837,1.0,1.0,1.0,0.9956,0.9998,0.0,0.9872,Easy,1,False,0.5,0
1886,1,0.8571,1.0,0.4119,1.0,1.0,1.0,0.0,0.9269,Hard,3,False,0.5,2
1887,1,0.8889,1.0,0.4333,1.0,0.99,0.991,0.0,0.9279,Hard,3,False,0.5,2
1888,1,0.75,0.975,0.6315,1.0,0.9466,0.9958,0.0,0.9152,Hard,3,False,0.5,2
1889,1,0.8837,0.9851,0.6667,1.0,0.9853,0.9952,0.0,0.9452,Medium,3,False,0.5,1
1890,0,0.375,0.3291,0.4178,0.0178,0.044,0.0572,0.0,0.2169,Non-Duplicate,0,False,0.5,4
1891,0,0.4103,0.4398,0.1292,0.7449,0.0205,0.0183,0.0,0.2167,Non-Duplicate,2,False,0.5,4
1892,1,0.76,1.0,1.0,1.0,0.9758,0.9746,0.0,0.9649,Easy,1,False,0.5,0
1893,1,0.9263,0.9961,0.6667,1.0,0.9998,1.0,0.0,0.9579,Easy,3,False,0.5,0
1894,0,0.5,0.4342,0.6539,0.4334,0.0188,0.0174,0.0,0.2755,Non-Duplicate,0,False,0.5,4
1895,1,0.9302,0.9912,1.0,1.0,0.9878,0.9984,0.0,0.9866,Easy,1,False,0.5,0
1896,0,0.6667,0.3392,0.2685,0.2555,0.0169,0.0171,0.0,0.2199,Non-Duplicate,0,False,0.5,4
1897,0,0.4762,0.4379,0.3215,0.8544,0.0164,0.0146,0.0,0.2401,Non-Duplicate,2,False,0.5,4
1898,0,0.5,0.3967,0.4187,0.5704,0.0286,0.0338,0.0,0.2446,Non-Duplicate,2,False,0.5,4
1899,1,0.76,0.9769,1.0,1.0,0.9498,0.9958,0.0,0.9545,Medium,1,False,0.5,1
1900,1,0.7451,1.0,0.4333,1.0,0.9457,0.9907,0.0,0.9024,Hard,3,False,0.5,2
1901,1,0.7407,1.0,0.9758,1.0,0.9567,0.9553,0.0,0.9519,Medium,1,False,0.5,1
1902,1,0.8261,0.9813,1.0,1.0,0.9333,0.9539,0.0,0.9502,Medium,1,False,0.5,1
1903,1,0.8163,1.0,0.7667,1.0,0.9716,0.98,0.0,0.9472,Medium,1,False,0.5,1
1904,0,0.4878,0.4519,0.2644,0.8623,0.0141,0.0183,0.0,0.2406,Non-Duplicate,2,False,0.5,4
1905,0,0.5,0.4265,0.584,0.8772,0.0064,0.0086,0.0,0.261,Non-Duplicate,2,False,0.5,4
1906,1,0.8837,0.9865,1.0,1.0,0.9892,0.9919,0.0,0.9793,Easy,1,False,0.5,0
1907,1,0.8936,1.0,0.7667,1.0,0.9569,0.9908,0.0,0.9534,Medium,1,False,0.5,1
1908,1,0.8571,1.0,0.9566,1.0,0.9615,0.9722,0.0,0.9662,Easy,1,False,0.5,0
1909,1,0.8261,1.0,0.6667,1.0,0.9849,0.9903,0.0,0.9436,Medium,3,False,0.5,1
1910,1,0.9048,0.9877,0.4333,1.0,0.971,0.9854,0.0,0.9193,Hard,3,False,0.5,2
1911,1,0.7308,0.9956,0.4333,1.0,0.9837,0.9987,0.0,0.9105,Hard,3,False,0.5,2
1912,1,0.8889,1.0,1.0,1.0,0.9931,0.9992,0.0,0.987,Easy,1,False,0.5,0
1913,0,0.4615,0.2968,0.3082,0.2474,0.0137,0.0152,0.0,0.1873,Non-Duplicate,0,False,0.5,4
1914,0,0.5641,0.3475,0.3968,0.3247,0.0232,0.0263,0.0,0.2288,Non-Duplicate,0,False,0.5,4
1915,0,0.5128,0.2418,0.3963,0.1803,0.0174,0.0172,0.0,0.1833,Non-Duplicate,0,False,0.5,4
1916,0,0.3448,0.4194,0.4201,0.0704,0.0264,0.034,0.0,0.2367,Non-Duplicate,0,False,0.5,4
1917,1,0.7407,1.0,0.4333,1.0,0.9905,0.999,0.0,0.9148,Hard,3,False,0.5,2
1918,1,0.8837,1.0,0.6667,1.0,0.9111,0.915,0.0,0.9158,Hard,3,False,0.5,2
1919,1,0.76,0.9955,0.7525,1.0,0.9859,0.9946,0.0,0.9451,Medium,1,False,0.5,1
1920,0,0.4103,0.448,0.3648,0.7577,0.0146,0.0133,0.0,0.2406,Non-Duplicate,2,False,0.5,4
1921,0,0.85,0.6268,0.4283,0.7456,0.2443,0.2544,0.0,0.4592,Non-Duplicate,2,False,0.5,4
1922,1,0.9474,0.9994,0.6667,1.0,0.9993,0.9991,0.0,0.9608,Easy,3,False,0.5,0
1923,0,0.3913,0.3185,0.4858,0.0173,0.0575,0.0611,0.0,0.2258,Non-Duplicate,0,False,0.5,4
1924,1,0.8837,0.9925,1.0,1.0,0.9898,0.9919,0.0,0.9816,Easy,1,False,0.5,0
1925,1,0.7407,1.0,0.6484,1.0,0.9499,0.9553,0.0,0.9175,Hard,3,False,0.5,2
1926,0,0.6111,0.4169,0.2826,0.4002,0.0284,0.0289,0.0,0.2482,Non-Duplicate,0,False,0.5,4
1927,1,0.9268,1.0,1.0,1.0,0.9666,0.9784,0.0,0.98,Easy,1,False,0.5,0
1928,0,0.45,0.3224,0.2452,0.2174,0.0176,0.019,0.0,0.1906,Non-Duplicate,0,False,0.5,4
1929,1,0.7857,1.0,1.0,1.0,1.0,1.0,0.0,0.9786,Easy,1,False,0.5,0
1930,0,0.6111,0.4205,0.3489,0.411,0.0307,0.0298,0.0,0.2568,Non-Duplicate,0,False,0.5,4
1931,0,0.5333,0.6399,0.3584,0.9152,0.1898,0.1913,0.0,0.3988,Non-Duplicate,2,False,0.5,4
1932,1,0.8889,1.0,0.6667,1.0,0.9902,0.9932,0.0,0.9517,Medium,3,False,0.5,1
1933,0,0.5128,0.3132,0.3338,0.2655,0.0226,0.0243,0.0,0.2048,Non-Duplicate,0,False,0.5,4
1934,0,0.5366,0.4327,0.2215,0.6834,0.0281,0.0312,0.0,0.2405,Non-Duplicate,2,False,0.5,4
1935,0,0.6316,0.3276,0.1767,0.2432,0.0164,0.0178,0.0,0.2032,Non-Duplicate,0,False,0.5,4
1936,1,0.9362,1.0,0.4333,1.0,1.0,1.0,0.0,0.937,Medium,3,False,0.5,1
1937,0,0.5556,0.3534,0.2712,0.2713,0.0552,0.0587,0.0,0.2319,Non-Duplicate,0,False,0.5,4
1938,1,0.902,1.0,1.0,1.0,0.9853,0.9982,0.0,0.9862,Easy,1,False,0.5,0
1939,1,0.8444,1.0,1.0,1.0,0.9746,0.9777,0.0,0.9736,Easy,1,False,0.5,0
1940,1,0.7451,0.9669,0.6667,1.0,0.9302,0.9693,0.0,0.906,Hard,3,False,0.5,2
1941,0,0.6,0.375,0.5968,0.3085,0.0263,0.0285,0.0,0.2632,Non-Duplicate,0,False,0.5,4
1942,0,0.55,0.316,0.6329,0.2488,0.0274,0.0286,0.0,0.2415,Non-Duplicate,0,False,0.5,4
1943,1,0.7547,0.9776,0.7667,1.0,0.9549,0.9957,0.0,0.9322,Medium,1,False,0.5,1
1944,0,0.5128,0.292,0.3781,0.2567,0.0245,0.0256,0.0,0.2025,Non-Duplicate,0,False,0.5,4
1945,0,0.5405,0.3976,0.3767,0.3553,0.0214,0.0239,0.0,0.241,Non-Duplicate,0,False,0.5,4
1946,0,0.55,0.418,0.4292,0.3712,0.0563,0.0619,0.0,0.2707,Non-Duplicate,0,False,0.5,4
1947,0,0.5128,0.2932,0.3096,0.2325,0.0268,0.0302,0.0,0.1976,Non-Duplicate,0,False,0.5,4
1948,0,0.9,0.6608,0.2758,0.8909,0.2615,0.279,0.0,0.47,Non-Duplicate,2,False,0.5,4
1949,0,0.4186,0.4009,0.3219,0.3513,0.0218,0.023,0.0,0.2244,Non-Duplicate,0,False,0.5,4
1950,1,0.9057,1.0,0.4333,1.0,0.9711,0.971,0.0,0.9209,Hard,3,False,0.5,2
1951,1,0.76,0.9715,0.4817,1.0,0.9416,0.9941,0.0,0.8985,Hard,3,False,0.5,2
1952,1,0.8571,1.0,0.5772,1.0,0.9893,0.9989,0.0,0.9406,Medium,3,False,0.5,1
1953,1,0.8511,1.0,0.4333,1.0,0.9509,0.9539,0.0,0.9069,Hard,3,False,0.5,2
1954,0,0.95,0.6829,0.3653,0.7738,0.3734,0.3867,0.0,0.5412,Non-Duplicate,3,False,0.5,4
1955,1,0.8261,0.9699,0.7105,1.0,0.931,0.9549,0.0,0.9169,Hard,3,False,0.5,2
1956,0,0.5128,0.3374,0.2945,0.3057,0.0168,0.0167,0.0,0.2064,Non-Duplicate,0,False,0.5,4
1957,1,0.7308,0.9957,0.6598,1.0,0.9545,0.9583,0.0,0.9178,Hard,3,False,0.5,2
1958,0,0.5238,0.3732,0.3886,0.3207,0.0265,0.0285,0.0,0.2342,Non-Duplicate,0,False,0.5,4
1959,0,0.4186,0.355,0.4607,0.2849,0.0229,0.0244,0.0,0.2228,Non-Duplicate,0,False,0.5,4
1960,1,0.8511,0.9793,0.6667,1.0,0.986,0.9947,0.0,0.94,Medium,3,False,0.5,1
1961,0,0.5714,0.3723,0.5781,0.3176,0.0153,0.0139,0.0,0.2519,Non-Duplicate,0,False,0.5,4
1962,0,0.4444,0.4341,0.2694,0.8953,0.0135,0.0126,0.0,0.2292,Non-Duplicate,2,False,0.5,4
1963,0,0.5366,0.3761,0.1393,0.9251,0.0035,0.0036,0.0,0.2008,Non-Duplicate,2,False,0.5,4
1964,1,0.7391,1.0,0.4333,1.0,0.9271,0.9248,0.0,0.884,Hard,3,False,0.5,2
1965,1,0.8727,1.0,0.7055,1.0,0.9872,0.9988,0.0,0.9544,Medium,3,False,0.5,1
1966,1,0.7719,0.9847,0.4333,1.0,0.9779,0.9974,0.0,0.9091,Hard,3,False,0.5,2
1967,1,0.8837,1.0,0.6667,1.0,0.9938,0.9954,0.0,0.9526,Medium,3,False,0.5,1
1968,0,0.5405,0.4152,0.3785,0.9883,0.0145,0.0122,0.0,0.2433,Non-Duplicate,2,False,0.5,4
1969,0,0.4651,0.42,0.3393,0.416,0.0194,0.0207,0.0,0.2364,Non-Duplicate,0,False,0.5,4
1970,1,0.7869,0.9801,0.6667,1.0,0.9011,0.9706,0.0,0.9078,Hard,3,False,0.5,2
1971,0,0.5405,0.4125,0.1726,0.3924,0.0215,0.0222,0.0,0.2255,Non-Duplicate,0,False,0.5,4
1972,1,0.8936,1.0,1.0,1.0,0.976,0.9865,0.0,0.9807,Easy,1,False,0.5,0
1973,0,0.4737,0.4059,0.421,0.8712,0.0089,0.0074,0.0,0.2353,Non-Duplicate,2,False,0.5,4
1974,0,0.4186,0.3403,0.5032,0.253,0.0187,0.0201,0.0,0.22,Non-Duplicate,0,False,0.5,4
1975,0,0.5128,0.3584,0.2566,0.3254,0.0252,0.024,0.0,0.2135,Non-Duplicate,0,False,0.5,4
1976,0,0.7568,0.7946,0.2169,0.9092,0.4301,0.4416,0.0,0.5713,Non-Duplicate,2,False,0.5,4
1977,0,0.4651,0.3575,0.6429,0.2703,0.0155,0.0155,0.0,0.2429,Non-Duplicate,0,False,0.5,4
1978,1,0.9333,1.0,0.7667,1.0,0.9836,0.9874,0.0,0.9634,Easy,1,False,0.5,0
1979,0,0.5128,0.2396,0.5895,0.1796,0.0211,0.0218,0.0,0.2037,Non-Duplicate,0,False,0.5,4
1980,1,0.8627,1.0,0.6667,1.0,0.9867,0.9936,0.0,0.9483,Medium,3,False,0.5,1
1981,0,0.9,0.6754,0.4644,0.6719,0.4394,0.4703,0.0,0.5767,Non-Duplicate,3,False,0.5,4
1982,0,0.5128,0.2643,0.2425,0.1902,0.0253,0.0275,0.0,0.1798,Non-Duplicate,0,False,0.5,4
1983,1,0.9268,1.0,1.0,1.0,1.0,1.0,0.0,0.9927,Easy,1,False,0.5,0
1984,1,0.8837,1.0,0.4333,1.0,0.9912,0.9979,0.0,0.9291,Hard,3,False,0.5,2
1985,1,0.8444,1.0,0.7826,1.0,0.9743,0.985,0.0,0.9533,Medium,1,False,0.5,1
1986,0,0.449,0.3283,0.4032,0.0157,0.033,0.0422,0.0,0.2168,Non-Duplicate,0,False,0.5,4
1987,0,0.5641,0.3278,0.4151,0.2872,0.02,0.0222,0.0,0.2221,Non-Duplicate,0,False,0.5,4
1988,1,0.7451,1.0,1.0,1.0,0.9658,0.9648,0.0,0.9589,Easy,1,False,0.5,0
1989,0,0.5128,0.3589,0.3644,0.3388,0.0243,0.0252,0.0,0.2245,Non-Duplicate,0,False,0.5,4
1990,0,0.4878,0.4192,0.6306,0.8306,0.0128,0.0143,0.0,0.2646,Non-Duplicate,2,False,0.5,4
1991,0,0.5556,0.3576,0.7388,0.2838,0.0189,0.0185,0.0,0.263,Non-Duplicate,0,False,0.5,4
1992,1,0.7451,0.9688,0.6667,1.0,0.9388,0.9921,0.0,0.9134,Hard,3,False,0.5,2
1993,1,0.7547,0.9912,1.0,1.0,0.958,0.997,0.0,0.9613,Easy,1,False,0.5,0
1994,0,0.4255,0.3415,0.5726,0.0514,0.025,0.0342,0.0,0.2325,Non-Duplicate,0,False,0.5,4
1995,0,0.5128,0.4111,0.6493,0.3961,0.0222,0.0233,0.0,0.2703,Non-Duplicate,0,False,0.5,4
1996,0,0.5,0.4444,0.616,0.6922,0.0247,0.0238,0.0,0.2781,Non-Duplicate,2,False,0.5,4
1997,0,0.4878,0.4348,0.6297,0.6854,0.0251,0.0226,0.0,0.2747,Non-Duplicate,2,False,0.5,4
1998,0,0.4091,0.3726,0.2995,0.3448,0.0209,0.0225,0.0,0.211,Non-Duplicate,0,False,0.5,4
1999,1,0.8837,0.9971,0.6667,1.0,0.9749,0.9943,0.0,0.9466,Medium,3,False,0.5,1
2000,1,0.7083,1.0,0.6667,1.0,0.9956,0.9997,0.0,0.9363,Medium,3,False,0.5,1
2001,1,0.7692,1.0,0.6667,1.0,1.0,1.0,0.0,0.9436,Medium,3,False,0.5,1
2002,1,0.8889,0.9473,0.7667,1.0,0.9659,0.969,0.0,0.9324,Medium,1,False,0.5,1
2003,1,0.8333,1.0,0.6635,1.0,0.9056,0.9137,0.0,0.9088,Hard,3,False,0.5,2
2004,0,0.5116,0.3422,0.2977,0.2792,0.0188,0.0202,0.0,0.2095,Non-Duplicate,0,False,0.5,4
2005,1,0.7547,0.978,0.9685,1.0,0.9396,0.9729,0.0,0.9441,Medium,1,False,0.5,1
2006,0,0.4762,0.3883,0.611,0.7588,0.0048,0.0055,0.0,0.2469,Non-Duplicate,2,False,0.5,4
2007,0,0.5405,0.3253,0.6283,0.2566,0.0123,0.0136,0.0,0.2365,Non-Duplicate,0,False,0.5,4
2008,0,0.4762,0.4415,0.3831,0.9976,0.0111,0.0119,0.0,0.2456,Non-Duplicate,2,False,0.5,4
2009,0,0.5789,0.9111,0.3589,0.6372,0.341,0.3488,0.0,0.5677,Non-Duplicate,2,False,0.5,4
2010,1,0.8889,1.0,0.6584,1.0,0.9736,0.9758,0.0,0.9433,Medium,3,False,0.5,1
2011,1,0.9333,1.0,0.6667,1.0,0.9917,0.9961,0.0,0.9572,Easy,3,False,0.5,0
2012,0,0.4651,0.414,0.3475,0.3674,0.0229,0.0214,0.0,0.2362,Non-Duplicate,0,False,0.5,4
2013,1,0.7451,0.9911,0.7826,1.0,0.9684,0.9976,0.0,0.9413,Medium,1,False,0.5,1
2014,0,0.4762,0.4185,0.2416,0.8589,0.0089,0.0097,0.0,0.2224,Non-Duplicate,2,False,0.5,4
2015,1,0.8,1.0,0.6667,1.0,0.9759,0.9883,0.0,0.9383,Medium,3,False,0.5,1
2016,0,0.5116,0.3201,0.3384,0.2229,0.0194,0.021,0.0,0.2061,Non-Duplicate,0,False,0.5,4
2017,0,0.5405,0.3986,0.5534,0.3596,0.0222,0.0237,0.0,0.2592,Non-Duplicate,0,False,0.5,4
2018,0,0.85,0.6955,0.4342,0.8291,0.439,0.4681,0.0,0.5752,Non-Duplicate,3,False,0.5,4
2019,1,0.9302,1.0,1.0,1.0,0.9609,0.9669,0.0,0.9766,Easy,1,False,0.5,0
2020,1,0.961,0.9957,0.9712,1.0,0.9996,0.9996,0.0,0.9915,Easy,1,False,0.5,0
2021,0,0.5641,0.3073,0.6055,0.2525,0.021,0.0218,0.0,0.2341,Non-Duplicate,0,False,0.5,4
2022,1,0.76,0.9848,1.0,1.0,0.9576,0.9949,0.0,0.9591,Easy,1,False,0.5,0
2023,1,0.8444,1.0,0.8817,1.0,0.9741,0.9761,0.0,0.9614,Easy,1,False,0.5,0
2024,0,0.5128,0.3018,0.3717,0.2546,0.0254,0.0263,0.0,0.2057,Non-Duplicate,0,False,0.5,4
2025,0,0.4,0.3775,0.5329,0.3455,0.0187,0.0194,0.0,0.234,Non-Duplicate,0,False,0.5,4
2026,1,0.8372,1.0,0.4187,1.0,1.0,1.0,0.0,0.9256,Hard,3,False,0.5,2
2027,1,0.7407,1.0,0.7667,1.0,0.9455,0.9467,0.0,0.9265,Hard,1,False,0.5,2
2028,0,0.4615,0.3299,0.6648,0.2879,0.0246,0.0262,0.0,0.2395,Non-Duplicate,0,False,0.5,4
2029,1,0.8837,0.9809,0.6667,1.0,0.9515,0.9699,0.0,0.9302,Hard,3,False,0.5,2
2030,1,0.8444,1.0,0.4333,1.0,1.0,1.0,0.0,0.9278,Hard,3,False,0.5,2
2031,1,0.7636,1.0,0.3174,1.0,0.9908,0.9989,0.0,0.9056,Hard,3,False,0.5,2
2032,0,0.7556,0.9094,0.2826,0.6814,0.3717,0.393,0.0,0.5937,Non-Duplicate,2,False,0.5,4
2033,0,0.4,0.3891,0.4,0.3311,0.0228,0.0231,0.0,0.2265,Non-Duplicate,0,False,0.5,4
2034,1,0.8511,0.9859,0.8872,1.0,0.9778,0.9982,0.0,0.963,Easy,1,False,0.5,0
2035,1,0.7869,0.9805,1.0,1.0,0.9806,0.9983,0.0,0.9667,Easy,1,False,0.5,0
2036,1,0.9062,0.9994,1.0,1.0,0.9979,0.9986,0.0,0.9896,Easy,1,False,0.5,0
2037,1,0.9057,1.0,0.8283,1.0,0.95,0.9539,0.0,0.9517,Medium,1,False,0.5,1
2038,1,0.7879,0.5545,0.7667,1.0,0.9998,1.0,0.0,0.7995,Hard,1,False,0.5,2
2039,1,0.7692,0.9437,0.3991,1.0,0.911,0.9408,0.0,0.863,Hard,3,False,0.5,2
2040,0,0.4878,0.4383,0.468,0.895,0.0184,0.0189,0.0,0.2574,Non-Duplicate,2,False,0.5,4
2041,1,0.7547,0.9946,0.6667,1.0,0.9368,0.9417,0.0,0.9128,Hard,3,False,0.5,2
2042,0,0.5,0.4322,0.3927,0.7534,0.0079,0.0071,0.0,0.2439,Non-Duplicate,2,False,0.5,4
2043,0,0.4651,0.4205,0.3283,0.3921,0.0154,0.0161,0.0,0.2336,Non-Duplicate,0,False,0.5,4
2044,1,0.8511,1.0,1.0,1.0,0.9867,0.9901,0.0,0.9798,Easy,1,False,0.5,0
2045,0,0.4255,0.4311,0.3288,0.0483,0.0184,0.0201,0.0,0.2349,Non-Duplicate,0,False,0.5,4
2046,1,0.7308,0.995,1.0,1.0,0.9575,0.9692,0.0,0.9545,Medium,1,False,0.5,1
2047,1,0.9302,0.9889,0.6667,1.0,0.9654,0.9749,0.0,0.9421,Medium,3,False,0.5,1
2048,0,0.5,0.4535,0.595,0.8821,0.0218,0.0237,0.0,0.2784,Non-Duplicate,2,False,0.5,4
2049,1,0.8696,0.9833,0.7479,1.0,0.9492,0.9539,0.0,0.934,Medium,1,False,0.5,1
2050,1,0.7547,1.0,0.5753,1.0,1.0,1.0,0.0,0.933,Medium,3,False,0.5,1
2051,0,0.4314,0.4161,0.4059,0.054,0.0237,0.0281,0.0,0.2409,Non-Duplicate,0,False,0.5,4
2052,0,0.3571,0.3363,0.6324,0.0498,0.0153,0.0189,0.0,0.2243,Non-Duplicate,0,False,0.5,4
2053,1,0.8889,1.0,0.6667,1.0,0.8972,0.9023,0.0,0.9103,Hard,3,False,0.5,2
2054,0,0.5714,0.3148,0.1269,0.2395,0.0176,0.018,0.0,0.188,Non-Duplicate,0,False,0.5,4
2055,0,0.4762,0.4582,0.4082,0.8994,0.0225,0.0233,0.0,0.2591,Non-Duplicate,2,False,0.5,4
2056,1,0.8837,1.0,0.6667,1.0,1.0,1.0,0.0,0.955,Medium,3,False,0.5,1
2057,1,0.9302,1.0,0.7667,1.0,0.9753,0.9867,0.0,0.9609,Easy,1,False,0.5,0
2058,0,0.5641,0.2934,0.5146,0.2176,0.0202,0.0209,0.0,0.2198,Non-Duplicate,0,False,0.5,4
2059,1,0.7451,0.9681,0.4333,1.0,0.9403,0.9707,0.0,0.8859,Hard,3,False,0.5,2
2060,1,0.7451,0.997,0.4333,1.0,0.9822,0.9993,0.0,0.9122,Hard,3,False,0.5,2
2061,1,0.7451,0.9725,1.0,1.0,0.9401,0.9949,0.0,0.9489,Medium,1,False,0.5,1
2062,0,0.5366,0.4503,0.2521,0.8859,0.0176,0.0189,0.0,0.2447,Non-Duplicate,2,False,0.5,4
2063,0,0.2903,0.3205,0.353,0.0198,0.0301,0.0347,0.0,0.191,Non-Duplicate,0,False,0.5,4
2064,0,0.5128,0.2716,0.4379,0.1966,0.0228,0.0259,0.0,0.201,Non-Duplicate,0,False,0.5,4
2065,0,0.4651,0.4058,0.4187,0.3721,0.02,0.0219,0.0,0.2398,Non-Duplicate,0,False,0.5,4
2066,1,0.9268,0.9859,0.7667,1.0,0.9843,0.9841,0.0,0.9573,Easy,1,False,0.5,0
2067,1,0.8727,0.9984,0.5909,1.0,0.9983,0.9989,0.0,0.9452,Medium,3,False,0.5,1
2068,0,0.3929,0.4064,0.5247,0.052,0.0222,0.0241,0.0,0.2444,Non-Duplicate,0,False,0.5,4
2069,0,0.4091,0.3809,0.2178,0.3447,0.0205,0.0223,0.0,0.2056,Non-Duplicate,0,False,0.5,4
2070,1,0.8444,0.9913,0.4333,1.0,0.9863,0.9857,0.0,0.9184,Hard,3,False,0.5,2
2071,1,0.7308,1.0,0.7667,1.0,0.995,0.9998,0.0,0.9484,Medium,1,False,0.5,1
2072,0,0.4688,0.2746,0.2616,0.0117,0.0243,0.0311,0.0,0.1815,Non-Duplicate,0,False,0.5,4
2073,0,0.5128,0.3064,0.4146,0.2661,0.0134,0.013,0.0,0.206,Non-Duplicate,0,False,0.5,4
2074,1,0.76,0.9996,0.9119,1.0,0.9678,0.9986,0.0,0.9587,Easy,1,False,0.5,0
2075,1,0.8571,1.0,0.5648,1.0,0.9813,0.986,0.0,0.9347,Medium,3,False,0.5,1
2076,0,0.4314,0.0887,0.3562,0.0548,0.0183,0.0161,0.0,0.1176,Non-Duplicate,0,False,0.5,4
2077,0,0.4651,0.373,0.4055,0.3279,0.0169,0.018,0.0,0.2254,Non-Duplicate,0,False,0.5,4
2078,0,0.4762,0.4392,0.1781,0.7085,0.0181,0.0172,0.0,0.2271,Non-Duplicate,2,False,0.5,4
2079,0,0.6111,0.4232,0.2096,0.404,0.0481,0.0503,0.0,0.2523,Non-Duplicate,0,False,0.5,4
2080,0,0.5128,0.2922,0.484,0.2393,0.017,0.0187,0.0,0.21,Non-Duplicate,0,False,0.5,4
2081,0,0.5405,0.406,0.6795,0.3824,0.0182,0.02,0.0,0.2727,Non-Duplicate,0,False,0.5,4
2082,0,0.4615,0.4412,0.1863,0.8282,0.0245,0.0231,0.0,0.23,Non-Duplicate,2,False,0.5,4
2083,1,0.7451,1.0,0.6667,1.0,0.9818,0.9993,0.0,0.9365,Medium,3,False,0.5,1
2084,1,0.8444,1.0,1.0,1.0,0.9934,0.9988,0.0,0.9826,Easy,1,False,0.5,0
2085,0,0.3279,0.2738,0.4215,0.0127,0.0331,0.032,0.0,0.1854,Non-Duplicate,0,False,0.5,4
2086,0,0.45,0.3159,0.6205,0.2323,0.0272,0.0296,0.0,0.2303,Non-Duplicate,0,False,0.5,4
2087,0,0.4878,0.428,0.5863,0.7542,0.0125,0.0116,0.0,0.2627,Non-Duplicate,2,False,0.5,4
2088,0,0.4651,0.4151,0.2717,0.4003,0.0199,0.0192,0.0,0.2278,Non-Duplicate,0,False,0.5,4
2089,1,0.7083,1.0,0.6667,1.0,0.9399,0.9845,0.0,0.9194,Hard,3,False,0.5,2
2090,1,0.8261,0.9945,0.2498,1.0,0.9642,0.9685,0.0,0.8904,Hard,3,False,0.5,2
2091,0,0.439,0.4053,0.3164,0.9417,0.0223,0.0264,0.0,0.2282,Non-Duplicate,2,False,0.5,4
2092,0,0.5128,0.3216,0.5671,0.2911,0.0207,0.0205,0.0,0.2298,Non-Duplicate,0,False,0.5,4
2093,1,0.8837,1.0,0.7667,1.0,0.9888,0.9885,0.0,0.9599,Easy,1,False,0.5,0
2094,1,0.7451,0.9989,0.4333,1.0,0.9684,0.9956,0.0,0.9087,Hard,3,False,0.5,2
2095,0,0.3774,0.3619,0.2808,0.0201,0.0352,0.0426,0.0,0.2098,Non-Duplicate,0,False,0.5,4
2096,0,0.4615,0.3557,0.3233,0.3075,0.0338,0.0358,0.0,0.2186,Non-Duplicate,0,False,0.5,4
2097,0,0.5116,0.4178,0.4274,0.4085,0.0221,0.0245,0.0,0.2506,Non-Duplicate,0,False,0.5,4
2098,1,0.9123,0.996,0.7667,1.0,0.9999,0.9999,0.0,0.9664,Easy,1,False,0.5,0
2099,1,0.9333,1.0,1.0,1.0,0.958,0.9731,0.0,0.9775,Easy,1,False,0.5,0
2100,0,0.4651,0.4116,0.1721,0.3723,0.0224,0.0242,0.0,0.2182,Non-Duplicate,0,False,0.5,4
2101,0,0.5,0.4396,0.4055,0.9243,0.02,0.0213,0.0,0.2537,Non-Duplicate,2,False,0.5,4
2102,0,0.5116,0.3265,0.3781,0.2508,0.015,0.0162,0.0,0.2102,Non-Duplicate,0,False,0.5,4
2103,1,0.9268,1.0,0.6648,1.0,0.9928,0.9995,0.0,0.9573,Easy,3,False,0.5,0
2104,1,0.8936,1.0,1.0,1.0,0.9794,0.9905,0.0,0.9823,Easy,1,False,0.5,0
2105,1,0.7451,0.9982,0.4384,1.0,0.9687,0.9759,0.0,0.9051,Hard,3,False,0.5,2
2106,1,0.8506,0.9592,0.7667,1.0,0.989,0.999,0.0,0.9445,Medium,1,False,0.5,1
2107,1,0.9091,1.0,0.6068,1.0,0.9892,0.9905,0.0,0.947,Medium,3,False,0.5,1
2108,0,0.4762,0.9281,0.3973,0.6494,0.362,0.3673,0.0,0.5761,Non-Duplicate,2,False,0.5,4
2109,0,0.6316,0.4105,0.2963,0.3842,0.0235,0.022,0.0,0.2468,Non-Duplicate,0,False,0.5,4
2110,1,0.8444,0.981,0.6667,1.0,0.957,0.981,0.0,0.9299,Hard,3,False,0.5,2
2111,1,0.7451,0.9931,0.4333,1.0,0.9887,0.9992,0.0,0.9124,Hard,3,False,0.5,2
2112,1,0.8,0.9607,0.4333,1.0,0.9885,0.9985,0.0,0.9064,Hard,3,False,0.5,2
2113,0,0.4615,0.3292,0.5338,0.3113,0.0227,0.0234,0.0,0.2251,Non-Duplicate,0,False,0.5,4
2114,0,0.4103,0.4545,0.3685,0.9356,0.016,0.016,0.0,0.2442,Non-Duplicate,2,False,0.5,4
2115,0,0.4865,0.4044,0.2895,0.3844,0.02,0.0207,0.0,0.2283,Non-Duplicate,0,False,0.5,4
2116,0,0.3051,0.3683,0.3164,0.0304,0.0281,0.0316,0.0,0.2044,Non-Duplicate,0,False,0.5,4
2117,1,0.8444,1.0,0.5274,1.0,0.9882,0.9973,0.0,0.9337,Medium,3,False,0.5,1
2118,0,0.4865,0.4111,0.6192,0.3794,0.02,0.0203,0.0,0.2635,Non-Duplicate,0,False,0.5,4
2119,0,0.4878,0.4656,0.3205,0.8312,0.0148,0.014,0.0,0.2503,Non-Duplicate,2,False,0.5,4
2120,1,0.8333,0.9883,0.6667,1.0,0.9792,0.9877,0.0,0.9383,Medium,3,False,0.5,1
2121,1,0.7451,0.9956,1.0,1.0,0.9565,0.9679,0.0,0.9557,Easy,1,False,0.5,0
2122,0,0.5128,0.3684,0.3963,0.332,0.0283,0.0286,0.0,0.2326,Non-Duplicate,0,False,0.5,4
2123,0,0.4186,0.3776,0.305,0.33,0.0149,0.0156,0.0,0.2114,Non-Duplicate,0,False,0.5,4
2124,0,0.85,0.6587,0.3918,0.6921,0.3547,0.371,0.0,0.5176,Non-Duplicate,2,False,0.5,4
2125,1,0.7407,1.0,0.4333,1.0,1.0,1.0,0.0,0.9174,Hard,3,False,0.5,2
2126,0,0.4615,0.2947,0.4292,0.2432,0.0254,0.0282,0.0,0.2042,Non-Duplicate,0,False,0.5,4
2127,1,0.7937,0.9971,0.6667,1.0,0.8801,0.8963,0.0,0.8943,Hard,3,False,0.5,2
2128,1,0.8519,0.9801,0.6667,1.0,0.875,0.8856,0.0,0.8907,Hard,3,False,0.5,2
2129,1,0.8636,0.9931,0.6667,1.0,0.9838,0.9977,0.0,0.9461,Medium,3,False,0.5,1
2130,1,0.9231,1.0,0.7667,1.0,0.965,0.9673,0.0,0.9537,Medium,1,False,0.5,1
2131,0,0.4231,0.222,0.6374,0.0137,0.0343,0.0346,0.0,0.1992,Non-Duplicate,0,False,0.5,4
2132,0,0.4286,0.7287,0.3269,0.9064,0.2961,0.3342,0.0,0.4715,Non-Duplicate,2,False,0.5,4
2133,0,0.4444,0.4403,0.2447,0.9101,0.0131,0.0153,0.0,0.2294,Non-Duplicate,2,False,0.5,4
2134,1,0.9057,1.0,1.0,1.0,1.0,1.0,0.0,0.9906,Easy,1,False,0.5,0
2135,0,0.5128,0.3785,0.3932,0.3039,0.0235,0.0235,0.0,0.2336,Non-Duplicate,0,False,0.5,4
2136,1,0.8409,1.0,1.0,1.0,0.9986,0.9999,0.0,0.9837,Easy,1,False,0.5,0
2137,0,0.5128,0.3949,0.374,0.3532,0.0199,0.0213,0.0,0.2361,Non-Duplicate,0,False,0.5,4
2138,0,0.5128,0.4041,0.4269,0.4044,0.0217,0.0224,0.0,0.2453,Non-Duplicate,0,False,0.5,4
2139,1,0.8333,0.9909,1.0,1.0,0.944,0.9458,0.0,0.9553,Medium,1,False,0.5,1
2140,1,0.76,1.0,1.0,1.0,0.9921,0.9965,0.0,0.9733,Easy,1,False,0.5,0
2141,0,0.95,0.6,0.3205,0.7164,0.2347,0.2445,0.0,0.4446,Non-Duplicate,2,False,0.5,4
2142,1,0.7391,0.9941,0.4333,1.0,0.9129,0.9195,0.0,0.8773,Hard,3,False,0.5,2
2143,0,0.4167,0.2368,0.7247,0.0464,0.0246,0.0272,0.0,0.2086,Non-Duplicate,0,False,0.5,4
2144,1,0.9231,0.9939,1.0,1.0,0.9928,0.9992,0.0,0.9882,Easy,1,False,0.5,0
2145,0,0.5714,0.3023,0.3018,0.2358,0.0227,0.023,0.0,0.2034,Non-Duplicate,0,False,0.5,4
2146,0,0.3667,0.4295,0.3799,0.0559,0.019,0.0273,0.0,0.2352,Non-Duplicate,0,False,0.5,4
2147,0,0.4545,0.4216,0.2817,0.0458,0.0219,0.0249,0.0,0.2316,Non-Duplicate,0,False,0.5,4
2148,1,0.907,0.9896,0.4333,1.0,0.9944,0.9987,0.0,0.9287,Hard,3,False,0.5,2
2149,1,0.7407,1.0,1.0,1.0,0.9824,0.9995,0.0,0.9696,Easy,1,False,0.5,0
2150,0,0.5116,0.3938,0.2183,0.3539,0.0195,0.02,0.0,0.2197,Non-Duplicate,0,False,0.5,4
2151,0,0.5128,0.355,0.263,0.3064,0.0199,0.0196,0.0,0.2107,Non-Duplicate,0,False,0.5,4
2152,0,0.5128,0.2913,0.7589,0.2322,0.017,0.0174,0.0,0.2368,Non-Duplicate,0,False,0.5,4
2153,1,0.932,0.9959,0.7667,1.0,0.9994,0.9994,0.0,0.9682,Easy,1,False,0.5,0
2154,1,0.8372,1.0,0.4333,1.0,0.9298,0.9338,0.0,0.8962,Hard,3,False,0.5,2
2155,0,0.5128,0.3694,0.4137,0.2707,0.0266,0.0277,0.0,0.2341,Non-Duplicate,0,False,0.5,4
2156,0,0.5116,0.3637,0.4297,0.3123,0.024,0.0255,0.0,0.2325,Non-Duplicate,0,False,0.5,4
2157,0,0.4762,0.4212,0.4635,0.7086,0.0095,0.0114,0.0,0.246,Non-Duplicate,2,False,0.5,4
2158,0,0.4615,0.3678,0.2895,0.3513,0.027,0.0265,0.0,0.2159,Non-Duplicate,0,False,0.5,4
2159,1,0.7308,1.0,0.6667,1.0,0.9937,0.9955,0.0,0.9373,Medium,3,False,0.5,1
2160,0,0.5366,0.4272,0.4018,0.4247,0.0196,0.0217,0.0,0.2526,Non-Duplicate,0,False,0.5,4
2161,1,0.9268,1.0,0.6667,1.0,0.9964,0.9998,0.0,0.9584,Easy,3,False,0.5,0
2162,1,0.8727,1.0,0.6667,1.0,0.9586,0.9781,0.0,0.9392,Medium,3,False,0.5,1
2163,0,0.4615,0.3205,0.3406,0.2803,0.0277,0.0284,0.0,0.205,Non-Duplicate,0,False,0.5,4
2164,0,0.4167,0.2337,0.1721,0.0504,0.0376,0.039,0.0,0.1579,Non-Duplicate,0,False,0.5,4
2165,1,0.7407,1.0,0.1872,1.0,0.9959,0.9999,0.0,0.8917,Hard,3,False,0.5,2
2166,1,0.8837,1.0,0.6068,1.0,0.9791,0.9862,0.0,0.9411,Medium,3,False,0.5,1
2167,1,0.8511,1.0,0.7667,1.0,0.9666,0.9686,0.0,0.9471,Medium,1,False,0.5,1
2168,0,0.4615,0.4432,0.3932,0.7413,0.02,0.0209,0.0,0.2498,Non-Duplicate,2,False,0.5,4
2169,0,0.4651,0.3999,0.5507,0.3629,0.0188,0.0193,0.0,0.2501,Non-Duplicate,0,False,0.5,4
2170,1,0.7857,0.983,0.7667,1.0,0.9512,0.9977,0.0,0.9366,Medium,1,False,0.5,1
2171,0,0.6,0.4205,0.5731,0.4344,0.0254,0.0254,0.0,0.2759,Non-Duplicate,0,False,0.5,4
2172,0,0.3922,0.4039,0.4059,0.049,0.0194,0.0323,0.0,0.2325,Non-Duplicate,0,False,0.5,4
2173,0,0.5,0.4126,0.4091,0.3788,0.0287,0.0314,0.0,0.2488,Non-Duplicate,0,False,0.5,4
2174,1,0.7407,1.0,0.5676,1.0,0.9938,0.9996,0.0,0.9292,Hard,3,False,0.5,2
2175,0,0.5,0.3283,0.3826,0.2185,0.017,0.0184,0.0,0.2111,Non-Duplicate,0,False,0.5,4
2176,0,0.5128,0.3345,0.3279,0.3277,0.0231,0.0226,0.0,0.2115,Non-Duplicate,0,False,0.5,4
2177,0,0.5714,0.3973,0.2283,0.3629,0.0246,0.0263,0.0,0.2304,Non-Duplicate,0,False,0.5,4
2178,1,0.9268,1.0,0.6667,1.0,0.9555,0.9587,0.0,0.94,Medium,3,False,0.5,1
2179,1,0.9268,0.9935,1.0,1.0,0.9932,0.9988,0.0,0.9884,Easy,1,False,0.5,0
2180,0,0.5641,0.4009,0.4201,0.3564,0.0211,0.0231,0.0,0.2486,Non-Duplicate,0,False,0.5,4
2181,0,0.4651,0.4057,0.4219,0.3607,0.0201,0.0207,0.0,0.2399,Non-Duplicate,0,False,0.5,4
2182,0,0.5128,0.3239,0.3795,0.2906,0.0226,0.025,0.0,0.2132,Non-Duplicate,0,False,0.5,4
2183,1,0.7308,1.0,1.0,1.0,1.0,1.0,0.0,0.9731,Easy,1,False,0.5,0
2184,0,0.4615,0.2933,0.5132,0.2223,0.0189,0.0214,0.0,0.2092,Non-Duplicate,0,False,0.5,4
2185,1,0.7308,0.9787,1.0,1.0,0.9554,0.9953,0.0,0.9535,Medium,1,False,0.5,1
2186,1,0.8333,1.0,1.0,1.0,0.9705,0.9724,0.0,0.9705,Easy,1,False,0.5,0
2187,0,0.5128,0.3074,0.4247,0.2711,0.023,0.0248,0.0,0.2121,Non-Duplicate,0,False,0.5,4
2188,0,0.4091,0.3413,0.4078,0.2789,0.0126,0.0126,0.0,0.2068,Non-Duplicate,0,False,0.5,4
2189,0,0.5116,0.4186,0.4091,0.4139,0.0229,0.0239,0.0,0.2491,Non-Duplicate,0,False,0.5,4
2190,0,0.4615,0.2757,0.2922,0.2237,0.0223,0.0254,0.0,0.1825,Non-Duplicate,0,False,0.5,4
2191,1,0.9268,1.0,0.5991,1.0,0.977,0.9755,0.0,0.9419,Medium,3,False,0.5,1
2192,1,0.9302,0.9941,0.6155,1.0,0.9806,0.9944,0.0,0.9465,Medium,3,False,0.5,1
2193,0,0.381,0.4352,0.2397,0.0521,0.0269,0.0285,0.0,0.2268,Non-Duplicate,0,False,0.5,4
2194,0,0.5714,0.3347,0.4288,0.2514,0.0219,0.0231,0.0,0.2272,Non-Duplicate,0,False,0.5,4
2195,0,0.4615,0.3554,0.6653,0.3003,0.0338,0.0368,0.0,0.2529,Non-Duplicate,0,False,0.5,4
2196,1,0.7692,0.9653,0.6667,1.0,0.9486,0.9906,0.0,0.9167,Hard,3,False,0.5,2
2197,1,0.88,0.9719,0.4333,1.0,0.9904,0.9998,0.0,0.9191,Hard,3,False,0.5,2
2198,1,0.8444,1.0,0.6667,1.0,0.9768,0.9862,0.0,0.9425,Medium,3,False,0.5,1
2199,0,0.3793,0.2793,0.3393,0.0143,0.0393,0.0463,0.0,0.1887,Non-Duplicate,0,False,0.5,4
2200,0,0.4651,0.4372,0.1689,0.712,0.0316,0.0346,0.0,0.2313,Non-Duplicate,2,False,0.5,4
2201,0,0.4737,0.4385,0.1598,0.6895,0.0185,0.0186,0.0,0.2251,Non-Duplicate,2,False,0.5,4
2202,0,0.359,0.4472,0.2132,0.9045,0.0276,0.0276,0.0,0.2262,Non-Duplicate,2,False,0.5,4
2203,1,0.7547,0.9975,1.0,1.0,0.9862,0.9916,0.0,0.9695,Easy,1,False,0.5,0
2204,0,0.5641,0.3314,0.6365,0.3025,0.0248,0.0266,0.0,0.2476,Non-Duplicate,0,False,0.5,4
2205,0,0.4103,0.455,0.3676,0.8418,0.0291,0.0324,0.0,0.2508,Non-Duplicate,2,False,0.5,4
2206,1,0.9434,1.0,0.6667,1.0,0.9891,0.9989,0.0,0.9581,Easy,3,False,0.5,0
2207,0,0.4878,0.4211,0.1699,0.402,0.0214,0.0232,0.0,0.2231,Non-Duplicate,0,False,0.5,4
2208,0,0.5128,0.3235,0.1895,0.2689,0.021,0.0233,0.0,0.1934,Non-Duplicate,0,False,0.5,4
2209,0,0.3636,0.4385,0.4297,0.4573,0.0147,0.014,0.0,0.2393,Non-Duplicate,0,False,0.5,4
2210,1,0.7407,1.0,0.6667,1.0,0.9972,0.9999,0.0,0.94,Medium,3,False,0.5,1
2211,1,0.7308,0.9735,0.6667,1.0,0.9436,0.9944,0.0,0.9153,Hard,3,False,0.5,2
2212,1,0.8696,0.9967,0.6667,1.0,0.9745,0.9967,0.0,0.9454,Medium,3,False,0.5,1
2213,0,0.4615,0.3363,0.4817,0.2958,0.0209,0.0215,0.0,0.2215,Non-Duplicate,0,False,0.5,4
2214,0,0.3279,0.3032,0.4205,0.0145,0.0546,0.0634,0.0,0.2073,Non-Duplicate,0,False,0.5,4
2215,0,0.4651,0.3552,0.6064,0.2623,0.0199,0.0217,0.0,0.2408,Non-Duplicate,0,False,0.5,4
2216,1,0.7451,0.9967,0.4333,1.0,0.9918,0.9993,0.0,0.9145,Hard,3,False,0.5,2
2217,0,0.5,0.4556,0.4146,0.9512,0.0113,0.0149,0.0,0.2567,Non-Duplicate,2,False,0.5,4
2218,1,0.7451,0.9714,0.5566,1.0,0.9267,0.9689,0.0,0.8956,Hard,3,False,0.5,2
2219,0,0.5641,0.3274,0.3438,0.2953,0.0287,0.0296,0.0,0.2185,Non-Duplicate,0,False,0.5,4
2220,1,0.9302,0.9866,1.0,1.0,0.92,0.9184,0.0,0.952,Medium,1,False,0.5,1
2221,0,0.4103,0.4659,0.6575,0.918,0.0201,0.0182,0.0,0.2785,Non-Duplicate,2,False,0.5,4
2222,1,0.8727,1.0,0.4324,1.0,0.9758,0.9782,0.0,0.9201,Hard,3,False,0.5,2
2223,0,0.5128,0.3399,0.3836,0.2394,0.0189,0.0201,0.0,0.2174,Non-Duplicate,0,False,0.5,4
2224,1,0.8837,1.0,0.3731,1.0,0.9829,0.9927,0.0,0.9199,Hard,3,False,0.5,2
2225,1,0.9302,1.0,0.6667,1.0,0.983,0.997,0.0,0.9548,Medium,3,False,0.5,1
2226,0,0.4,0.4041,0.2584,0.3912,0.0145,0.0153,0.0,0.214,Non-Duplicate,0,False,0.5,4
2227,0,0.4615,0.3727,0.1808,0.3541,0.0287,0.024,0.0,0.2067,Non-Duplicate,0,False,0.5,4
2228,1,0.8444,1.0,0.5521,1.0,0.9927,0.9989,0.0,0.9376,Medium,3,False,0.5,1
2229,0,0.5128,0.4001,0.21,0.3622,0.0201,0.0211,0.0,0.2216,Non-Duplicate,0,False,0.5,4
2230,1,0.7451,0.9956,0.4333,1.0,0.9803,0.9981,0.0,0.911,Hard,3,False,0.5,2
2231,0,0.4545,0.3567,0.358,0.2968,0.0199,0.0243,0.0,0.2159,Non-Duplicate,0,False,0.5,4
2232,0,0.3429,0.3761,0.3676,0.0188,0.0363,0.0381,0.0,0.2194,Non-Duplicate,0,False,0.5,4
2233,1,0.9091,0.9879,0.6667,1.0,0.9937,0.9996,0.0,0.9517,Medium,3,False,0.5,1
2234,1,0.9302,1.0,0.7667,1.0,0.9168,0.9196,0.0,0.9328,Medium,1,False,0.5,1
2235,1,0.7547,0.9437,0.6667,1.0,0.9077,0.935,0.0,0.8864,Hard,3,False,0.5,2
2236,1,0.8444,1.0,1.0,1.0,0.9747,0.9735,0.0,0.9728,Easy,1,False,0.5,0
2237,1,0.8571,1.0,0.6667,1.0,0.9718,0.9975,0.0,0.9448,Medium,3,False,0.5,1
2238,1,0.8333,0.9817,0.6667,1.0,0.9599,0.9871,0.0,0.931,Hard,3,False,0.5,2
2239,0,0.4615,0.2695,0.6621,0.2094,0.0193,0.0202,0.0,0.2156,Non-Duplicate,0,False,0.5,4
2240,0,0.3636,0.3817,0.632,0.0199,0.0312,0.0319,0.0,0.2473,Non-Duplicate,0,False,0.5,4
2241,1,0.8814,0.9985,0.6667,1.0,0.9995,1.0,0.0,0.9542,Medium,3,False,0.5,1
2242,1,0.8372,1.0,0.916,1.0,0.9739,0.9734,0.0,0.9635,Easy,1,False,0.5,0
2243,0,0.439,0.3807,0.2379,0.6235,0.0201,0.0217,0.0,0.2103,Non-Duplicate,2,False,0.5,4
2244,1,0.9268,0.9974,0.4845,1.0,0.9908,0.9963,0.0,0.9372,Medium,3,False,0.5,1
2245,0,0.4865,0.4337,0.4142,0.5966,0.0102,0.0095,0.0,0.2463,Non-Duplicate,2,False,0.5,4
2246,1,0.8785,0.9855,0.6667,1.0,0.9899,0.9999,0.0,0.9469,Medium,3,False,0.5,1
2247,1,0.8571,0.9957,0.7667,1.0,1.0,1.0,0.0,0.9609,Easy,1,False,0.5,0
2248,1,0.8261,1.0,0.9142,1.0,0.9841,0.9876,0.0,0.9676,Easy,1,False,0.5,0
2249,0,0.9,0.7387,0.1457,0.9488,0.4731,0.491,0.0,0.5796,Non-Duplicate,3,False,0.5,4
2250,1,0.8636,1.0,0.4237,1.0,0.9768,0.9847,0.0,0.9199,Hard,3,False,0.5,2
2251,0,0.4091,0.4254,0.3219,0.054,0.0247,0.0305,0.0,0.2343,Non-Duplicate,0,False,0.5,4
2252,1,0.9302,1.0,0.4333,1.0,0.9854,0.9943,0.0,0.9316,Medium,3,False,0.5,1
2253,0,0.5641,0.2775,0.2416,0.2088,0.0219,0.0244,0.0,0.188,Non-Duplicate,0,False,0.5,4
2254,1,0.8636,0.9894,0.4799,1.0,0.969,0.9968,0.0,0.9223,Hard,3,False,0.5,2
2255,1,0.8169,0.9766,0.6406,1.0,0.9898,0.9997,0.0,0.9349,Medium,3,False,0.5,1
2256,1,0.8511,1.0,0.6667,1.0,0.9892,0.9989,0.0,0.9488,Medium,3,False,0.5,1
2257,0,0.5405,0.3274,0.253,0.2446,0.0222,0.0248,0.0,0.2044,Non-Duplicate,0,False,0.5,4
2258,0,0.5128,0.3204,0.3393,0.2863,0.022,0.0239,0.0,0.2076,Non-Duplicate,0,False,0.5,4
2259,1,0.9268,1.0,0.6667,1.0,1.0,1.0,0.0,0.9593,Easy,3,False,0.5,0
2260,1,0.9268,1.0,0.6667,1.0,1.0,1.0,0.0,0.9593,Easy,3,False,0.5,0
2261,1,0.85,1.0,0.5594,1.0,0.9887,0.9935,0.0,0.9368,Medium,3,False,0.5,1
2262,0,0.4615,0.2995,0.274,0.2664,0.0173,0.0187,0.0,0.1864,Non-Duplicate,0,False,0.5,4
2263,1,0.7451,0.999,1.0,1.0,0.9605,0.9731,0.0,0.9589,Easy,1,False,0.5,0
2264,1,0.8936,0.9711,0.6667,1.0,0.9628,0.9684,0.0,0.9303,Hard,3,False,0.5,2
2265,1,0.9268,1.0,1.0,1.0,0.9835,0.9933,0.0,0.9872,Easy,1,False,0.5,0
2266,0,0.4186,0.4263,0.3667,0.7424,0.0128,0.0147,0.0,0.2339,Non-Duplicate,2,False,0.5,4
2267,0,0.5,0.4431,0.4055,0.4678,0.0226,0.024,0.0,0.2561,Non-Duplicate,0,False,0.5,4
2268,1,0.8444,1.0,0.6667,1.0,0.9891,0.9888,0.0,0.9461,Medium,3,False,0.5,1
2269,0,0.4615,0.3091,0.2584,0.2566,0.0155,0.0164,0.0,0.1873,Non-Duplicate,0,False,0.5,4
2270,1,0.8772,1.0,1.0,1.0,0.983,0.9872,0.0,0.9809,Easy,1,False,0.5,0
2271,1,0.8333,0.9922,1.0,1.0,0.9917,0.9994,0.0,0.9784,Easy,1,False,0.5,0
2272,0,0.439,0.4189,0.4192,0.4207,0.0175,0.0188,0.0,0.2406,Non-Duplicate,0,False,0.5,4
2273,0,0.4615,0.3416,0.4119,0.3464,0.0225,0.0242,0.0,0.2174,Non-Duplicate,0,False,0.5,4
2274,1,0.8,1.0,0.3913,1.0,0.9482,0.9495,0.0,0.8961,Hard,3,False,0.5,2
2275,0,0.5,0.4049,0.3694,0.7274,0.0215,0.018,0.0,0.2376,Non-Duplicate,2,False,0.5,4
2276,0,0.5,0.4013,0.6306,0.3611,0.0274,0.0312,0.0,0.2666,Non-Duplicate,0,False,0.5,4
2277,1,0.8261,1.0,0.6667,1.0,0.9768,0.9786,0.0,0.9392,Medium,3,False,0.5,1
2278,1,0.8571,1.0,1.0,1.0,0.9958,0.9999,0.0,0.9847,Easy,1,False,0.5,0
2279,1,0.9302,1.0,0.4333,1.0,0.9561,0.9554,0.0,0.9164,Hard,3,False,0.5,2
2280,1,0.7547,1.0,0.6667,1.0,1.0,1.0,0.0,0.9421,Medium,3,False,0.5,1
2281,1,0.7812,0.9938,1.0,1.0,0.9716,0.9955,0.0,0.9679,Easy,1,False,0.5,0
2282,1,0.8511,0.9984,0.9968,1.0,1.0,1.0,0.0,0.9842,Easy,1,False,0.5,0
2283,1,0.898,1.0,0.7667,1.0,0.9418,0.9519,0.0,0.9423,Medium,1,False,0.5,1
2284,0,0.55,0.3953,0.4941,0.3314,0.0277,0.028,0.0,0.2553,Non-Duplicate,0,False,0.5,4
2285,0,0.4615,0.3181,0.3941,0.2954,0.0181,0.0176,0.0,0.205,Non-Duplicate,0,False,0.5,4
2286,0,0.5128,0.333,0.3685,0.2902,0.0191,0.0201,0.0,0.2135,Non-Duplicate,0,False,0.5,4
2287,0,0.36,0.2714,0.5279,0.0126,0.0179,0.0204,0.0,0.1923,Non-Duplicate,0,False,0.5,4
2288,1,0.8837,1.0,1.0,1.0,0.9786,0.9839,0.0,0.9798,Easy,1,False,0.5,0
2289,0,0.5641,0.3422,0.6379,0.3009,0.0333,0.0368,0.0,0.2556,Non-Duplicate,0,False,0.5,4
2290,0,0.4878,0.4538,0.426,0.9411,0.0248,0.0266,0.0,0.2617,Non-Duplicate,2,False,0.5,4
2291,0,0.4167,0.3043,0.2315,0.016,0.0575,0.0599,0.0,0.1977,Non-Duplicate,0,False,0.5,4
2292,0,0.4651,0.8104,0.5977,0.9687,0.4098,0.4246,0.0,0.5773,Non-Duplicate,2,False,0.5,4
2293,1,0.8511,1.0,0.5612,1.0,0.9901,0.9924,0.0,0.9372,Medium,3,False,0.5,1
2294,0,0.5405,0.4157,0.7064,0.3921,0.0218,0.0226,0.0,0.2802,Non-Duplicate,0,False,0.5,4
2295,1,0.8511,1.0,0.4055,1.0,0.9528,0.9627,0.0,0.9064,Hard,3,False,0.5,2
2296,0,0.5128,0.3513,0.5817,0.3341,0.0201,0.0211,0.0,0.2417,Non-Duplicate,0,False,0.5,4
2297,0,0.55,0.3672,0.421,0.3169,0.022,0.0221,0.0,0.2355,Non-Duplicate,0,False,0.5,4
2298,0,0.5128,0.4137,0.247,0.4087,0.0232,0.0242,0.0,0.2314,Non-Duplicate,0,False,0.5,4
2299,1,0.9057,1.0,0.995,1.0,0.9914,0.999,0.0,0.9877,Easy,1,False,0.5,0
2300,0,0.4615,0.3347,0.432,0.2242,0.0243,0.0259,0.0,0.2178,Non-Duplicate,0,False,0.5,4
2301,1,0.7797,1.0,1.0,1.0,0.9564,0.9783,0.0,0.9627,Easy,1,False,0.5,0
2302,1,0.8511,1.0,0.7667,1.0,0.9384,0.9502,0.0,0.9364,Medium,1,False,0.5,1
2303,0,0.5128,0.2986,0.4128,0.2745,0.0168,0.0177,0.0,0.2048,Non-Duplicate,0,False,0.5,4
2304,1,0.7407,1.0,0.6667,1.0,0.9905,0.9996,0.0,0.9383,Medium,3,False,0.5,1
2305,0,0.4878,0.448,0.4178,0.8615,0.0216,0.0181,0.0,0.2564,Non-Duplicate,2,False,0.5,4
2306,1,0.9268,0.9844,0.5005,1.0,0.9442,0.9642,0.0,0.9161,Hard,3,False,0.5,2
2307,1,0.7451,1.0,1.0,1.0,0.9971,0.9997,0.0,0.9737,Easy,1,False,0.5,0
2308,0,0.6111,0.4196,0.2799,0.4098,0.0509,0.0543,0.0,0.2596,Non-Duplicate,0,False,0.5,4
2309,1,0.9057,0.9877,0.6146,1.0,0.9434,0.9568,0.0,0.9249,Hard,3,False,0.5,2
2310,1,0.9268,1.0,0.6667,1.0,1.0,1.0,0.0,0.9593,Easy,3,False,0.5,0
2311,0,0.4737,0.3902,0.4242,0.628,0.0061,0.0051,0.0,0.2289,Non-Duplicate,2,False,0.5,4
2312,1,0.8636,0.9989,0.6667,1.0,0.9916,0.9966,0.0,0.9498,Medium,3,False,0.5,1
2313,0,0.6667,0.3706,0.3443,0.3149,0.0268,0.0293,0.0,0.2434,Non-Duplicate,0,False,0.5,4
2314,1,0.8837,1.0,0.6667,1.0,0.98,0.9863,0.0,0.9473,Medium,3,False,0.5,1
2315,0,0.3438,0.2625,0.3447,0.0102,0.0334,0.048,0.0,0.1787,Non-Duplicate,0,False,0.5,4
2316,1,0.9268,1.0,0.7667,1.0,0.9834,0.9841,0.0,0.962,Easy,1,False,0.5,0
2317,0,0.6316,0.3995,0.5283,0.3478,0.0216,0.0203,0.0,0.2653,Non-Duplicate,0,False,0.5,4
2318,1,0.75,1.0,1.0,1.0,0.9994,1.0,0.0,0.9748,Easy,1,False,0.5,0
2319,1,0.8627,0.9707,0.9648,1.0,0.9902,0.9991,0.0,0.9699,Easy,1,False,0.5,0
2320,1,0.7692,0.9932,1.0,1.0,0.9225,0.9353,0.0,0.9422,Medium,1,False,0.5,1
2321,1,0.9362,1.0,0.4333,1.0,0.9926,0.9984,0.0,0.9348,Medium,3,False,0.5,1
2322,1,0.8444,1.0,0.5626,1.0,0.991,0.9961,0.0,0.9377,Medium,3,False,0.5,1
2323,1,0.7907,1.0,0.7667,1.0,0.9563,0.957,0.0,0.9362,Medium,1,False,0.5,1
2324,1,0.8372,1.0,0.4333,1.0,1.0,1.0,0.0,0.9271,Hard,3,False,0.5,2
2325,1,0.9333,1.0,0.3041,1.0,0.9214,0.9301,0.0,0.8901,Hard,3,False,0.5,2
2326,0,0.4878,0.4291,0.2932,0.8584,0.0176,0.0169,0.0,0.2361,Non-Duplicate,2,False,0.5,4
2327,1,0.8116,0.5426,0.6667,1.0,0.9991,1.0,0.0,0.7875,Hard,3,False,0.5,2
2328,0,0.5263,0.4158,0.2311,0.6151,0.0148,0.0144,0.0,0.2278,Non-Duplicate,2,False,0.5,4
2329,1,0.8772,1.0,0.6667,1.0,0.9931,0.9968,0.0,0.952,Medium,3,False,0.5,1
2330,1,0.9474,0.996,0.4333,1.0,0.9997,0.9999,0.0,0.9366,Medium,3,False,0.5,1
2331,1,0.9268,0.9778,0.4237,1.0,0.9541,0.9833,0.0,0.9125,Hard,3,False,0.5,2
2332,0,0.4615,0.2972,0.3425,0.2434,0.0126,0.0127,0.0,0.1901,Non-Duplicate,0,False,0.5,4
2333,1,0.9189,1.0,0.7667,1.0,0.9597,0.9915,0.0,0.9568,Easy,1,False,0.5,0
2334,0,0.4615,0.4262,0.6562,0.409,0.0266,0.0285,0.0,0.2733,Non-Duplicate,0,False,0.5,4
2335,0,0.5128,0.3454,0.426,0.3271,0.0269,0.0302,0.0,0.2275,Non-Duplicate,0,False,0.5,4
2336,1,0.8444,1.0,0.7667,1.0,0.9961,0.9998,0.0,0.9601,Easy,1,False,0.5,0
2337,1,0.7451,0.9982,0.2365,1.0,0.9818,0.9986,0.0,0.8927,Hard,3,False,0.5,2
2338,1,0.7451,1.0,0.6667,1.0,0.9337,0.9315,0.0,0.9109,Hard,3,False,0.5,2
2339,1,0.7407,0.9746,1.0,1.0,0.9406,0.9869,0.0,0.9477,Medium,1,False,0.5,1
2340,1,0.8936,1.0,0.7311,1.0,0.9304,0.929,0.0,0.9309,Hard,3,False,0.5,2
2341,1,0.8571,0.9903,0.6667,1.0,0.8978,0.905,0.0,0.9044,Hard,3,False,0.5,2
2342,1,0.8636,0.996,0.5333,1.0,0.9717,0.9965,0.0,0.9305,Hard,3,False,0.5,2
2343,0,0.6111,0.4001,0.2041,0.3732,0.0272,0.0287,0.0,0.2341,Non-Duplicate,0,False,0.5,4
2344,1,0.76,0.9566,0.7667,1.0,0.9384,0.9657,0.0,0.9152,Hard,1,False,0.5,2
2345,1,0.7407,1.0,0.9352,1.0,0.9771,0.9995,0.0,0.9618,Easy,1,False,0.5,0
2346,1,0.8444,1.0,1.0,1.0,0.9837,0.9924,0.0,0.9789,Easy,1,False,0.5,0
2347,0,0.5128,0.3037,0.5516,0.2722,0.0166,0.0178,0.0,0.2204,Non-Duplicate,0,False,0.5,4
2348,1,0.7308,1.0,0.7667,1.0,0.9849,0.9988,0.0,0.9457,Medium,1,False,0.5,1
2349,1,0.8772,1.0,0.7667,1.0,0.9586,0.9684,0.0,0.9477,Medium,1,False,0.5,1
2350,1,0.75,0.9642,0.4333,1.0,0.9255,0.9407,0.0,0.8753,Hard,3,False,0.5,2
2351,0,0.4186,0.3979,0.3626,0.356,0.0212,0.0223,0.0,0.2272,Non-Duplicate,0,False,0.5,4
2352,1,0.8889,1.0,0.6667,1.0,0.9591,0.9584,0.0,0.937,Medium,3,False,0.5,1
2353,0,0.4186,0.4368,0.4178,0.8858,0.0153,0.0199,0.0,0.2443,Non-Duplicate,2,False,0.5,4
2354,0,0.5238,0.4319,0.4105,0.6952,0.0187,0.0161,0.0,0.2525,Non-Duplicate,2,False,0.5,4
2355,0,0.5128,0.3296,0.6329,0.2807,0.0196,0.021,0.0,0.239,Non-Duplicate,0,False,0.5,4
2356,0,0.5641,0.3499,0.3854,0.3394,0.0259,0.0296,0.0,0.2298,Non-Duplicate,0,False,0.5,4
2357,1,0.7636,0.9535,0.9005,1.0,0.8186,0.8613,0.0,0.8771,Hard,1,False,0.5,2
2358,1,0.8261,0.9739,1.0,1.0,0.9487,0.9618,0.0,0.953,Medium,1,False,0.5,1
2359,0,0.5,0.4349,0.4306,0.6466,0.0173,0.0179,0.0,0.2532,Non-Duplicate,2,False,0.5,4
2360,0,0.5128,0.3442,0.263,0.3389,0.0236,0.0243,0.0,0.2088,Non-Duplicate,0,False,0.5,4
2361,0,0.4737,0.4073,0.3352,0.8122,0.0118,0.0058,0.0,0.2275,Non-Duplicate,2,False,0.5,4
2362,1,0.7547,0.9356,0.5822,1.0,0.8793,0.9267,0.0,0.8663,Hard,3,False,0.5,2
2363,1,0.8889,1.0,1.0,1.0,0.9879,0.989,0.0,0.9836,Easy,1,False,0.5,0
2364,0,0.5,0.3179,0.6475,0.2086,0.0175,0.018,0.0,0.234,Non-Duplicate,0,False,0.5,4
2365,0,0.45,0.3638,0.5132,0.323,0.0233,0.0219,0.0,0.2339,Non-Duplicate,0,False,0.5,4
2366,0,0.4091,0.4171,0.4005,0.3755,0.026,0.0266,0.0,0.2388,Non-Duplicate,0,False,0.5,4
2367,0,0.4615,0.2647,0.221,0.2079,0.0148,0.0151,0.0,0.1676,Non-Duplicate,0,False,0.5,4
2368,0,0.5641,0.3256,0.1776,0.294,0.0257,0.0287,0.0,0.2003,Non-Duplicate,0,False,0.5,4
2369,1,0.8511,1.0,1.0,1.0,0.9845,0.9942,0.0,0.9801,Easy,1,False,0.5,0
2370,1,0.7547,0.9669,0.6667,1.0,0.9402,0.9904,0.0,0.9137,Hard,3,False,0.5,2
2371,0,0.5128,0.2718,0.3475,0.2057,0.0191,0.0205,0.0,0.19,Non-Duplicate,0,False,0.5,4
2372,1,0.8261,1.0,0.3703,1.0,0.9617,0.9697,0.0,0.904,Hard,3,False,0.5,2
2373,1,0.898,1.0,0.7667,1.0,0.989,0.9937,0.0,0.9624,Easy,1,False,0.5,0
2374,0,0.5405,0.3691,0.4009,0.2987,0.0226,0.0245,0.0,0.2339,Non-Duplicate,0,False,0.5,4
2375,0,0.375,0.3658,0.6132,0.0194,0.0279,0.0352,0.0,0.2409,Non-Duplicate,0,False,0.5,4
2376,0,0.4615,0.3031,0.3995,0.2558,0.0221,0.0236,0.0,0.2024,Non-Duplicate,0,False,0.5,4
2377,0,0.5641,0.3609,0.3571,0.3513,0.0144,0.0146,0.0,0.225,Non-Duplicate,0,False,0.5,4
2378,1,0.8704,0.9967,0.4333,1.0,0.9967,1.0,0.0,0.9284,Hard,3,False,0.5,2
2379,1,0.9333,1.0,1.0,1.0,0.939,0.9369,0.0,0.9655,Easy,1,False,0.5,0
2380,1,0.8696,1.0,0.6105,1.0,0.9951,0.9996,0.0,0.9467,Medium,3,False,0.5,1
2381,0,0.3636,0.3566,0.4105,0.3063,0.0186,0.0193,0.0,0.2107,Non-Duplicate,0,False,0.5,4
2382,1,0.9123,0.9968,0.6667,1.0,0.9989,0.9993,0.0,0.9564,Easy,3,False,0.5,0
2383,1,0.8837,1.0,0.5804,1.0,0.9875,0.9991,0.0,0.9431,Medium,3,False,0.5,1
2384,0,0.3611,0.2983,0.5037,0.0153,0.0308,0.0312,0.0,0.2048,Non-Duplicate,0,False,0.5,4
2385,1,0.8837,1.0,0.6776,1.0,0.9838,0.9861,0.0,0.9493,Medium,3,False,0.5,1
2386,0,0.4615,0.3196,0.5744,0.2759,0.0255,0.0284,0.0,0.2275,Non-Duplicate,0,False,0.5,4
2387,1,0.8936,1.0,0.7667,1.0,0.978,0.9924,0.0,0.959,Easy,1,False,0.5,0
2388,0,0.4651,0.4052,0.3114,0.3786,0.0186,0.0203,0.0,0.2282,Non-Duplicate,0,False,0.5,4
2389,0,0.4091,0.4209,0.4338,0.0469,0.0189,0.0135,0.0,0.239,Non-Duplicate,0,False,0.5,4
2390,0,0.4651,0.3676,0.5594,0.3281,0.019,0.0197,0.0,0.2398,Non-Duplicate,0,False,0.5,4
2391,1,0.9412,1.0,0.6667,1.0,1.0,1.0,0.0,0.9608,Easy,3,False,0.5,0
2392,0,0.439,0.4059,0.2511,0.3881,0.0155,0.0168,0.0,0.2183,Non-Duplicate,0,False,0.5,4
2393,1,0.918,0.9998,0.4333,1.0,0.9995,0.9996,0.0,0.9349,Medium,3,False,0.5,1
2394,1,0.7308,0.9814,0.858,1.0,0.9426,0.9973,0.0,0.9375,Medium,1,False,0.5,1
2395,1,0.8636,0.981,1.0,1.0,0.9429,0.9699,0.0,0.9594,Easy,1,False,0.5,0
2396,0,0.4615,0.358,0.3233,0.2582,0.0208,0.021,0.0,0.2132,Non-Duplicate,0,False,0.5,4
2397,0,0.5641,0.3205,0.3393,0.2811,0.0182,0.0197,0.0,0.211,Non-Duplicate,0,False,0.5,4
2398,1,0.8444,1.0,0.4922,1.0,0.9963,0.9995,0.0,0.9327,Medium,3,False,0.5,1
2399,0,0.5238,0.3898,0.5566,0.3612,0.0246,0.0243,0.0,0.2555,Non-Duplicate,0,False,0.5,4
2400,0,0.4878,0.437,0.4205,0.8513,0.0118,0.0103,0.0,0.2488,Non-Duplicate,2,False,0.5,4
2401,1,0.8511,1.0,1.0,1.0,0.9577,0.9644,0.0,0.9674,Easy,1,False,0.5,0
2402,1,0.7347,0.9722,0.7667,1.0,0.9225,0.9939,0.0,0.9198,Hard,1,False,0.5,2
2403,1,0.8261,1.0,0.958,1.0,1.0,1.0,0.0,0.9784,Easy,1,False,0.5,0
2404,1,0.9268,1.0,0.6667,1.0,0.9712,0.9861,0.0,0.9494,Medium,3,False,0.5,1
2405,1,0.7347,1.0,0.6667,1.0,0.9832,0.9972,0.0,0.9354,Medium,3,False,0.5,1
2406,1,0.8511,0.9724,0.5146,1.0,0.9669,0.9862,0.0,0.9159,Hard,3,False,0.5,2
2407,0,0.5,0.307,0.3886,0.2279,0.0233,0.0246,0.0,0.2071,Non-Duplicate,0,False,0.5,4
2408,1,0.7451,0.9652,0.7667,1.0,0.9254,0.9902,0.0,0.9184,Hard,1,False,0.5,2
2409,0,0.9,0.7398,0.2347,0.7124,0.4514,0.4828,0.0,0.5818,Non-Duplicate,3,False,0.5,4
2410,0,0.4762,0.4484,0.4233,0.9951,0.0128,0.0132,0.0,0.2527,Non-Duplicate,2,False,0.5,4
2411,1,0.7407,1.0,0.8397,1.0,0.9486,0.948,0.0,0.9348,Medium,1,False,0.5,1
2412,1,0.7692,0.9595,0.4333,1.0,0.7791,0.8238,0.0,0.8156,Hard,3,False,0.5,2
2413,1,0.898,0.9821,1.0,1.0,0.966,0.9953,0.0,0.9741,Easy,1,False,0.5,0
2414,0,0.4651,0.3987,0.2155,0.3806,0.0185,0.0189,0.0,0.216,Non-Duplicate,0,False,0.5,4
2415,0,0.4651,0.3803,0.4315,0.3242,0.0174,0.0191,0.0,0.231,Non-Duplicate,0,False,0.5,4
2416,1,0.75,0.9716,0.4333,1.0,0.8824,0.8975,0.0,0.8585,Hard,3,False,0.5,2
2417,1,0.7451,0.9638,1.0,1.0,0.9144,0.9569,0.0,0.9318,Medium,1,False,0.5,1
2418,0,0.6111,0.369,0.39,0.323,0.0224,0.0262,0.0,0.2401,Non-Duplicate,0,False,0.5,4
2419,0,0.4615,0.3214,0.4817,0.2715,0.0244,0.0262,0.0,0.2182,Non-Duplicate,0,False,0.5,4
2420,0,0.4545,0.4241,0.6507,0.7043,0.0152,0.0161,0.0,0.266,Non-Duplicate,2,False,0.5,4
2421,1,0.7308,0.9974,1.0,1.0,0.9815,0.9989,0.0,0.9673,Easy,1,False,0.5,0
2422,0,0.439,0.423,0.6187,0.7692,0.0139,0.0204,0.0,0.2614,Non-Duplicate,2,False,0.5,4
2423,1,0.76,0.999,0.9644,1.0,0.9916,0.9993,0.0,0.9698,Easy,1,False,0.5,0
2424,1,0.875,0.981,1.0,1.0,0.9903,0.9998,0.0,0.9784,Easy,1,False,0.5,0
2425,0,0.439,0.4297,0.3817,0.4237,0.0196,0.0213,0.0,0.2416,Non-Duplicate,0,False,0.5,4
2426,0,0.6,0.3725,0.347,0.3091,0.051,0.0536,0.0,0.2485,Non-Duplicate,0,False,0.5,4
2427,1,0.9302,1.0,0.6342,1.0,0.9902,0.9963,0.0,0.9533,Medium,3,False,0.5,1
2428,1,0.9302,0.9749,0.4333,1.0,0.9666,0.9651,0.0,0.9123,Hard,3,False,0.5,2
2429,0,0.4167,0.2435,0.2616,0.0566,0.0256,0.0259,0.0,0.1646,Non-Duplicate,0,False,0.5,4
2430,0,0.5128,0.3259,0.5977,0.2145,0.0169,0.0174,0.0,0.2328,Non-Duplicate,0,False,0.5,4
2431,0,0.45,0.428,0.4224,0.4221,0.02,0.0211,0.0,0.2462,Non-Duplicate,0,False,0.5,4
2432,1,0.7937,1.0,0.7667,1.0,0.9914,0.9996,0.0,0.9538,Medium,1,False,0.5,1
2433,0,0.4444,0.458,0.4018,0.8887,0.0219,0.0181,0.0,0.254,Non-Duplicate,2,False,0.5,4
2434,1,0.7407,0.949,0.6667,1.0,0.9045,0.9468,0.0,0.8884,Hard,3,False,0.5,2
2435,0,0.5128,0.3289,0.4963,0.3058,0.021,0.0202,0.0,0.2253,Non-Duplicate,0,False,0.5,4
2436,1,0.8837,1.0,0.4333,1.0,0.9917,0.9987,0.0,0.9294,Hard,3,False,0.5,2
2437,0,0.5128,0.3569,0.3598,0.3241,0.0289,0.0295,0.0,0.2253,Non-Duplicate,0,False,0.5,4
2438,0,0.6,0.4364,0.3603,0.4486,0.0266,0.029,0.0,0.2612,Non-Duplicate,0,False,0.5,4
2439,1,0.9048,1.0,1.0,1.0,0.9951,0.9992,0.0,0.9891,Easy,1,False,0.5,0
2440,0,0.5128,0.3312,0.3091,0.2753,0.0218,0.0235,0.0,0.2083,Non-Duplicate,0,False,0.5,4
2441,1,0.7692,1.0,0.6333,1.0,0.9839,0.9993,0.0,0.9361,Medium,3,False,0.5,1
2442,0,0.3529,0.2519,0.2626,0.0124,0.0323,0.0342,0.0,0.1646,Non-Duplicate,0,False,0.5,4
2443,1,0.7407,0.9606,0.6411,1.0,0.8996,0.9257,0.0,0.8844,Hard,3,False,0.5,2
2444,0,0.5641,0.3356,0.3991,0.2863,0.024,0.0255,0.0,0.2249,Non-Duplicate,0,False,0.5,4
2445,1,0.8511,1.0,1.0,1.0,0.9804,0.9945,0.0,0.9791,Easy,1,False,0.5,0
2446,1,0.8889,0.9865,0.6667,1.0,0.9977,0.9997,0.0,0.9502,Medium,3,False,0.5,1
2447,1,0.72,1.0,0.6406,1.0,1.0,1.0,0.0,0.9361,Medium,3,False,0.5,1
2448,0,0.3729,0.2956,0.2712,0.0221,0.0494,0.0587,0.0,0.192,Non-Duplicate,0,False,0.5,4
2449,0,0.359,0.4377,0.1822,0.7707,0.0253,0.0243,0.0,0.2185,Non-Duplicate,2,False,0.5,4
2450,0,0.5128,0.4068,0.5269,0.3705,0.0248,0.0263,0.0,0.2578,Non-Duplicate,0,False,0.5,4
2451,0,0.5128,0.2927,0.6032,0.2434,0.0147,0.0145,0.0,0.2206,Non-Duplicate,0,False,0.5,4
2452,1,0.7547,0.9869,1.0,1.0,0.9217,0.932,0.0,0.9377,Medium,1,False,0.5,1
2453,0,0.5128,0.4125,0.2671,0.3766,0.0204,0.0217,0.0,0.2318,Non-Duplicate,0,False,0.5,4
2454,0,0.6111,0.4039,0.3616,0.3695,0.049,0.0519,0.0,0.2613,Non-Duplicate,0,False,0.5,4
2455,1,0.8837,0.986,0.6667,1.0,0.9832,0.9859,0.0,0.9431,Medium,3,False,0.5,1
2456,1,0.9278,0.996,0.6667,1.0,0.9994,0.9994,0.0,0.9578,Easy,3,False,0.5,0
2457,0,0.3175,0.3844,0.5845,0.0155,0.0388,0.0455,0.0,0.2435,Non-Duplicate,0,False,0.5,4
2458,0,0.5405,0.4312,0.5662,0.4283,0.0216,0.0241,0.0,0.2718,Non-Duplicate,0,False,0.5,4
2459,0,0.55,0.3317,0.5822,0.2482,0.0267,0.0276,0.0,0.2415,Non-Duplicate,0,False,0.5,4
2460,1,0.9268,1.0,1.0,1.0,0.9855,0.9938,0.0,0.9878,Easy,1,False,0.5,0
2461,0,0.4889,0.4105,0.2571,0.7109,0.0067,0.0063,0.0,0.2212,Non-Duplicate,2,False,0.5,4
2462,1,0.8444,1.0,0.6251,1.0,0.9744,0.9734,0.0,0.9352,Medium,3,False,0.5,1
2463,1,0.8696,1.0,1.0,1.0,0.9939,0.9998,0.0,0.9854,Easy,1,False,0.5,0
2464,1,0.8837,1.0,0.6667,1.0,0.9944,0.9966,0.0,0.9529,Medium,3,False,0.5,1
2465,1,0.7692,0.969,1.0,1.0,0.9384,0.9856,0.0,0.9478,Medium,1,False,0.5,1
2466,1,0.8837,0.9961,0.3502,1.0,0.9951,0.9999,0.0,0.9208,Hard,3,False,0.5,2
2467,0,0.5789,0.3919,0.3142,0.3201,0.0192,0.017,0.0,0.2347,Non-Duplicate,0,False,0.5,4
2468,0,0.4651,0.3916,0.3863,0.3341,0.0245,0.0259,0.0,0.2335,Non-Duplicate,0,False,0.5,4
2469,0,0.45,0.3421,0.5717,0.2938,0.017,0.0208,0.0,0.2303,Non-Duplicate,0,False,0.5,4
2470,1,0.875,0.9993,0.7667,1.0,0.9994,1.0,0.0,0.9638,Easy,1,False,0.5,0
2471,0,0.5263,0.4398,0.3333,0.8644,0.0148,0.0152,0.0,0.2466,Non-Duplicate,2,False,0.5,4
2472,1,0.9268,1.0,0.7667,1.0,0.9983,0.9999,0.0,0.9689,Easy,1,False,0.5,0
2473,0,0.4615,0.3349,0.311,0.2964,0.0245,0.0243,0.0,0.2054,Non-Duplicate,0,False,0.5,4
2474,0,0.4615,0.2836,0.5429,0.2397,0.0148,0.015,0.0,0.2064,Non-Duplicate,0,False,0.5,4
2475,0,0.4762,0.4582,0.3027,0.9235,0.0162,0.0185,0.0,0.246,Non-Duplicate,2,False,0.5,4
2476,1,0.902,1.0,0.1877,1.0,0.9536,0.9578,0.0,0.8889,Hard,3,False,0.5,2
2477,0,0.4615,0.2849,0.3434,0.2233,0.0198,0.0236,0.0,0.1899,Non-Duplicate,0,False,0.5,4
2478,1,0.8444,1.0,0.6667,1.0,0.9875,0.9872,0.0,0.9454,Medium,3,False,0.5,1
2479,1,0.8837,0.9945,0.6667,1.0,0.9859,0.9977,0.0,0.9491,Medium,3,False,0.5,1
2480,0,0.4615,0.3007,0.3192,0.2306,0.0232,0.0245,0.0,0.194,Non-Duplicate,0,False,0.5,4
2481,1,0.76,0.9789,1.0,1.0,0.9242,0.9873,0.0,0.9471,Medium,1,False,0.5,1
2482,0,0.55,0.4327,0.621,0.4208,0.0228,0.0244,0.0,0.2791,Non-Duplicate,0,False,0.5,4
2483,0,0.4615,0.3184,0.4037,0.2901,0.0246,0.0268,0.0,0.2095,Non-Duplicate,0,False,0.5,4
2484,1,0.75,0.9677,0.7352,1.0,0.9109,0.985,0.0,0.9119,Hard,3,False,0.5,2
2485,1,0.7451,1.0,0.6667,1.0,0.973,0.9858,0.0,0.9316,Hard,3,False,0.5,2
2486,0,0.439,0.3831,0.5411,0.5993,0.0072,0.0072,0.0,0.2353,Non-Duplicate,2,False,0.5,4
2487,0,0.4737,0.4103,0.4,0.9387,0.0211,0.0185,0.0,0.2399,Non-Duplicate,2,False,0.5,4
2488,0,0.4545,0.4632,0.6356,0.9702,0.0108,0.0103,0.0,0.2759,Non-Duplicate,2,False,0.5,4
2489,1,0.8571,0.9772,1.0,1.0,0.9855,0.9996,0.0,0.974,Easy,1,False,0.5,0
2490,1,0.8889,1.0,0.7484,1.0,0.9769,0.9976,0.0,0.9575,Easy,1,False,0.5,0
2491,0,0.3636,0.3585,0.4009,0.3084,0.0166,0.017,0.0,0.2095,Non-Duplicate,0,False,0.5,4
2492,1,0.9268,1.0,1.0,1.0,0.9609,0.9762,0.0,0.9782,Easy,1,False,0.5,0
2493,1,0.7308,0.9832,1.0,1.0,0.9259,0.9956,0.0,0.9478,Medium,1,False,0.5,1
2494,0,0.95,0.7233,0.3507,0.9926,0.4611,0.504,0.0,0.5993,Non-Duplicate,3,False,0.5,4
2495,0,0.45,0.4065,0.2018,0.3622,0.0289,0.0354,0.0,0.2218,Non-Duplicate,0,False,0.5,4
2496,1,0.7407,0.9517,0.6667,1.0,0.8906,0.9403,0.0,0.8845,Hard,3,False,0.5,2
2497,1,0.8444,1.0,0.6973,1.0,0.9926,0.999,0.0,0.9521,Medium,3,False,0.5,1
2498,0,0.4651,0.3526,0.3594,0.272,0.0137,0.0128,0.0,0.2118,Non-Duplicate,0,False,0.5,4
2499,0,0.4615,0.2978,0.5539,0.2522,0.0152,0.0155,0.0,0.2127,Non-Duplicate,0,False,0.5,4
2500,0,0.5641,0.38,0.2877,0.2895,0.0261,0.0278,0.0,0.2302,Non-Duplicate,0,False,0.5,4
2501,1,0.7692,1.0,1.0,1.0,1.0,1.0,0.0,0.9769,Easy,1,False,0.5,0
2502,1,0.7451,0.9747,0.6667,1.0,0.9564,0.9944,0.0,0.9203,Hard,3,False,0.5,2
2503,1,0.8696,1.0,0.6667,1.0,0.9761,0.9761,0.0,0.9429,Medium,3,False,0.5,1
2504,0,0.4762,0.4347,0.6037,0.9051,0.0074,0.0089,0.0,0.2638,Non-Duplicate,2,False,0.5,4
2505,0,0.4615,0.2583,0.2105,0.2062,0.0176,0.0194,0.0,0.1659,Non-Duplicate,0,False,0.5,4
2506,0,0.5263,0.4162,0.1352,0.5642,0.0138,0.0172,0.0,0.2187,Non-Duplicate,2,False,0.5,4
2507,1,0.8333,0.9946,0.6361,1.0,0.8998,0.9099,0.0,0.902,Hard,3,False,0.5,2
2508,1,0.8372,0.9707,0.6667,1.0,0.9736,0.9975,0.0,0.933,Medium,3,False,0.5,1
2509,0,0.6111,0.3493,0.3457,0.2687,0.0279,0.0287,0.0,0.2306,Non-Duplicate,0,False,0.5,4
2510,0,0.4074,0.3036,0.3479,0.0128,0.0251,0.0234,0.0,0.1928,Non-Duplicate,0,False,0.5,4
2511,1,0.8936,0.9729,0.7667,1.0,0.9474,0.9773,0.0,0.9388,Medium,1,False,0.5,1
2512,1,0.8444,0.9917,0.8575,1.0,0.9823,0.997,0.0,0.9623,Easy,1,False,0.5,0
2513,0,0.5128,0.3006,0.4201,0.2459,0.0214,0.0218,0.0,0.2082,Non-Duplicate,0,False,0.5,4
2514,1,0.84,1.0,0.4333,1.0,0.912,0.9185,0.0,0.889,Hard,3,False,0.5,2
2515,0,0.6,0.4299,0.1881,0.4148,0.0281,0.0296,0.0,0.2422,Non-Duplicate,0,False,0.5,4
2516,1,0.875,1.0,1.0,1.0,1.0,1.0,0.0,0.9875,Easy,1,False,0.5,0
2517,1,0.7451,1.0,1.0,1.0,0.9926,0.9996,0.0,0.9726,Easy,1,False,0.5,0
2518,1,0.9367,0.9989,0.4758,1.0,0.9991,0.9989,0.0,0.9404,Medium,3,False,0.5,1
2519,0,0.6111,0.3391,0.5553,0.2319,0.0203,0.0227,0.0,0.2449,Non-Duplicate,0,False,0.5,4
2520,0,0.5641,0.276,0.405,0.2358,0.0171,0.0185,0.0,0.2015,Non-Duplicate,0,False,0.5,4
2521,1,0.9048,1.0,1.0,1.0,0.9884,0.9878,0.0,0.9851,Easy,1,False,0.5,0
2522,1,0.7586,1.0,0.6648,1.0,0.9912,0.9995,0.0,0.94,Medium,3,False,0.5,1
2523,1,0.8936,0.984,0.7612,1.0,0.9759,0.9973,0.0,0.9533,Medium,1,False,0.5,1
2524,1,0.7407,1.0,0.4082,1.0,0.9405,0.9436,0.0,0.8888,Hard,3,False,0.5,2
2525,1,0.7692,0.9579,1.0,1.0,0.8826,0.9261,0.0,0.9181,Hard,1,False,0.5,2
2526,1,0.7451,0.9981,0.9795,1.0,0.9849,0.9856,0.0,0.9651,Easy,1,False,0.5,0
2527,0,0.5,0.3617,0.2242,0.2957,0.0161,0.0158,0.0,0.2062,Non-Duplicate,0,False,0.5,4
2528,0,0.5116,0.4157,0.6087,0.4034,0.0171,0.0161,0.0,0.265,Non-Duplicate,0,False,0.5,4
2529,0,0.4737,0.4375,0.6557,0.9176,0.0096,0.0101,0.0,0.2705,Non-Duplicate,2,False,0.5,4
2530,0,0.3438,0.3064,0.3055,0.015,0.0417,0.0506,0.0,0.1927,Non-Duplicate,0,False,0.5,4
2531,0,0.5946,0.3351,0.3886,0.2685,0.0222,0.0261,0.0,0.2264,Non-Duplicate,0,False,0.5,4
2532,1,0.8571,1.0,0.2932,1.0,0.9306,0.9392,0.0,0.8855,Hard,3,False,0.5,2
2533,1,0.8718,1.0,1.0,1.0,0.9491,0.9664,0.0,0.9677,Easy,1,False,0.5,0
2534,1,0.7451,0.9983,0.6498,1.0,0.9881,0.9948,0.0,0.9349,Medium,3,False,0.5,1
2535,1,0.8056,0.9767,0.6667,1.0,0.9887,0.9998,0.0,0.9362,Medium,3,False,0.5,1
2536,0,0.5641,0.3335,0.4808,0.3058,0.02,0.0247,0.0,0.2312,Non-Duplicate,0,False,0.5,4
2537,0,0.4615,0.3229,0.4,0.2161,0.0222,0.0224,0.0,0.2092,Non-Duplicate,0,False,0.5,4
2538,1,0.9091,1.0,0.6667,1.0,0.945,0.9451,0.0,0.9328,Medium,3,False,0.5,1
2539,1,0.878,1.0,0.4845,1.0,0.9605,0.9693,0.0,0.9202,Hard,3,False,0.5,2
2540,1,0.8511,1.0,1.0,1.0,0.986,0.9952,0.0,0.9806,Easy,1,False,0.5,0
2541,0,0.4545,0.4058,0.2543,0.7656,0.0141,0.0151,0.0,0.2195,Non-Duplicate,2,False,0.5,4
2542,0,0.5128,0.3458,0.3626,0.3139,0.0152,0.0162,0.0,0.2156,Non-Duplicate,0,False,0.5,4
2543,1,0.8444,1.0,0.4018,1.0,0.9947,0.9959,0.0,0.9225,Hard,3,False,0.5,2
2544,1,0.7451,0.9728,1.0,1.0,0.9587,0.9961,0.0,0.9539,Medium,1,False,0.5,1
2545,1,0.9268,1.0,0.3438,1.0,0.9887,0.9941,0.0,0.9231,Hard,3,False,0.5,2
2546,0,0.95,0.6785,0.3918,0.8501,0.4144,0.4385,0.0,0.5629,Non-Duplicate,3,False,0.5,4
2547,0,0.9,0.6486,0.426,0.8943,0.269,0.279,0.0,0.4827,Non-Duplicate,2,False,0.5,4
2548,0,0.5128,0.2922,0.2279,0.2237,0.0174,0.0182,0.0,0.1843,Non-Duplicate,0,False,0.5,4
2549,1,0.902,1.0,0.5032,1.0,0.9901,0.9978,0.0,0.9376,Medium,3,False,0.5,1
2550,1,0.878,0.9798,1.0,1.0,0.954,0.9934,0.0,0.9679,Easy,1,False,0.5,0
2551,0,0.5333,0.4177,0.3995,0.0577,0.0258,0.0283,0.0,0.2516,Non-Duplicate,0,False,0.5,4
2552,0,0.4186,0.443,0.6603,0.0571,0.0189,0.0271,0.0,0.2731,Non-Duplicate,0,False,0.5,4
2553,1,0.9268,1.0,0.6667,1.0,0.9693,0.9705,0.0,0.9458,Medium,3,False,0.5,1
2554,0,0.5,0.3397,0.6315,0.231,0.0272,0.0276,0.0,0.2444,Non-Duplicate,0,False,0.5,4
2555,1,0.8444,1.0,1.0,1.0,0.9962,0.9998,0.0,0.9835,Easy,1,False,0.5,0
2556,0,0.55,0.4129,0.3941,0.3974,0.0259,0.0276,0.0,0.2509,Non-Duplicate,0,False,0.5,4
2557,0,0.95,0.7181,0.1858,0.7547,0.4221,0.4462,0.0,0.5597,Non-Duplicate,3,False,0.5,4
2558,0,0.4762,0.3875,0.2059,0.6424,0.0038,0.002,0.0,0.2052,Non-Duplicate,2,False,0.5,4
2559,0,0.9,0.7249,0.2447,0.7528,0.4571,0.4941,0.0,0.5813,Non-Duplicate,3,False,0.5,4
2560,1,0.8444,1.0,0.4402,1.0,1.0,1.0,0.0,0.9285,Hard,3,False,0.5,2
2561,1,0.7083,0.9688,0.6279,1.0,0.938,0.9864,0.0,0.9045,Hard,3,False,0.5,2
2562,0,0.4651,0.3888,0.2132,0.3294,0.029,0.0308,0.0,0.2173,Non-Duplicate,0,False,0.5,4
2563,0,0.4444,0.4345,0.521,0.9706,0.0067,0.0104,0.0,0.2524,Non-Duplicate,2,False,0.5,4
2564,1,0.8627,1.0,0.9009,1.0,0.9899,0.9931,0.0,0.9725,Easy,1,False,0.5,0
2565,0,0.4651,0.392,0.5484,0.3629,0.0191,0.0196,0.0,0.2472,Non-Duplicate,0,False,0.5,4
2566,1,0.9048,1.0,1.0,1.0,0.9842,0.984,0.0,0.9833,Easy,1,False,0.5,0
2567,1,0.8444,1.0,1.0,1.0,0.9905,0.9964,0.0,0.9814,Easy,1,False,0.5,0
2568,1,0.75,1.0,0.6667,1.0,0.997,0.9996,0.0,0.9408,Medium,3,False,0.5,1
2569,1,0.7869,0.9681,1.0,1.0,0.9186,0.9383,0.0,0.9348,Medium,1,False,0.5,1
2570,1,0.8293,1.0,1.0,1.0,0.9468,0.9466,0.0,0.9589,Easy,1,False,0.5,0
2571,0,0.4737,0.4381,0.1945,0.6804,0.0121,0.0113,0.0,0.2255,Non-Duplicate,2,False,0.5,4
2572,1,0.9268,1.0,0.4333,1.0,1.0,1.0,0.0,0.936,Medium,3,False,0.5,1
2573,1,0.9302,1.0,1.0,1.0,0.9885,0.9919,0.0,0.9885,Easy,1,False,0.5,0
2574,1,0.7812,1.0,0.7667,1.0,0.9599,0.9591,0.0,0.9366,Medium,1,False,0.5,1
2575,1,0.7812,0.9811,0.6667,1.0,0.8952,0.9332,0.0,0.8986,Hard,3,False,0.5,2
2576,1,0.76,0.9835,0.7667,1.0,0.9715,0.9979,0.0,0.9393,Medium,1,False,0.5,1
2577,1,0.8889,0.9698,0.8817,1.0,0.925,0.9425,0.0,0.9362,Medium,1,False,0.5,1
2578,1,0.8889,1.0,0.6667,1.0,0.975,0.9774,0.0,0.9448,Medium,3,False,0.5,1
2579,1,0.8511,1.0,0.6667,1.0,1.0,1.0,0.0,0.9518,Medium,3,False,0.5,1
2580,1,0.9333,1.0,0.942,1.0,0.9395,0.9437,0.0,0.9611,Easy,1,False,0.5,0
2581,1,0.7778,0.9916,0.6667,1.0,0.9666,0.997,0.0,0.9325,Medium,3,False,0.5,1
2582,1,0.8923,0.9947,0.8014,1.0,0.9995,0.9998,0.0,0.9674,Easy,1,False,0.5,0
2583,0,0.3529,0.4507,0.2676,0.0483,0.022,0.0311,0.0,0.2315,Non-Duplicate,0,False,0.5,4
2584,1,0.7547,0.9711,0.4333,1.0,0.9541,0.9937,0.0,0.896,Hard,3,False,0.5,2
2585,0,0.95,0.6617,0.5274,0.6412,0.3455,0.3546,0.0,0.5366,Non-Duplicate,3,False,0.5,4
2586,0,0.95,0.6256,0.1658,0.6785,0.315,0.3286,0.0,0.475,Non-Duplicate,2,False,0.5,4
2587,1,0.9434,1.0,0.6667,1.0,0.9641,0.9677,0.0,0.9456,Medium,3,False,0.5,1
2588,0,0.4286,0.425,0.2658,0.6381,0.0119,0.0149,0.0,0.2241,Non-Duplicate,2,False,0.5,4
2589,0,0.5641,0.2742,0.5023,0.2254,0.0197,0.0206,0.0,0.2117,Non-Duplicate,0,False,0.5,4
2590,1,0.8511,1.0,0.7667,1.0,0.9743,0.9741,0.0,0.9502,Medium,1,False,0.5,1
2591,0,0.4615,0.2871,0.2612,0.2196,0.019,0.019,0.0,0.1813,Non-Duplicate,0,False,0.5,4
2592,0,0.5128,0.2628,0.2694,0.2099,0.0171,0.0231,0.0,0.1791,Non-Duplicate,0,False,0.5,4
2593,0,0.4651,0.4116,0.4274,0.3986,0.0218,0.0217,0.0,0.2431,Non-Duplicate,0,False,0.5,4
2594,1,0.9412,1.0,1.0,1.0,0.9234,0.9313,0.0,0.9612,Easy,1,False,0.5,0
2595,1,0.9268,1.0,0.6667,1.0,0.9939,0.9962,0.0,0.9571,Easy,3,False,0.5,0
2596,0,0.4737,0.4512,0.6205,0.7455,0.0113,0.0131,0.0,0.2728,Non-Duplicate,2,False,0.5,4
2597,1,0.9268,1.0,0.4333,1.0,0.9243,0.942,0.0,0.9055,Hard,3,False,0.5,2
2598,1,0.9268,1.0,0.5215,1.0,0.9833,0.9838,0.0,0.9374,Medium,3,False,0.5,1
2599,1,0.8889,1.0,1.0,1.0,1.0,1.0,0.0,0.9889,Easy,1,False,0.5,0
2600,0,0.8947,0.8462,0.2534,0.8962,0.3613,0.3833,0.0,0.578,Non-Duplicate,3,False,0.5,4
2601,0,0.6316,0.3517,0.5059,0.2661,0.0201,0.021,0.0,0.2461,Non-Duplicate,0,False,0.5,4
2602,0,0.55,0.4155,0.3877,0.4096,0.0492,0.0522,0.0,0.2619,Non-Duplicate,0,False,0.5,4
2603,0,0.4444,0.4391,0.2932,0.0533,0.0205,0.0229,0.0,0.2372,Non-Duplicate,0,False,0.5,4
2604,0,0.4103,0.3913,0.3018,0.5629,0.0104,0.009,0.0,0.2126,Non-Duplicate,2,False,0.5,4
2605,1,0.8837,1.0,0.6667,1.0,0.9894,0.9982,0.0,0.952,Medium,3,False,0.5,1
2606,1,0.8511,1.0,1.0,1.0,1.0,1.0,0.0,0.9851,Easy,1,False,0.5,0
2607,0,0.45,0.323,0.3521,0.2389,0.0224,0.0228,0.0,0.2034,Non-Duplicate,0,False,0.5,4
2608,0,0.4151,0.306,0.3872,0.0127,0.0435,0.051,0.0,0.2084,Non-Duplicate,0,False,0.5,4
2609,1,0.7879,0.9917,0.4333,1.0,0.9979,1.0,0.0,0.9187,Hard,3,False,0.5,2
2610,1,0.7692,1.0,0.4333,1.0,1.0,1.0,0.0,0.9203,Hard,3,False,0.5,2
2611,0,0.6154,0.3233,0.3653,0.2607,0.0211,0.0229,0.0,0.2211,Non-Duplicate,0,False,0.5,4
2612,0,0.4878,0.463,0.4068,0.9684,0.0149,0.0145,0.0,0.2581,Non-Duplicate,2,False,0.5,4
2613,1,0.8718,1.0,0.6667,1.0,0.9693,0.9727,0.0,0.9407,Medium,3,False,0.5,1
2614,1,0.8462,0.9741,1.0,1.0,0.9224,0.9367,0.0,0.9435,Medium,1,False,0.5,1
2615,0,0.4878,0.3927,0.5708,0.3599,0.028,0.0247,0.0,0.2553,Non-Duplicate,0,False,0.5,4
2616,0,0.5128,0.4181,0.3434,0.4001,0.0194,0.0195,0.0,0.2407,Non-Duplicate,0,False,0.5,4
2617,0,0.45,0.4026,0.3886,0.3594,0.0268,0.0225,0.0,0.236,Non-Duplicate,0,False,0.5,4
2618,1,0.8837,0.9786,1.0,1.0,0.9437,0.9619,0.0,0.9592,Easy,1,False,0.5,0
2619,0,0.3913,0.2607,0.2406,0.0114,0.047,0.0576,0.0,0.1777,Non-Duplicate,0,False,0.5,4
2620,1,0.8936,0.9923,0.4333,1.0,0.9758,0.9989,0.0,0.9237,Hard,3,False,0.5,2
2621,0,0.55,0.4253,0.5653,0.4443,0.0523,0.0542,0.0,0.2843,Non-Duplicate,0,False,0.5,4
2622,0,0.3667,0.4225,0.2868,0.0529,0.02,0.0229,0.0,0.2228,Non-Duplicate,0,False,0.5,4
2623,1,0.9302,1.0,0.7667,1.0,0.9248,0.9291,0.0,0.9367,Medium,1,False,0.5,1
2624,1,0.9333,1.0,0.4333,1.0,0.9693,0.9704,0.0,0.9231,Hard,3,False,0.5,2
2625,1,0.8772,1.0,0.7667,1.0,0.9924,0.9984,0.0,0.9622,Easy,1,False,0.5,0
2626,1,0.7391,1.0,1.0,1.0,0.8715,0.8714,0.0,0.9161,Hard,1,False,0.5,2
2627,1,0.9302,1.0,0.6667,1.0,0.9695,0.9713,0.0,0.9463,Medium,3,False,0.5,1
2628,0,0.5128,0.3708,0.4822,0.306,0.023,0.0242,0.0,0.2399,Non-Duplicate,0,False,0.5,4
2629,0,0.4615,0.437,0.4055,0.711,0.0199,0.0203,0.0,0.2487,Non-Duplicate,2,False,0.5,4
2630,0,0.55,0.4501,0.4119,0.852,0.0126,0.0134,0.0,0.2596,Non-Duplicate,2,False,0.5,4
2631,0,0.4878,0.4129,0.3995,0.6188,0.0134,0.0131,0.0,0.2392,Non-Duplicate,2,False,0.5,4
2632,1,0.7778,1.0,0.4333,1.0,0.9152,0.9131,0.0,0.8825,Hard,3,False,0.5,2
2633,0,0.6,0.388,0.2982,0.3159,0.0243,0.0245,0.0,0.2366,Non-Duplicate,0,False,0.5,4
2634,1,0.7451,0.9644,1.0,1.0,0.9217,0.9952,0.0,0.9415,Medium,1,False,0.5,1
2635,0,0.4186,0.3124,0.3845,0.2396,0.0161,0.0179,0.0,0.1973,Non-Duplicate,0,False,0.5,4
2636,0,0.5128,0.3581,0.2073,0.3099,0.0246,0.0265,0.0,0.2088,Non-Duplicate,0,False,0.5,4
2637,0,0.4651,0.4022,0.2662,0.357,0.0225,0.023,0.0,0.2241,Non-Duplicate,0,False,0.5,4
2638,0,0.5128,0.2902,0.3018,0.2404,0.0284,0.0316,0.0,0.1964,Non-Duplicate,0,False,0.5,4
2639,0,0.5116,0.3446,0.3991,0.2811,0.0228,0.0232,0.0,0.222,Non-Duplicate,0,False,0.5,4
2640,1,0.7547,0.9987,0.8954,1.0,0.9567,0.9592,0.0,0.9456,Medium,1,False,0.5,1
2641,0,0.4091,0.3772,0.4018,0.3122,0.0287,0.0309,0.0,0.2264,Non-Duplicate,0,False,0.5,4
2642,1,0.9362,1.0,1.0,1.0,0.9421,0.9643,0.0,0.972,Easy,1,False,0.5,0
2643,1,0.8372,1.0,1.0,1.0,0.9768,0.9768,0.0,0.9733,Easy,1,False,0.5,0
2644,0,0.3385,0.2427,0.3534,0.0124,0.0333,0.0359,0.0,0.1696,Non-Duplicate,0,False,0.5,4
2645,1,0.8444,0.998,0.6667,1.0,1.0,1.0,0.0,0.9504,Medium,3,False,0.5,1
2646,1,0.9333,1.0,0.4333,1.0,0.9774,0.9909,0.0,0.9292,Hard,3,False,0.5,2
2647,0,0.55,0.3485,0.4041,0.2659,0.039,0.0402,0.0,0.2352,Non-Duplicate,0,False,0.5,4
2648,0,0.4865,0.3852,0.2694,0.337,0.0157,0.0163,0.0,0.2176,Non-Duplicate,0,False,0.5,4
2649,1,0.898,1.0,0.6667,1.0,0.9859,0.9937,0.0,0.9517,Medium,3,False,0.5,1
2650,1,0.8444,1.0,0.7667,1.0,0.9954,0.9972,0.0,0.9594,Easy,1,False,0.5,0
2651,0,0.6857,0.9146,0.3566,0.8218,0.3638,0.3767,0.0,0.5906,Non-Duplicate,2,False,0.5,4
2652,0,0.4444,0.411,0.4078,0.9256,0.0068,0.0054,0.0,0.2318,Non-Duplicate,2,False,0.5,4
2653,0,0.5128,0.3324,0.4196,0.2912,0.0225,0.0233,0.0,0.2199,Non-Duplicate,0,False,0.5,4
2654,0,0.5128,0.401,0.4831,0.3655,0.0248,0.0281,0.0,0.2518,Non-Duplicate,0,False,0.5,4
2655,0,0.5116,0.3589,0.2037,0.2893,0.0209,0.0214,0.0,0.2066,Non-Duplicate,0,False,0.5,4
2656,0,0.5128,0.2787,0.1795,0.2058,0.0172,0.0184,0.0,0.1748,Non-Duplicate,0,False,0.5,4
2657,0,0.5128,0.2764,0.5164,0.2102,0.0191,0.0196,0.0,0.2084,Non-Duplicate,0,False,0.5,4
2658,0,0.359,0.4492,0.321,0.9082,0.031,0.0305,0.0,0.2391,Non-Duplicate,2,False,0.5,4
2659,1,0.8837,1.0,1.0,1.0,0.9722,0.9848,0.0,0.9784,Easy,1,False,0.5,0
2660,0,0.5,0.4378,0.1886,0.6996,0.0264,0.0221,0.0,0.2331,Non-Duplicate,2,False,0.5,4
2661,0,0.9,0.6862,0.3228,0.8839,0.3859,0.3988,0.0,0.5387,Non-Duplicate,3,False,0.5,4
2662,1,0.9268,1.0,0.4333,1.0,0.9844,0.9848,0.0,0.9291,Hard,3,False,0.5,2
2663,0,0.4651,0.4109,0.3712,0.3965,0.0223,0.0226,0.0,0.2376,Non-Duplicate,0,False,0.5,4
2664,1,0.9268,1.0,0.4333,1.0,0.991,0.9947,0.0,0.9327,Medium,3,False,0.5,1
2665,0,0.4091,0.4279,0.7082,0.4148,0.0368,0.0397,0.0,0.2786,Non-Duplicate,0,False,0.5,4
2666,1,0.7692,0.994,0.4333,1.0,0.9899,0.9988,0.0,0.9154,Hard,3,False,0.5,2
2667,0,0.3077,0.3166,0.347,0.0194,0.0278,0.032,0.0,0.1896,Non-Duplicate,0,False,0.5,4
2668,0,0.55,0.3785,0.2584,0.3328,0.0234,0.0245,0.0,0.2241,Non-Duplicate,0,False,0.5,4
2669,0,0.3913,0.2912,0.3863,0.0139,0.0472,0.0552,0.0,0.2025,Non-Duplicate,0,False,0.5,4
2670,1,0.7547,0.9686,0.3822,1.0,0.9377,0.9881,0.0,0.8848,Hard,3,False,0.5,2
2671,0,0.5641,0.3633,0.5826,0.3684,0.022,0.0217,0.0,0.2517,Non-Duplicate,0,False,0.5,4
2672,0,0.5641,0.3113,0.2589,0.2548,0.0216,0.0227,0.0,0.2012,Non-Duplicate,0,False,0.5,4
2673,1,0.7869,0.988,0.4333,1.0,0.9352,0.9398,0.0,0.8896,Hard,3,False,0.5,2
2674,0,0.4865,0.4109,0.19,0.5876,0.0088,0.0099,0.0,0.2156,Non-Duplicate,2,False,0.5,4
2675,0,0.6,0.35,0.2406,0.2879,0.0444,0.0466,0.0,0.227,Non-Duplicate,0,False,0.5,4
2676,1,0.7692,0.9849,0.4333,1.0,0.9471,0.9939,0.0,0.9005,Hard,3,False,0.5,2
2677,0,0.4651,0.3735,0.3388,0.325,0.0156,0.0153,0.0,0.2181,Non-Duplicate,0,False,0.5,4
2678,0,0.5,0.3216,0.4137,0.2416,0.0223,0.0274,0.0,0.215,Non-Duplicate,0,False,0.5,4
2679,1,0.8511,1.0,0.6667,1.0,0.9803,0.9802,0.0,0.9429,Medium,3,False,0.5,1
2680,1,0.76,0.9663,0.7667,1.0,0.9328,0.9851,0.0,0.9211,Hard,1,False,0.5,2
2681,1,0.9412,1.0,0.9256,1.0,0.9145,0.9258,0.0,0.9505,Medium,1,False,0.5,1
2682,1,0.9333,1.0,0.6667,1.0,0.9372,0.9374,0.0,0.9318,Medium,3,False,0.5,1
2683,1,0.7869,0.9681,1.0,1.0,0.8881,0.9311,0.0,0.9258,Hard,1,False,0.5,2
2684,1,0.8696,1.0,0.4361,1.0,0.9609,0.9657,0.0,0.9139,Hard,3,False,0.5,2
2685,0,0.4,0.4257,0.5731,0.4173,0.0183,0.0179,0.0,0.2545,Non-Duplicate,0,False,0.5,4
2686,1,0.8837,0.99,0.6594,1.0,0.9892,0.9887,0.0,0.9459,Medium,3,False,0.5,1
2687,1,0.8444,1.0,0.8598,1.0,0.9943,0.999,0.0,0.9688,Easy,1,False,0.5,0
2688,1,0.8511,1.0,0.6402,1.0,0.9799,0.9852,0.0,0.9411,Medium,3,False,0.5,1
2689,0,0.5128,0.338,0.4128,0.2901,0.0195,0.0226,0.0,0.2203,Non-Duplicate,0,False,0.5,4
2690,0,0.4615,0.2908,0.2927,0.2145,0.0226,0.0224,0.0,0.1873,Non-Duplicate,0,False,0.5,4
2691,0,0.5128,0.2984,0.5808,0.2446,0.0301,0.0323,0.0,0.2278,Non-Duplicate,0,False,0.5,4
2692,0,0.5405,0.3435,0.3393,0.2449,0.0181,0.0199,0.0,0.2167,Non-Duplicate,0,False,0.5,4
2693,1,0.9333,1.0,0.6502,1.0,0.9399,0.9478,0.0,0.9329,Medium,3,False,0.5,1
2694,1,0.8814,1.0,0.6667,1.0,0.9999,0.9999,0.0,0.9548,Medium,3,False,0.5,1
2695,1,0.9048,0.9849,0.4333,1.0,0.97,0.9977,0.0,0.9206,Hard,3,False,0.5,2
2696,0,0.5238,0.4322,0.1616,0.63,0.0128,0.0131,0.0,0.2256,Non-Duplicate,2,False,0.5,4
2697,0,0.4651,0.3852,0.4018,0.3468,0.0192,0.0223,0.0,0.2308,Non-Duplicate,0,False,0.5,4
2698,1,0.8444,1.0,1.0,1.0,0.9908,0.9968,0.0,0.9815,Easy,1,False,0.5,0
2699,0,0.5714,0.4038,0.389,0.3791,0.0236,0.0261,0.0,0.2485,Non-Duplicate,0,False,0.5,4
2700,0,0.5,0.397,0.3306,0.5693,0.0159,0.015,0.0,0.229,Non-Duplicate,2,False,0.5,4
2701,1,0.8511,0.9481,1.0,1.0,0.9449,0.9531,0.0,0.9438,Medium,1,False,0.5,1
2702,0,0.5128,0.3378,0.6219,0.2859,0.0256,0.0283,0.0,0.2438,Non-Duplicate,0,False,0.5,4
2703,0,0.4878,0.4172,0.2151,0.4032,0.0201,0.0206,0.0,0.2255,Non-Duplicate,0,False,0.5,4
2704,0,0.4865,0.4108,0.6393,0.7587,0.0067,0.0075,0.0,0.2595,Non-Duplicate,2,False,0.5,4
2705,1,0.8889,1.0,0.6667,1.0,0.9728,0.9785,0.0,0.9445,Medium,3,False,0.5,1
2706,1,0.8889,0.9949,1.0,1.0,0.9532,0.9565,0.0,0.9667,Easy,1,False,0.5,0
2707,1,0.7407,0.9927,0.968,1.0,0.9804,0.9982,0.0,0.9631,Easy,1,False,0.5,0
2708,1,0.9268,0.9962,1.0,1.0,0.9964,0.9996,0.0,0.9903,Easy,1,False,0.5,0
2709,0,0.5128,0.3171,0.642,0.2063,0.0211,0.0228,0.0,0.2363,Non-Duplicate,0,False,0.5,4
2710,1,0.7308,0.9951,0.6667,1.0,0.9687,0.9751,0.0,0.9252,Hard,3,False,0.5,2
2711,1,0.7547,0.9923,0.3991,1.0,0.9719,0.9982,0.0,0.9053,Hard,3,False,0.5,2
2712,1,0.8889,1.0,0.7178,1.0,0.9762,0.9781,0.0,0.9503,Medium,3,False,0.5,1
2713,1,0.8444,1.0,0.4333,1.0,0.9904,0.9954,0.0,0.9245,Hard,3,False,0.5,2
2714,1,0.75,0.9773,0.6667,1.0,0.9415,0.9906,0.0,0.9172,Hard,3,False,0.5,2
2715,0,0.4615,0.3432,0.4269,0.2284,0.0227,0.0246,0.0,0.2196,Non-Duplicate,0,False,0.5,4
2716,0,0.5641,0.299,0.8498,0.2505,0.0262,0.0292,0.0,0.2584,Non-Duplicate,0,False,0.5,4
2717,0,0.3385,0.2203,0.3274,0.0103,0.0319,0.0359,0.0,0.1588,Non-Duplicate,0,False,0.5,4
2718,1,0.8696,1.0,0.6667,1.0,0.9972,0.9996,0.0,0.9528,Medium,3,False,0.5,1
2719,0,0.85,0.6779,0.2973,0.8872,0.3724,0.4045,0.0,0.526,Non-Duplicate,2,False,0.5,4
2720,1,0.72,0.9704,0.7511,1.0,0.9464,0.9863,0.0,0.9206,Hard,1,False,0.5,2
2721,0,0.45,0.4073,0.5037,0.3785,0.0285,0.0301,0.0,0.2511,Non-Duplicate,0,False,0.5,4
2722,1,0.8889,1.0,0.6667,1.0,0.9553,0.9573,0.0,0.9359,Medium,3,False,0.5,1
2723,0,0.619,0.4084,0.179,0.3675,0.0255,0.0278,0.0,0.2347,Non-Duplicate,0,False,0.5,4
2724,0,0.45,0.3693,0.5982,0.3008,0.0216,0.0247,0.0,0.2444,Non-Duplicate,0,False,0.5,4
2725,1,0.8261,0.9835,1.0,1.0,0.9612,0.9837,0.0,0.9639,Easy,1,False,0.5,0
2726,0,0.4545,0.4222,0.2201,0.054,0.0202,0.0264,0.0,0.2256,Non-Duplicate,0,False,0.5,4
2727,0,0.5,0.3434,0.4311,0.2413,0.0185,0.0194,0.0,0.2218,Non-Duplicate,0,False,0.5,4
2728,0,0.5128,0.2955,0.1119,0.2494,0.0164,0.0139,0.0,0.1728,Non-Duplicate,0,False,0.5,4
2729,0,0.55,0.343,0.2589,0.2408,0.022,0.023,0.0,0.211,Non-Duplicate,0,False,0.5,4
2730,0,0.5238,0.9206,0.3489,0.6673,0.3664,0.3781,0.0,0.5767,Non-Duplicate,2,False,0.5,4
2731,0,0.5641,0.3409,0.3352,0.2943,0.0258,0.027,0.0,0.2211,Non-Duplicate,0,False,0.5,4
2732,0,0.4231,0.3218,0.5288,0.0176,0.0348,0.0485,0.0,0.2262,Non-Duplicate,0,False,0.5,4
2733,1,0.8889,1.0,1.0,1.0,0.9409,0.9429,0.0,0.9627,Easy,1,False,0.5,0
2734,1,0.8571,1.0,0.6667,1.0,0.9559,0.9645,0.0,0.9343,Medium,3,False,0.5,1
2735,0,0.6522,0.704,0.3712,0.8344,0.2249,0.2381,0.0,0.4526,Non-Duplicate,2,False,0.5,4
2736,0,0.6111,0.4043,0.6315,0.3953,0.0453,0.0473,0.0,0.2865,Non-Duplicate,0,False,0.5,4
2737,0,0.449,0.0848,0.3388,0.0116,0.031,0.0332,0.0,0.1228,Non-Duplicate,0,False,0.5,4
2738,1,0.9048,0.9763,0.4333,1.0,0.9446,0.9869,0.0,0.9091,Hard,3,False,0.5,2
2739,1,0.9333,0.9853,0.4315,1.0,0.9856,0.9872,0.0,0.9252,Hard,3,False,0.5,2
2740,1,0.9268,1.0,0.4333,1.0,0.9864,0.9857,0.0,0.9298,Hard,3,False,0.5,2
2741,1,0.7451,0.996,0.4333,1.0,0.9509,0.966,0.0,0.8974,Hard,3,False,0.5,2
2742,1,0.8636,1.0,1.0,1.0,0.9921,0.9996,0.0,0.9843,Easy,1,False,0.5,0
2743,0,0.4615,0.338,0.3986,0.3344,0.0208,0.0251,0.0,0.2145,Non-Duplicate,0,False,0.5,4
2744,1,0.9268,1.0,0.4333,1.0,0.9792,0.9874,0.0,0.9283,Hard,3,False,0.5,2
2745,0,0.5789,0.4116,0.2767,0.4082,0.026,0.0259,0.0,0.2413,Non-Duplicate,0,False,0.5,4
2746,0,0.3636,0.3166,0.5397,0.2384,0.0144,0.0147,0.0,0.2077,Non-Duplicate,0,False,0.5,4
2747,0,0.5238,0.3925,0.2808,0.6052,0.0071,0.0083,0.0,0.2213,Non-Duplicate,2,False,0.5,4
2748,0,0.4286,0.4227,0.3831,0.7397,0.0098,0.0097,0.0,0.2335,Non-Duplicate,2,False,0.5,4
2749,1,0.8511,1.0,0.8105,1.0,0.9218,0.9315,0.0,0.9329,Medium,1,False,0.5,1
2750,1,0.8511,1.0,0.7667,1.0,0.983,0.9985,0.0,0.9572,Easy,1,False,0.5,0
2751,1,0.7636,0.974,1.0,1.0,0.9464,0.9952,0.0,0.9529,Medium,1,False,0.5,1
2752,1,0.76,0.9973,0.4333,1.0,0.9847,0.9946,0.0,0.9135,Hard,3,False,0.5,2
2753,0,0.4167,0.4562,0.2708,0.0489,0.0259,0.0344,0.0,0.2418,Non-Duplicate,0,False,0.5,4
2754,0,0.4878,0.4253,0.3626,0.6457,0.0119,0.0156,0.0,0.24,Non-Duplicate,2,False,0.5,4
2755,1,0.7742,0.969,0.6667,1.0,0.9537,0.993,0.0,0.9203,Hard,3,False,0.5,2
2756,0,0.4762,0.3821,0.3922,0.6292,0.0082,0.0065,0.0,0.2239,Non-Duplicate,2,False,0.5,4
2757,0,0.5128,0.331,0.3534,0.2761,0.0197,0.0215,0.0,0.2117,Non-Duplicate,0,False,0.5,4
2758,1,0.8444,1.0,0.4333,1.0,0.9814,0.9844,0.0,0.92,Hard,3,False,0.5,2
2759,1,0.8444,0.997,0.9813,1.0,0.972,0.9775,0.0,0.97,Easy,1,False,0.5,0
2760,1,0.8837,1.0,1.0,1.0,0.9051,0.9079,0.0,0.9462,Medium,1,False,0.5,1
2761,1,0.9302,1.0,0.6667,1.0,0.9771,0.9771,0.0,0.9494,Medium,3,False,0.5,1
2762,0,0.4,0.4048,0.5763,0.3769,0.0184,0.0195,0.0,0.2478,Non-Duplicate,0,False,0.5,4
2763,0,0.5641,0.2954,0.4151,0.2327,0.0153,0.0158,0.0,0.2083,Non-Duplicate,0,False,0.5,4
2764,0,0.5641,0.2978,0.3292,0.2545,0.0223,0.025,0.0,0.2041,Non-Duplicate,0,False,0.5,4
2765,1,0.9268,1.0,1.0,1.0,0.9704,0.9697,0.0,0.9792,Easy,1,False,0.5,0
2766,0,0.383,0.4601,0.3452,0.0535,0.0198,0.0205,0.0,0.2429,Non-Duplicate,0,False,0.5,4
2767,0,0.5128,0.2772,0.3612,0.2241,0.0215,0.0242,0.0,0.1947,Non-Duplicate,0,False,0.5,4
2768,1,0.9268,1.0,0.4333,1.0,1.0,1.0,0.0,0.936,Medium,3,False,0.5,1
2769,0,0.5128,0.2665,0.1292,0.2214,0.0226,0.0238,0.0,0.1679,Non-Duplicate,0,False,0.5,4
2770,1,0.7451,1.0,0.6667,1.0,0.9721,0.9704,0.0,0.9283,Hard,3,False,0.5,2
2771,0,0.9524,0.8925,0.2502,0.6238,0.3365,0.354,0.0,0.5876,Non-Duplicate,3,False,0.5,4
2772,0,0.4737,0.4321,0.411,0.9468,0.02,0.0178,0.0,0.2483,Non-Duplicate,2,False,0.5,4
2773,1,0.7636,0.986,0.7667,1.0,0.9169,0.9979,0.0,0.9269,Hard,1,False,0.5,2
2774,1,0.9302,1.0,0.7667,1.0,0.9716,0.9839,0.0,0.9594,Easy,1,False,0.5,0
2775,0,0.4762,0.4595,0.3881,0.8909,0.0127,0.014,0.0,0.2533,Non-Duplicate,2,False,0.5,4
2776,1,0.9268,0.9985,0.4333,1.0,0.9812,0.9863,0.0,0.928,Hard,3,False,0.5,2
2777,1,0.898,1.0,0.6667,1.0,0.9675,0.9945,0.0,0.9472,Medium,3,False,0.5,1
2778,0,0.4878,0.9158,0.1598,0.6262,0.3718,0.3871,0.0,0.5557,Non-Duplicate,2,False,0.5,4
2779,1,0.8444,0.9984,0.6667,1.0,0.9965,0.9997,0.0,0.9496,Medium,3,False,0.5,1
2780,1,0.8444,1.0,0.4817,1.0,0.9952,0.9997,0.0,0.9314,Hard,3,False,0.5,2
2781,0,0.5714,0.4004,0.2941,0.3606,0.0277,0.0306,0.0,0.2397,Non-Duplicate,0,False,0.5,4
2782,0,0.5128,0.3607,0.4187,0.2593,0.0237,0.023,0.0,0.2299,Non-Duplicate,0,False,0.5,4
2783,0,0.3582,0.3034,0.279,0.0136,0.034,0.0362,0.0,0.1856,Non-Duplicate,0,False,0.5,4
2784,0,0.5789,0.389,0.3411,0.3236,0.0255,0.0272,0.0,0.24,Non-Duplicate,0,False,0.5,4
2785,1,0.9268,0.9901,0.5626,1.0,0.9871,0.9866,0.0,0.9396,Medium,3,False,0.5,1
2786,0,0.4762,0.4089,0.5913,0.7238,0.0093,0.01,0.0,0.2542,Non-Duplicate,2,False,0.5,4
2787,0,0.5128,0.3646,0.1566,0.3553,0.0217,0.022,0.0,0.2044,Non-Duplicate,0,False,0.5,4
2788,1,0.8511,1.0,1.0,1.0,0.9361,0.9538,0.0,0.9599,Easy,1,False,0.5,0
2789,1,0.9302,1.0,0.7767,1.0,0.9805,0.9803,0.0,0.9619,Easy,1,False,0.5,0
2790,0,0.5128,0.2698,0.4315,0.1925,0.0221,0.0235,0.0,0.1991,Non-Duplicate,0,False,0.5,4
2791,1,0.9455,0.9934,0.6667,1.0,0.9995,0.9996,0.0,0.9587,Easy,3,False,0.5,0
2792,1,0.8444,1.0,0.9973,1.0,0.9852,0.9885,0.0,0.9782,Easy,1,False,0.5,0
2793,0,0.4615,0.2896,0.7571,0.2556,0.0255,0.0291,0.0,0.2354,Non-Duplicate,0,False,0.5,4
2794,1,0.8511,1.0,1.0,1.0,0.9247,0.9318,0.0,0.9526,Medium,1,False,0.5,1
2795,0,0.9,0.672,0.4457,0.875,0.407,0.4304,0.0,0.5576,Non-Duplicate,3,False,0.5,4
2796,0,0.5128,0.3132,0.3667,0.2524,0.0243,0.0255,0.0,0.2087,Non-Duplicate,0,False,0.5,4
2797,0,0.4878,0.4114,0.6566,0.3682,0.0211,0.0233,0.0,0.2684,Non-Duplicate,0,False,0.5,4
2798,1,0.76,0.9966,1.0,1.0,0.9608,0.9721,0.0,0.9594,Easy,1,False,0.5,0
2799,0,0.45,0.3196,0.6589,0.2412,0.0226,0.0254,0.0,0.2335,Non-Duplicate,0,False,0.5,4
2800,0,0.4762,0.4458,0.4237,0.9239,0.0168,0.018,0.0,0.2538,Non-Duplicate,2,False,0.5,4
2801,1,0.7451,0.9959,0.9959,1.0,0.9604,0.9731,0.0,0.9574,Easy,1,False,0.5,0
2802,1,0.8511,1.0,0.6667,1.0,0.9725,0.9713,0.0,0.9392,Medium,3,False,0.5,1
2803,1,0.9412,1.0,0.7667,1.0,0.9888,0.9916,0.0,0.9663,Easy,1,False,0.5,0
2804,1,0.8889,0.998,0.4333,1.0,0.9999,1.0,0.0,0.9315,Hard,3,False,0.5,2
2805,1,0.8571,1.0,0.4333,1.0,0.9963,0.9998,0.0,0.9281,Hard,3,False,0.5,2
2806,0,0.619,0.2979,0.3265,0.2291,0.013,0.0126,0.0,0.2046,Non-Duplicate,0,False,0.5,4
2807,1,0.9268,1.0,1.0,1.0,0.995,0.9997,0.0,0.9914,Easy,1,False,0.5,0
2808,0,0.5,0.4177,0.384,0.7636,0.0127,0.015,0.0,0.2408,Non-Duplicate,2,False,0.5,4
2809,1,0.7636,0.9678,0.8183,1.0,0.8812,0.9288,0.0,0.903,Hard,1,False,0.5,2
2810,1,0.8837,0.9897,1.0,1.0,0.9779,0.9981,0.0,0.9789,Easy,1,False,0.5,0
2811,1,0.7308,0.9968,0.6667,1.0,0.9845,0.9958,0.0,0.9339,Medium,3,False,0.5,1
2812,0,0.45,0.32,0.3484,0.2312,0.0274,0.0285,0.0,0.2044,Non-Duplicate,0,False,0.5,4
2813,1,0.8261,1.0,0.6388,1.0,0.9987,0.9999,0.0,0.9462,Medium,3,False,0.5,1
2814,1,0.8163,1.0,1.0,1.0,0.9743,0.9738,0.0,0.97,Easy,1,False,0.5,0
2815,1,0.8889,1.0,1.0,1.0,1.0,1.0,0.0,0.9889,Easy,1,False,0.5,0
2816,0,0.4783,0.3764,0.658,0.0198,0.0273,0.0356,0.0,0.2593,Non-Duplicate,0,False,0.5,4
2817,0,0.4651,0.3349,0.3397,0.2599,0.0197,0.0194,0.0,0.2065,Non-Duplicate,0,False,0.5,4
2818,0,0.45,0.3375,0.411,0.2622,0.0213,0.0241,0.0,0.2144,Non-Duplicate,0,False,0.5,4
2819,0,0.4186,0.3671,0.353,0.3124,0.0172,0.0164,0.0,0.2132,Non-Duplicate,0,False,0.5,4
2820,0,0.8421,0.847,0.2219,0.9217,0.3949,0.4301,0.0,0.5876,Non-Duplicate,3,False,0.5,4
2821,0,0.4889,0.1479,0.3247,0.047,0.0207,0.0234,0.0,0.143,Non-Duplicate,0,False,0.5,4
2822,0,0.3922,0.1004,0.3183,0.0451,0.0162,0.021,0.0,0.1145,Non-Duplicate,0,False,0.5,4
2823,1,0.9048,0.9968,1.0,1.0,0.8994,0.9087,0.0,0.946,Medium,1,False,0.5,1
2824,0,0.4651,0.3873,0.3219,0.3427,0.015,0.0157,0.0,0.2211,Non-Duplicate,0,False,0.5,4
2825,0,0.4889,0.4591,0.3498,0.8773,0.0145,0.0123,0.0,0.2506,Non-Duplicate,2,False,0.5,4
2826,0,0.4615,0.8018,0.3589,0.9733,0.3268,0.3287,0.0,0.5101,Non-Duplicate,2,False,0.5,4
2827,0,0.4889,0.4592,0.7311,0.9468,0.0211,0.0245,0.0,0.2929,Non-Duplicate,2,False,0.5,4
2828,1,0.7586,1.0,0.6667,1.0,0.9519,0.9542,0.0,0.9213,Hard,3,False,0.5,2
2829,0,0.5,0.4094,0.2863,0.7875,0.0073,0.0073,0.0,0.2252,Non-Duplicate,2,False,0.5,4
2830,1,0.7778,1.0,0.6667,1.0,0.9813,0.9983,0.0,0.9394,Medium,3,False,0.5,1
2831,1,0.9388,1.0,0.6667,1.0,1.0,1.0,0.0,0.9605,Easy,3,False,0.5,0
2832,0,0.4545,0.3762,0.2781,0.3375,0.0182,0.0188,0.0,0.2132,Non-Duplicate,0,False,0.5,4
2833,0,0.5366,0.4551,0.2224,0.8936,0.0236,0.0233,0.0,0.2457,Non-Duplicate,2,False,0.5,4
2834,0,0.4762,0.4088,0.5114,0.6885,0.0062,0.0083,0.0,0.245,Non-Duplicate,2,False,0.5,4
2835,0,0.95,0.7368,0.2667,0.7864,0.479,0.501,0.0,0.5995,Non-Duplicate,3,False,0.5,4
2836,0,0.5128,0.3125,0.3845,0.237,0.0203,0.0218,0.0,0.2086,Non-Duplicate,0,False,0.5,4
2837,1,0.9302,1.0,0.6667,1.0,0.9975,0.9998,0.0,0.959,Easy,3,False,0.5,0
2838,0,0.5405,0.4003,0.1753,0.371,0.0209,0.0221,0.0,0.2213,Non-Duplicate,0,False,0.5,4
2839,1,0.9268,0.9915,0.4333,1.0,0.9831,0.9976,0.0,0.9283,Hard,3,False,0.5,2
2840,1,0.8444,1.0,1.0,1.0,0.9846,0.987,0.0,0.978,Easy,1,False,0.5,0
2841,0,0.5128,0.271,0.4228,0.2093,0.0212,0.0224,0.0,0.1982,Non-Duplicate,0,False,0.5,4
2842,1,0.9302,1.0,0.6667,1.0,0.9694,0.9743,0.0,0.9469,Medium,3,False,0.5,1
2843,1,0.8889,1.0,0.6667,1.0,0.9782,0.9834,0.0,0.9468,Medium,3,False,0.5,1
2844,0,0.5116,0.423,0.3744,0.4338,0.0183,0.0179,0.0,0.2448,Non-Duplicate,0,False,0.5,4
2845,0,0.5789,0.3782,0.2205,0.3194,0.0286,0.0291,0.0,0.2253,Non-Duplicate,0,False,0.5,4
2846,0,0.5641,0.2685,0.3379,0.2224,0.0192,0.0192,0.0,0.1928,Non-Duplicate,0,False,0.5,4
2847,0,0.5128,0.3267,0.4333,0.2502,0.0147,0.0152,0.0,0.2157,Non-Duplicate,0,False,0.5,4
2848,1,0.8444,1.0,0.9817,1.0,0.9793,0.9838,0.0,0.9742,Easy,1,False,0.5,0
2849,1,0.8667,1.0,0.6667,1.0,0.999,0.9997,0.0,0.953,Medium,3,False,0.5,1
2850,1,0.7451,0.9969,0.6667,1.0,0.9856,0.9991,0.0,0.9363,Medium,3,False,0.5,1
2851,0,0.5,0.3438,0.2909,0.2814,0.0117,0.012,0.0,0.2047,Non-Duplicate,0,False,0.5,4
2852,1,0.8621,1.0,0.7329,1.0,0.8791,0.8732,0.0,0.9039,Hard,3,False,0.5,2
2853,1,0.9268,1.0,0.6242,1.0,0.9919,0.9995,0.0,0.953,Medium,3,False,0.5,1
2854,0,0.3721,0.3225,0.1945,0.0131,0.0291,0.0381,0.0,0.1844,Non-Duplicate,0,False,0.5,4
2855,1,0.7857,0.9965,1.0,1.0,0.9888,0.997,0.0,0.974,Easy,1,False,0.5,0
2856,1,0.8727,1.0,0.6146,1.0,0.9752,0.975,0.0,0.9375,Medium,3,False,0.5,1
2857,0,0.3929,0.4054,0.3333,0.0472,0.0174,0.0212,0.0,0.2231,Non-Duplicate,0,False,0.5,4
2858,0,0.4865,0.434,0.4237,0.8579,0.0168,0.0173,0.0,0.2506,Non-Duplicate,2,False,0.5,4
2859,0,0.3692,0.3507,0.6333,0.0196,0.0329,0.0356,0.0,0.2383,Non-Duplicate,0,False,0.5,4
2860,0,0.5128,0.3278,0.3831,0.2871,0.0221,0.026,0.0,0.2151,Non-Duplicate,0,False,0.5,4
2861,0,0.4615,0.4285,0.1731,0.6443,0.0153,0.0139,0.0,0.22,Non-Duplicate,2,False,0.5,4
2862,0,0.2951,0.3534,0.2644,0.0198,0.0273,0.0326,0.0,0.193,Non-Duplicate,0,False,0.5,4
2863,1,0.8837,1.0,0.8411,1.0,0.9923,0.9994,0.0,0.9704,Easy,1,False,0.5,0
2864,1,0.9434,1.0,0.6667,1.0,0.9667,0.9933,0.0,0.9513,Medium,3,False,0.5,1
2865,1,0.8772,1.0,0.7667,1.0,0.9274,0.939,0.0,0.9341,Medium,1,False,0.5,1
2866,0,0.2903,0.276,0.5776,0.0124,0.0262,0.0272,0.0,0.1954,Non-Duplicate,0,False,0.5,4
2867,1,0.9268,1.0,1.0,1.0,0.9869,0.9876,0.0,0.9869,Easy,1,False,0.5,0
2868,1,0.8182,1.0,1.0,1.0,0.9899,0.9931,0.0,0.9779,Easy,1,False,0.5,0
2869,1,0.7636,1.0,0.5626,1.0,0.9984,1.0,0.0,0.9322,Medium,3,False,0.5,1
2870,0,0.5366,0.7635,0.3393,0.923,0.2401,0.2466,0.0,0.4642,Non-Duplicate,2,False,0.5,4
2871,0,0.6111,0.3715,0.3457,0.2775,0.0204,0.0236,0.0,0.2355,Non-Duplicate,0,False,0.5,4
2872,0,0.5128,0.3067,0.447,0.2433,0.0212,0.0231,0.0,0.2132,Non-Duplicate,0,False,0.5,4
2873,1,0.8,1.0,0.2836,1.0,0.9969,0.9996,0.0,0.9075,Hard,3,False,0.5,2
2874,0,0.3478,0.3714,0.4174,0.0199,0.0261,0.0309,0.0,0.2192,Non-Duplicate,0,False,0.5,4
2875,0,0.4865,0.4271,0.5735,0.7164,0.0123,0.0111,0.0,0.2608,Non-Duplicate,2,False,0.5,4
2876,1,0.8837,1.0,1.0,1.0,0.9702,0.9725,0.0,0.9754,Easy,1,False,0.5,0
2877,1,0.8636,1.0,1.0,1.0,0.9939,0.9964,0.0,0.9841,Easy,1,False,0.5,0
2878,0,0.4615,0.3429,0.2498,0.3125,0.0143,0.0136,0.0,0.1974,Non-Duplicate,0,False,0.5,4
2879,0,0.3922,0.0952,0.3073,0.0461,0.0152,0.0161,0.0,0.1103,Non-Duplicate,0,False,0.5,4
2880,0,0.5405,0.3364,0.3781,0.2684,0.0137,0.0144,0.0,0.2159,Non-Duplicate,0,False,0.5,4
2881,0,0.4186,0.4208,0.1854,0.3917,0.0223,0.0234,0.0,0.2179,Non-Duplicate,0,False,0.5,4
2882,0,0.5641,0.3477,0.41,0.3437,0.0241,0.0269,0.0,0.2305,Non-Duplicate,0,False,0.5,4
2883,0,0.5128,0.3002,0.2845,0.2632,0.0204,0.021,0.0,0.1941,Non-Duplicate,0,False,0.5,4
2884,0,0.9,0.6248,0.4055,0.938,0.2918,0.3047,0.0,0.4831,Non-Duplicate,2,False,0.5,4
2885,0,0.7805,0.6343,0.3461,0.9095,0.1739,0.1745,0.0,0.4131,Non-Duplicate,2,False,0.5,4
2886,1,0.8837,1.0,0.5265,1.0,0.978,0.9836,0.0,0.9322,Medium,3,False,0.5,1
2887,0,0.5128,0.3454,0.4059,0.2999,0.0217,0.0247,0.0,0.2231,Non-Duplicate,0,False,0.5,4
2888,1,0.7407,1.0,1.0,1.0,0.9053,0.9067,0.0,0.9318,Medium,1,False,0.5,1
2889,0,0.4651,0.309,0.6068,0.2253,0.0193,0.0188,0.0,0.2239,Non-Duplicate,0,False,0.5,4
2890,1,0.9268,1.0,1.0,1.0,0.976,0.9864,0.0,0.984,Easy,1,False,0.5,0
2891,1,0.8889,1.0,0.4201,1.0,0.9618,0.9606,0.0,0.9135,Hard,3,False,0.5,2
2892,0,0.55,0.3911,0.2676,0.3472,0.0267,0.0287,0.0,0.2311,Non-Duplicate,0,False,0.5,4
2893,0,0.45,0.325,0.3982,0.2405,0.0283,0.0312,0.0,0.2119,Non-Duplicate,0,False,0.5,4
2894,0,0.55,0.4158,0.4247,0.3818,0.0263,0.0257,0.0,0.2547,Non-Duplicate,0,False,0.5,4
2895,1,0.9268,0.9823,0.9831,1.0,0.9536,0.9968,0.0,0.9726,Easy,1,False,0.5,0
2896,1,0.8621,1.0,0.6667,1.0,1.0,1.0,0.0,0.9529,Medium,3,False,0.5,1
2897,1,0.7692,1.0,0.9256,1.0,0.9928,0.9996,0.0,0.9676,Easy,1,False,0.5,0
2898,0,0.4545,0.4328,0.3498,0.711,0.0192,0.0215,0.0,0.241,Non-Duplicate,2,False,0.5,4
2899,1,0.9048,0.9791,1.0,1.0,0.9645,0.99,0.0,0.9723,Easy,1,False,0.5,0
2900,1,0.8837,1.0,0.8151,1.0,0.9832,0.9958,0.0,0.9649,Easy,1,False,0.5,0
2901,0,0.4615,0.2696,0.1753,0.2118,0.0216,0.0231,0.0,0.1681,Non-Duplicate,0,False,0.5,4
2902,0,0.5128,0.338,0.6306,0.2892,0.0213,0.0226,0.0,0.2425,Non-Duplicate,0,False,0.5,4
2903,1,0.9412,1.0,0.6667,1.0,0.9587,0.9767,0.0,0.9458,Medium,3,False,0.5,1
2904,0,0.5128,0.3736,0.2096,0.3681,0.0299,0.0297,0.0,0.2164,Non-Duplicate,0,False,0.5,4
2905,1,0.9268,0.9812,0.6667,1.0,0.962,0.9706,0.0,0.9374,Medium,3,False,0.5,1
2906,0,0.4231,0.2028,0.5416,0.0143,0.0457,0.0495,0.0,0.1888,Non-Duplicate,0,False,0.5,4
2907,0,0.9,0.7094,0.3251,0.9615,0.4069,0.4459,0.0,0.5617,Non-Duplicate,3,False,0.5,4
2908,0,0.3611,0.3307,0.6553,0.0198,0.0219,0.0222,0.0,0.2273,Non-Duplicate,0,False,0.5,4
2909,0,0.4681,0.3409,0.2785,0.0494,0.0269,0.0223,0.0,0.2052,Non-Duplicate,0,False,0.5,4
2910,1,0.9333,0.9832,0.6667,1.0,1.0,1.0,0.0,0.9541,Medium,3,False,0.5,1
2911,1,0.8837,1.0,0.4333,1.0,0.9643,0.9716,0.0,0.9171,Hard,3,False,0.5,2
2912,1,0.9268,1.0,0.6667,1.0,0.9967,0.9998,0.0,0.9585,Easy,3,False,0.5,0
2913,0,0.5641,0.3853,0.5379,0.3882,0.0212,0.0234,0.0,0.255,Non-Duplicate,0,False,0.5,4
2914,1,0.8889,1.0,0.7667,1.0,0.9533,0.9535,0.0,0.9446,Medium,1,False,0.5,1
2915,0,0.4651,0.4123,0.3772,0.0481,0.0137,0.0164,0.0,0.2352,Non-Duplicate,0,False,0.5,4
2916,1,0.9091,1.0,0.6667,1.0,0.9377,0.9381,0.0,0.9296,Hard,3,False,0.5,2
2917,0,0.4878,0.4021,0.9616,0.3716,0.0215,0.0219,0.0,0.2954,Non-Duplicate,0,False,0.5,4
2918,0,0.5128,0.3257,0.2493,0.2823,0.0206,0.0218,0.0,0.1997,Non-Duplicate,0,False,0.5,4
2919,0,0.4651,0.7201,0.3895,0.7075,0.2738,0.2785,0.0,0.4616,Non-Duplicate,2,False,0.5,4
2920,1,0.8372,0.9885,0.7667,1.0,0.8612,0.8726,0.0,0.8962,Hard,1,False,0.5,2
2921,1,0.8261,1.0,0.7667,1.0,0.9603,0.9885,0.0,0.9471,Medium,1,False,0.5,1
2922,0,0.4,0.4192,0.2854,0.3949,0.0229,0.0217,0.0,0.2253,Non-Duplicate,0,False,0.5,4
2923,0,0.5,0.4515,0.6091,0.7902,0.0171,0.0167,0.0,0.2766,Non-Duplicate,2,False,0.5,4
2924,1,0.76,0.9775,0.6667,1.0,0.9605,0.9967,0.0,0.9242,Hard,3,False,0.5,2
2925,1,0.7451,0.9709,0.5963,1.0,0.9199,0.9921,0.0,0.9024,Hard,3,False,0.5,2
2926,0,0.4762,0.4204,0.6365,0.7552,0.0143,0.0186,0.0,0.2657,Non-Duplicate,2,False,0.5,4
2927,1,0.7451,0.9655,0.6667,1.0,0.9355,0.968,0.0,0.9066,Hard,3,False,0.5,2
2928,1,0.8444,1.0,0.5699,1.0,1.0,1.0,0.0,0.9414,Medium,3,False,0.5,1
2929,0,0.4615,0.2847,0.6635,0.2239,0.0182,0.0194,0.0,0.2206,Non-Duplicate,0,False,0.5,4
2930,1,0.7234,0.9974,0.6667,1.0,0.9533,0.9968,0.0,0.9258,Hard,3,False,0.5,2
2931,0,0.4615,0.3282,0.2968,0.3017,0.0214,0.0206,0.0,0.2002,Non-Duplicate,0,False,0.5,4
2932,1,0.8511,1.0,0.4333,1.0,0.9905,0.9944,0.0,0.9249,Hard,3,False,0.5,2
2933,0,0.5128,0.2882,0.2954,0.2689,0.0164,0.0178,0.0,0.1894,Non-Duplicate,0,False,0.5,4
2934,0,0.5128,0.2949,0.4256,0.2426,0.0144,0.0151,0.0,0.2037,Non-Duplicate,0,False,0.5,4
2935,1,0.8261,1.0,1.0,1.0,0.9697,0.9965,0.0,0.9743,Easy,1,False,0.5,0
2936,1,0.9302,0.9975,0.6667,1.0,0.9892,0.9923,0.0,0.9546,Medium,3,False,0.5,1
2937,1,0.7857,0.9896,1.0,1.0,0.9483,0.9497,0.0,0.9519,Medium,1,False,0.5,1
2938,0,0.5405,0.3905,0.2676,0.6602,0.0066,0.0157,0.0,0.2223,Non-Duplicate,2,False,0.5,4
2939,1,0.9367,0.9965,1.0,1.0,0.9998,1.0,0.0,0.9924,Easy,1,False,0.5,0
2940,1,0.7547,0.988,1.0,1.0,0.9211,0.9389,0.0,0.9393,Medium,1,False,0.5,1
2941,1,0.8636,0.9831,0.6667,1.0,0.9788,0.9968,0.0,0.9412,Medium,3,False,0.5,1
2942,1,0.7234,0.9613,0.6667,1.0,0.9319,0.9967,0.0,0.9078,Hard,3,False,0.5,2
2943,0,0.6111,0.3645,0.3347,0.2503,0.0263,0.0266,0.0,0.2341,Non-Duplicate,0,False,0.5,4
2944,1,0.8837,0.9878,0.7667,1.0,0.9733,0.9977,0.0,0.9536,Medium,1,False,0.5,1
2945,1,0.8837,1.0,1.0,1.0,0.9964,0.9998,0.0,0.9874,Easy,1,False,0.5,0
2946,1,0.8837,0.9925,0.5338,1.0,0.9768,0.991,0.0,0.9315,Hard,3,False,0.5,2
2947,1,0.8182,1.0,0.6667,1.0,0.9686,0.972,0.0,0.935,Medium,3,False,0.5,1
2948,0,0.5714,0.3779,0.384,0.3226,0.0182,0.0192,0.0,0.2362,Non-Duplicate,0,False,0.5,4
2949,0,0.4651,0.3329,0.4498,0.2639,0.0139,0.0146,0.0,0.2144,Non-Duplicate,0,False,0.5,4
2950,0,0.6154,0.3636,0.3731,0.3564,0.0166,0.0179,0.0,0.2339,Non-Duplicate,0,False,0.5,4
2951,0,0.4651,0.3573,0.4288,0.2908,0.0251,0.0256,0.0,0.2258,Non-Duplicate,0,False,0.5,4
2952,0,0.4103,0.4637,0.4219,0.7423,0.0228,0.0223,0.0,0.2557,Non-Duplicate,2,False,0.5,4
2953,0,0.5128,0.36,0.6233,0.3329,0.0201,0.0218,0.0,0.249,Non-Duplicate,0,False,0.5,4
2954,0,0.45,0.3236,0.6274,0.2383,0.0275,0.0291,0.0,0.2337,Non-Duplicate,0,False,0.5,4
2955,0,0.5128,0.2882,0.305,0.2233,0.0146,0.015,0.0,0.1893,Non-Duplicate,0,False,0.5,4
2956,1,0.8889,0.9709,0.7744,1.0,0.9768,0.9763,0.0,0.9456,Medium,1,False,0.5,1
2957,0,0.5128,0.2781,0.3991,0.1946,0.0205,0.0223,0.0,0.1981,Non-Duplicate,0,False,0.5,4
2958,0,0.5128,0.3276,0.31,0.2682,0.0242,0.0265,0.0,0.2083,Non-Duplicate,0,False,0.5,4
2959,1,0.8837,1.0,0.6667,1.0,0.9836,0.9872,0.0,0.9484,Medium,3,False,0.5,1
2960,0,0.5128,0.2986,0.3525,0.2617,0.0228,0.0256,0.0,0.2019,Non-Duplicate,0,False,0.5,4
2961,0,0.5789,0.3102,0.4201,0.2278,0.0231,0.0241,0.0,0.2191,Non-Duplicate,0,False,0.5,4
2962,0,0.4878,0.4043,0.5338,0.5676,0.0077,0.0088,0.0,0.2474,Non-Duplicate,2,False,0.5,4
2963,0,0.4615,0.3207,0.1708,0.2872,0.0228,0.0236,0.0,0.1859,Non-Duplicate,0,False,0.5,4
2964,1,0.9333,1.0,0.3575,1.0,0.9871,0.9886,0.0,0.9236,Hard,3,False,0.5,2
2965,0,0.5128,0.2737,0.3781,0.2091,0.0149,0.015,0.0,0.1916,Non-Duplicate,0,False,0.5,4
2966,1,0.8519,1.0,1.0,1.0,0.9904,0.995,0.0,0.9818,Easy,1,False,0.5,0
2967,0,0.5,0.4225,0.2511,0.343,0.0459,0.0467,0.0,0.2438,Non-Duplicate,0,False,0.5,4
2968,0,0.5263,0.4228,0.2237,0.8,0.0122,0.0122,0.0,0.2285,Non-Duplicate,2,False,0.5,4
2969,1,0.7636,0.9794,0.6123,1.0,0.969,0.9962,0.0,0.9219,Hard,3,False,0.5,2
2970,1,0.8718,1.0,0.6667,1.0,0.9425,0.9462,0.0,0.9287,Hard,3,False,0.5,2
2971,0,0.4615,0.3467,0.2694,0.2937,0.0202,0.0216,0.0,0.2038,Non-Duplicate,0,False,0.5,4
2972,0,0.3529,0.2695,0.3626,0.014,0.0391,0.0409,0.0,0.1838,Non-Duplicate,0,False,0.5,4
2973,1,0.8636,1.0,0.7667,1.0,1.0,1.0,0.0,0.963,Easy,1,False,0.5,0
2974,0,0.5,0.4118,0.2968,0.3967,0.021,0.022,0.0,0.2335,Non-Duplicate,0,False,0.5,4
2975,1,0.9333,0.967,0.6667,1.0,0.9236,0.9807,0.0,0.9255,Hard,3,False,0.5,2
2976,0,0.5641,0.2726,0.3621,0.2141,0.0234,0.0251,0.0,0.1989,Non-Duplicate,0,False,0.5,4
2977,0,0.5128,0.362,0.6466,0.3036,0.0137,0.0129,0.0,0.2487,Non-Duplicate,0,False,0.5,4
2978,1,0.8169,0.9973,0.6639,1.0,0.997,0.9996,0.0,0.9463,Medium,3,False,0.5,1
2979,0,0.5366,0.4305,0.2626,0.8301,0.0082,0.009,0.0,0.2345,Non-Duplicate,2,False,0.5,4
2980,1,0.8444,0.9713,0.4333,1.0,0.9368,0.9666,0.0,0.8953,Hard,3,False,0.5,2
2981,0,0.5714,0.3459,0.3489,0.2668,0.0228,0.0244,0.0,0.2237,Non-Duplicate,0,False,0.5,4
2982,0,0.5789,0.3574,0.6489,0.2957,0.0276,0.0261,0.0,0.26,Non-Duplicate,0,False,0.5,4
2983,0,0.5128,0.301,0.2982,0.2605,0.027,0.0296,0.0,0.1991,Non-Duplicate,0,False,0.5,4
2984,1,0.8636,0.9956,1.0,1.0,0.9863,0.9987,0.0,0.9811,Easy,1,False,0.5,0
2985,0,0.5128,0.3756,0.2858,0.2787,0.0213,0.025,0.0,0.2216,Non-Duplicate,0,False,0.5,4
2986,0,0.5128,0.3697,0.374,0.3703,0.0198,0.0181,0.0,0.2267,Non-Duplicate,0,False,0.5,4
2987,0,0.5128,0.2781,0.311,0.2091,0.0241,0.0232,0.0,0.1904,Non-Duplicate,0,False,0.5,4
2988,1,0.7547,0.9967,0.6667,1.0,0.9863,0.9991,0.0,0.9374,Medium,3,False,0.5,1
2989,1,0.898,0.9768,1.0,1.0,0.9821,0.9987,0.0,0.9769,Easy,1,False,0.5,0
2990,0,0.4545,0.3966,0.3808,0.9658,0.0067,0.0069,0.0,0.2254,Non-Duplicate,2,False,0.5,4
2991,1,0.8889,0.9901,0.6667,1.0,0.9381,0.9511,0.0,0.9269,Hard,3,False,0.5,2
2992,0,0.5128,0.3525,0.279,0.3239,0.0237,0.0241,0.0,0.2133,Non-Duplicate,0,False,0.5,4
2993,0,0.4762,0.8022,0.2174,0.703,0.3384,0.3481,0.0,0.5044,Non-Duplicate,2,False,0.5,4
2994,1,0.9268,1.0,1.0,1.0,0.9731,0.9834,0.0,0.9826,Easy,1,False,0.5,0
2995,1,0.8444,1.0,1.0,1.0,0.9952,0.9992,0.0,0.9831,Easy,1,False,0.5,0
2996,1,0.8571,1.0,0.7667,1.0,0.9619,0.9663,0.0,0.9461,Medium,1,False,0.5,1
2997,0,0.5128,0.3162,0.2306,0.2093,0.0185,0.0189,0.0,0.1934,Non-Duplicate,0,False,0.5,4
2998,1,0.8444,0.9877,0.6667,1.0,0.9943,0.9954,0.0,0.9445,Medium,3,False,0.5,1
2999,0,0.4878,0.3551,0.4224,0.2779,0.0269,0.0276,0.0,0.2275,Non-Duplicate,0,False,0.5,4
3000,1,0.9268,1.0,1.0,1.0,0.9968,0.9996,0.0,0.9918,Easy,1,False,0.5,0
3001,0,0.5455,0.6108,0.3877,0.9625,0.281,0.2872,0.0,0.4348,Non-Duplicate,2,False,0.5,4
3002,0,0.6316,0.3455,0.4237,0.2554,0.0223,0.0259,0.0,0.2372,Non-Duplicate,0,False,0.5,4
3003,0,0.3667,0.422,0.3922,0.0583,0.019,0.0231,0.0,0.233,Non-Duplicate,0,False,0.5,4
3004,1,0.8889,1.0,0.6598,1.0,0.9863,0.9919,0.0,0.9498,Medium,3,False,0.5,1
3005,0,0.5366,0.4539,0.4872,0.782,0.0252,0.0274,0.0,0.273,Non-Duplicate,2,False,0.5,4
3006,0,0.4878,0.4389,0.4922,0.9004,0.02,0.0214,0.0,0.2609,Non-Duplicate,2,False,0.5,4
3007,1,0.8511,1.0,0.6667,1.0,0.9105,0.9144,0.0,0.9123,Hard,3,False,0.5,2
3008,0,0.3448,0.4196,0.2694,0.0735,0.0194,0.023,0.0,0.2177,Non-Duplicate,0,False,0.5,4
3009,1,0.72,1.0,0.6667,1.0,1.0,1.0,0.0,0.9387,Medium,3,False,0.5,1
3010,1,0.9268,1.0,0.7772,1.0,1.0,1.0,0.0,0.9704,Easy,1,False,0.5,0
3011,0,0.4103,0.4459,0.1877,0.9745,0.0158,0.0153,0.0,0.2229,Non-Duplicate,2,False,0.5,4
3012,1,0.7407,0.9455,1.0,1.0,0.9241,0.9398,0.0,0.924,Hard,1,False,0.5,2
3013,0,0.4231,0.2106,0.4178,0.0143,0.0375,0.0355,0.0,0.1743,Non-Duplicate,0,False,0.5,4
3014,0,0.5581,0.3755,0.3607,0.3145,0.0179,0.0189,0.0,0.2316,Non-Duplicate,0,False,0.5,4
3015,0,0.4762,0.4172,0.3667,0.7928,0.0066,0.0066,0.0,0.2333,Non-Duplicate,2,False,0.5,4
3016,1,0.9302,1.0,0.6667,1.0,1.0,1.0,0.0,0.9597,Easy,3,False,0.5,0
3017,1,0.8627,1.0,0.6667,1.0,0.9497,0.9488,0.0,0.9301,Hard,3,False,0.5,2
3018,1,0.7742,1.0,1.0,1.0,1.0,1.0,0.0,0.9774,Easy,1,False,0.5,0
3019,0,0.5946,0.3046,0.3484,0.2209,0.0215,0.0255,0.0,0.2114,Non-Duplicate,0,False,0.5,4
3020,0,0.5128,0.3346,0.416,0.2945,0.0269,0.03,0.0,0.2227,Non-Duplicate,0,False,0.5,4
3021,0,0.4545,0.445,0.3712,0.8516,0.0228,0.025,0.0,0.249,Non-Duplicate,2,False,0.5,4
3022,0,0.7755,0.8078,0.489,0.9964,0.3611,0.3785,0.0,0.5752,Non-Duplicate,3,False,0.5,4
3023,1,0.9091,0.99,0.6667,1.0,0.943,0.9471,0.0,0.9292,Hard,3,False,0.5,2
3024,1,0.8293,1.0,0.3388,1.0,0.9047,0.9094,0.0,0.8749,Hard,3,False,0.5,2
3025,0,0.5,0.4571,0.2192,0.8166,0.021,0.0216,0.0,0.2415,Non-Duplicate,2,False,0.5,4
3026,0,0.5128,0.3008,0.3589,0.2518,0.0174,0.02,0.0,0.2008,Non-Duplicate,0,False,0.5,4
3027,0,0.5128,0.2796,0.4233,0.223,0.0132,0.0145,0.0,0.1977,Non-Duplicate,0,False,0.5,4
3028,0,0.55,0.4234,0.2151,0.4167,0.0306,0.032,0.0,0.2387,Non-Duplicate,0,False,0.5,4
3029,1,0.8829,0.9986,0.6667,1.0,0.9993,0.9998,0.0,0.9542,Medium,3,False,0.5,1
3030,0,0.4186,0.3307,0.5333,0.2611,0.013,0.0126,0.0,0.2167,Non-Duplicate,0,False,0.5,4
3031,1,0.8696,1.0,0.7667,1.0,0.9682,0.9677,0.0,0.9492,Medium,1,False,0.5,1
3032,1,0.9333,1.0,0.5155,1.0,0.9717,0.975,0.0,0.9328,Medium,3,False,0.5,1
3033,1,0.75,1.0,0.4333,1.0,0.9338,0.9437,0.0,0.8905,Hard,3,False,0.5,2
3034,1,0.8333,1.0,1.0,1.0,0.9687,0.9771,0.0,0.9709,Easy,1,False,0.5,0
3035,1,0.9302,0.986,0.4333,1.0,0.9775,0.9956,0.0,0.9249,Hard,3,False,0.5,2
3036,0,0.5946,0.3909,0.2776,0.3343,0.0207,0.0223,0.0,0.2337,Non-Duplicate,0,False,0.5,4
3037,0,0.5789,0.3885,0.5393,0.3361,0.028,0.0294,0.0,0.2607,Non-Duplicate,0,False,0.5,4
3038,0,0.4091,0.3977,0.4297,0.3454,0.0289,0.0295,0.0,0.2362,Non-Duplicate,0,False,0.5,4
3039,0,0.4186,0.4217,0.3059,0.8847,0.0145,0.0159,0.0,0.2268,Non-Duplicate,2,False,0.5,4
3040,1,0.76,0.9984,0.5932,1.0,0.9637,0.9671,0.0,0.9191,Hard,3,False,0.5,2
3041,1,0.9057,0.9736,0.8114,1.0,0.9873,0.9989,0.0,0.9591,Easy,1,False,0.5,0
3042,0,0.3226,0.348,0.3251,0.0194,0.0417,0.0509,0.0,0.2072,Non-Duplicate,0,False,0.5,4
3043,1,0.9333,0.9951,1.0,1.0,0.8944,0.9372,0.0,0.9527,Medium,1,False,0.5,1
3044,1,0.7778,1.0,0.4333,1.0,0.9623,0.961,0.0,0.9039,Hard,3,False,0.5,2
3045,1,0.8814,0.9786,0.6539,1.0,0.9999,1.0,0.0,0.946,Medium,3,False,0.5,1
3046,1,0.7719,1.0,0.4333,1.0,0.9232,0.9341,0.0,0.8882,Hard,3,False,0.5,2
3047,1,0.8936,1.0,0.6868,1.0,0.8241,0.8358,0.0,0.8812,Hard,3,False,0.5,2
3048,1,0.9268,0.9977,1.0,1.0,0.9829,0.9865,0.0,0.9849,Easy,1,False,0.5,0
3049,0,0.6111,0.3604,0.4064,0.2945,0.026,0.0275,0.0,0.2399,Non-Duplicate,0,False,0.5,4
3050,1,0.8571,0.977,0.7667,1.0,0.9778,0.9832,0.0,0.9454,Medium,1,False,0.5,1
3051,1,0.8837,0.997,1.0,1.0,0.9515,0.9733,0.0,0.9699,Easy,1,False,0.5,0
3052,0,0.4255,0.3833,0.2498,0.0202,0.035,0.0389,0.0,0.2182,Non-Duplicate,0,False,0.5,4
3053,1,0.8696,0.9857,0.6142,1.0,0.9242,0.937,0.0,0.9118,Hard,3,False,0.5,2
3054,1,0.7692,1.0,0.6667,1.0,0.9885,0.992,0.0,0.9391,Medium,3,False,0.5,1
3055,0,0.4878,0.4062,0.4174,0.8987,0.0093,0.0076,0.0,0.2365,Non-Duplicate,2,False,0.5,4
3056,0,0.3582,0.2775,0.2758,0.0119,0.024,0.033,0.0,0.1731,Non-Duplicate,0,False,0.5,4
3057,0,0.45,0.3783,0.5091,0.3323,0.0213,0.0203,0.0,0.2377,Non-Duplicate,0,False,0.5,4
3058,1,0.7308,0.9636,1.0,1.0,0.9212,0.9721,0.0,0.935,Medium,1,False,0.5,1
3059,1,0.8636,0.9741,0.4333,1.0,0.8984,0.9503,0.0,0.8853,Hard,3,False,0.5,2
3060,0,0.5556,0.356,0.3411,0.275,0.0227,0.0224,0.0,0.2244,Non-Duplicate,0,False,0.5,4
3061,0,0.4545,0.39,0.2813,0.6165,0.0094,0.0128,0.0,0.215,Non-Duplicate,2,False,0.5,4
3062,0,0.5,0.4137,0.4192,0.9206,0.0071,0.0067,0.0,0.2398,Non-Duplicate,2,False,0.5,4
3063,0,0.3793,0.3454,0.3452,0.0157,0.026,0.0166,0.0,0.2032,Non-Duplicate,0,False,0.5,4
3064,1,0.75,0.9964,0.9616,1.0,0.9771,0.9972,0.0,0.9636,Easy,1,False,0.5,0
3065,0,0.439,0.3898,0.3406,0.3335,0.0141,0.0164,0.0,0.2212,Non-Duplicate,0,False,0.5,4
3066,0,0.5,0.3209,0.1598,0.2074,0.0226,0.0226,0.0,0.1885,Non-Duplicate,0,False,0.5,4
3067,1,0.8261,1.0,0.6667,1.0,0.9811,0.9849,0.0,0.9415,Medium,3,False,0.5,1
3068,0,0.5128,0.4116,0.2342,0.396,0.0185,0.0176,0.0,0.2269,Non-Duplicate,0,False,0.5,4
3069,0,0.4878,0.4038,0.4178,0.9176,0.0061,0.0071,0.0,0.2348,Non-Duplicate,2,False,0.5,4
3070,1,0.9091,1.0,0.6667,1.0,0.9329,0.9331,0.0,0.9274,Hard,3,False,0.5,2
3071,1,0.9268,1.0,0.6667,1.0,0.9918,0.9953,0.0,0.9564,Easy,3,False,0.5,0
3072,0,0.5128,0.3428,0.5644,0.2828,0.0226,0.0247,0.0,0.2383,Non-Duplicate,0,False,0.5,4
3073,1,0.8444,0.998,1.0,1.0,0.9777,0.9969,0.0,0.9776,Easy,1,False,0.5,0
3074,0,0.4615,0.3141,0.3096,0.2069,0.0196,0.0214,0.0,0.1962,Non-Duplicate,0,False,0.5,4
3075,1,0.8261,1.0,0.7667,1.0,0.9394,0.9639,0.0,0.9369,Medium,1,False,0.5,1
3076,1,0.7547,1.0,1.0,1.0,0.9147,0.9274,0.0,0.9396,Medium,1,False,0.5,1
3077,1,0.9048,1.0,0.7667,1.0,0.9947,0.9951,0.0,0.9648,Easy,1,False,0.5,0
3078,1,0.9268,1.0,0.5384,1.0,0.9939,0.9997,0.0,0.9449,Medium,3,False,0.5,1
3079,1,0.9157,0.9911,0.3041,1.0,0.9957,1.0,0.0,0.9178,Hard,3,False,0.5,2
3080,0,0.6667,0.3816,0.4,0.343,0.0256,0.029,0.0,0.2524,Non-Duplicate,0,False,0.5,4
3081,0,0.4615,0.3554,0.626,0.2874,0.0176,0.02,0.0,0.2416,Non-Duplicate,0,False,0.5,4
3082,1,0.9091,1.0,0.4333,1.0,1.0,1.0,0.0,0.9342,Medium,3,False,0.5,1
3083,1,0.75,0.9651,0.6667,1.0,0.935,0.9665,0.0,0.9065,Hard,3,False,0.5,2
3084,1,0.878,1.0,0.7365,1.0,0.989,0.9903,0.0,0.9568,Easy,3,False,0.5,0
3085,1,0.9412,1.0,0.6119,1.0,0.93,0.933,0.0,0.9244,Hard,3,False,0.5,2
3086,1,0.7451,0.9658,0.5927,1.0,0.9261,0.9917,0.0,0.9017,Hard,3,False,0.5,2
3087,0,0.4615,0.3237,0.3776,0.2641,0.0273,0.0281,0.0,0.2096,Non-Duplicate,0,False,0.5,4
3088,1,0.7347,0.9964,1.0,1.0,0.9892,0.997,0.0,0.9689,Easy,1,False,0.5,0
3089,1,0.7547,0.971,0.6105,1.0,0.909,0.9865,0.0,0.9009,Hard,3,False,0.5,2
3090,0,0.6316,0.4023,0.4306,0.3676,0.0235,0.0315,0.0,0.2592,Non-Duplicate,0,False,0.5,4
3091,0,0.3636,0.4171,0.31,0.3947,0.022,0.0233,0.0,0.2235,Non-Duplicate,0,False,0.5,4
3092,1,0.7308,1.0,1.0,1.0,0.9705,0.9722,0.0,0.9601,Easy,1,False,0.5,0
3093,1,0.9057,1.0,0.9836,1.0,0.9845,0.9981,0.0,0.9847,Easy,1,False,0.5,0
3094,1,0.8837,0.9947,0.4927,1.0,0.9813,0.9984,0.0,0.9308,Hard,3,False,0.5,2
3095,1,0.8444,1.0,0.4333,1.0,0.9831,0.9855,0.0,0.9207,Hard,3,False,0.5,2
3096,1,0.8333,1.0,0.4863,1.0,0.9498,0.9484,0.0,0.9091,Hard,3,False,0.5,2
3097,0,0.4737,0.4338,0.4306,0.76,0.0144,0.0167,0.0,0.2492,Non-Duplicate,2,False,0.5,4
3098,0,0.45,0.4338,0.3881,0.4428,0.019,0.019,0.0,0.2442,Non-Duplicate,0,False,0.5,4
3099,1,0.8814,0.9947,1.0,1.0,0.9999,0.9999,0.0,0.9862,Easy,1,False,0.5,0
3100,0,0.5714,0.4008,0.5662,0.3969,0.0226,0.0235,0.0,0.2644,Non-Duplicate,0,False,0.5,4
3101,0,0.5128,0.2955,0.3886,0.2489,0.0262,0.0275,0.0,0.2056,Non-Duplicate,0,False,0.5,4
3102,1,0.75,0.9793,0.6667,1.0,0.9322,0.978,0.0,0.9131,Hard,3,False,0.5,2
3103,0,0.5789,0.4171,0.4329,0.3936,0.0244,0.0247,0.0,0.2582,Non-Duplicate,0,False,0.5,4
3104,1,0.8627,1.0,1.0,1.0,1.0,1.0,0.0,0.9863,Easy,1,False,0.5,0
3105,0,0.4186,0.3164,0.2845,0.2302,0.018,0.0187,0.0,0.1893,Non-Duplicate,0,False,0.5,4
3106,0,0.55,0.3456,0.3005,0.2891,0.0156,0.0165,0.0,0.2132,Non-Duplicate,0,False,0.5,4
3107,0,0.5714,0.3612,0.4247,0.3113,0.0248,0.0255,0.0,0.2373,Non-Duplicate,0,False,0.5,4
3108,1,0.8444,1.0,0.6667,1.0,0.9889,0.9989,0.0,0.9481,Medium,3,False,0.5,1
3109,0,0.5116,0.4084,0.2973,0.3855,0.0229,0.0243,0.0,0.2344,Non-Duplicate,0,False,0.5,4
3110,0,0.4878,0.3612,0.4146,0.2811,0.0155,0.0177,0.0,0.2241,Non-Duplicate,0,False,0.5,4
3111,1,0.9057,0.992,0.7977,1.0,0.9984,0.9995,0.0,0.967,Easy,1,False,0.5,0
3112,1,0.8889,1.0,0.8598,1.0,0.9765,0.9855,0.0,0.9661,Easy,1,False,0.5,0
3113,1,0.8444,1.0,0.7667,1.0,0.9647,0.9697,0.0,0.9462,Medium,1,False,0.5,1
3114,0,0.4865,0.4506,0.2685,0.7758,0.0183,0.0185,0.0,0.2415,Non-Duplicate,2,False,0.5,4
3115,1,0.8772,1.0,0.9886,1.0,0.9859,0.9969,0.0,0.9824,Easy,1,False,0.5,0
3116,0,0.5946,0.4063,0.4064,0.3736,0.0188,0.0197,0.0,0.251,Non-Duplicate,0,False,0.5,4
3117,1,0.8261,1.0,0.8959,1.0,0.9556,0.9742,0.0,0.9559,Easy,1,False,0.5,0
3118,1,0.8261,1.0,1.0,1.0,1.0,1.0,0.0,0.9826,Easy,1,False,0.5,0
3119,1,0.8627,0.9707,0.4708,1.0,0.9532,0.954,0.0,0.9022,Hard,3,False,0.5,2
3120,0,0.4348,0.2488,0.5292,0.0111,0.0283,0.0244,0.0,0.1954,Non-Duplicate,0,False,0.5,4
3121,1,0.7308,0.9706,0.4963,1.0,0.962,0.9955,0.0,0.902,Hard,3,False,0.5,2
3122,0,0.5405,0.4118,0.3858,0.3924,0.0214,0.023,0.0,0.2467,Non-Duplicate,0,False,0.5,4
3123,0,0.4865,0.4172,0.3018,0.8721,0.0052,0.0058,0.0,0.2273,Non-Duplicate,2,False,0.5,4
3124,1,0.7308,0.9841,0.3845,1.0,0.9579,0.9981,0.0,0.8951,Hard,3,False,0.5,2
3125,0,0.4878,0.4676,0.1795,0.8857,0.0129,0.0155,0.0,0.2367,Non-Duplicate,2,False,0.5,4
3126,0,0.5714,0.6661,0.279,0.9028,0.252,0.2558,0.0,0.4324,Non-Duplicate,2,False,0.5,4
3127,1,0.7308,0.9692,1.0,1.0,0.949,0.973,0.0,0.9441,Medium,1,False,0.5,1
3128,1,0.7407,0.9904,0.4333,1.0,0.9602,0.9948,0.0,0.9031,Hard,3,False,0.5,2
3129,1,0.7797,0.9775,0.6667,1.0,0.9525,0.9974,0.0,0.9244,Hard,3,False,0.5,2
3130,0,0.4167,0.291,0.2192,0.0133,0.048,0.0547,0.0,0.1884,Non-Duplicate,0,False,0.5,4
3131,0,0.55,0.3711,0.3995,0.3173,0.0302,0.0325,0.0,0.2389,Non-Duplicate,0,False,0.5,4
3132,1,0.8889,1.0,0.4333,1.0,0.9738,0.9768,0.0,0.921,Hard,3,False,0.5,2
3133,0,0.3385,0.244,0.4037,0.0125,0.0276,0.0315,0.0,0.1728,Non-Duplicate,0,False,0.5,4
3134,1,0.8,0.9947,1.0,1.0,0.9446,0.9557,0.0,0.9554,Easy,1,False,0.5,0
3135,0,0.4348,0.2762,0.3598,0.0123,0.0396,0.0404,0.0,0.1941,Non-Duplicate,0,False,0.5,4
3136,1,0.8,0.9957,0.7667,1.0,0.9981,1.0,0.0,0.9547,Medium,1,False,0.5,1
3137,0,0.5128,0.3256,0.3982,0.2634,0.0228,0.0238,0.0,0.2155,Non-Duplicate,0,False,0.5,4
3138,0,0.4444,0.4305,0.5479,0.7824,0.0117,0.0107,0.0,0.255,Non-Duplicate,2,False,0.5,4
3139,1,0.7586,1.0,0.7667,1.0,0.9967,0.9998,0.0,0.9517,Medium,1,False,0.5,1
3140,1,0.7451,0.9975,0.8023,1.0,0.9795,0.9973,0.0,0.9482,Medium,1,False,0.5,1
3141,1,0.76,1.0,0.6667,1.0,0.9854,0.9961,0.0,0.9382,Medium,3,False,0.5,1
3142,1,0.9268,0.9757,0.7667,1.0,0.951,0.9686,0.0,0.9423,Medium,1,False,0.5,1
3143,0,0.4615,0.792,0.5954,0.7152,0.3675,0.3743,0.0,0.5497,Non-Duplicate,2,False,0.5,4
3144,0,0.45,0.393,0.6621,0.3489,0.0249,0.0266,0.0,0.2603,Non-Duplicate,0,False,0.5,4
3145,0,0.375,0.4461,0.3831,0.0495,0.0216,0.0299,0.0,0.2433,Non-Duplicate,0,False,0.5,4
3146,0,0.5128,0.317,0.4027,0.2494,0.0234,0.0238,0.0,0.2131,Non-Duplicate,0,False,0.5,4
3147,1,0.8936,1.0,0.8927,1.0,0.9195,0.9233,0.0,0.9432,Medium,1,False,0.5,1
3148,1,0.7407,1.0,0.6667,1.0,0.9444,0.9481,0.0,0.9165,Hard,3,False,0.5,2
3149,0,0.3284,0.2718,0.3918,0.0174,0.0423,0.0481,0.0,0.1873,Non-Duplicate,0,False,0.5,4
3150,0,0.4,0.4248,0.6,0.0483,0.0206,0.0194,0.0,0.2577,Non-Duplicate,0,False,0.5,4
3151,1,0.9302,1.0,0.6667,1.0,0.9871,0.9939,0.0,0.9552,Medium,3,False,0.5,1
3152,0,0.5,0.4082,0.3826,0.7278,0.0067,0.0085,0.0,0.2345,Non-Duplicate,2,False,0.5,4
3153,1,0.8837,0.9952,0.5183,1.0,0.9821,0.9974,0.0,0.9335,Medium,3,False,0.5,1
3154,1,0.7692,0.9958,0.7667,1.0,0.9654,0.9935,0.0,0.9422,Medium,1,False,0.5,1
3155,1,0.8261,1.0,0.6511,1.0,0.9852,0.9873,0.0,0.9415,Medium,3,False,0.5,1
3156,1,0.7636,0.9765,0.6986,1.0,0.9348,0.9489,0.0,0.9115,Hard,3,False,0.5,2
3157,0,0.5,0.4284,0.3566,0.4324,0.0234,0.0255,0.0,0.2465,Non-Duplicate,0,False,0.5,4
3158,1,0.7234,1.0,0.6667,1.0,0.9831,0.9934,0.0,0.9335,Medium,3,False,0.5,1
3159,1,0.7451,1.0,0.9155,1.0,0.9927,0.9998,0.0,0.9642,Easy,1,False,0.5,0
3160,0,0.55,0.355,0.3475,0.2226,0.0307,0.0325,0.0,0.2282,Non-Duplicate,0,False,0.5,4
3161,0,0.5333,0.4139,0.3941,0.0563,0.0222,0.0232,0.0,0.2478,Non-Duplicate,0,False,0.5,4
3162,0,0.4762,0.4381,0.5534,0.9041,0.0128,0.0112,0.0,0.2617,Non-Duplicate,2,False,0.5,4
3163,0,0.5128,0.3202,0.5041,0.2694,0.018,0.0177,0.0,0.2218,Non-Duplicate,0,False,0.5,4
3164,1,0.7451,0.9793,0.6667,1.0,0.9558,0.9951,0.0,0.9219,Hard,3,False,0.5,2
3165,0,0.4615,0.2747,0.1511,0.2338,0.0139,0.0149,0.0,0.1639,Non-Duplicate,0,False,0.5,4
3166,0,0.45,0.4114,0.31,0.4023,0.023,0.022,0.0,0.2301,Non-Duplicate,0,False,0.5,4
3167,1,0.7308,0.9989,0.3977,1.0,0.9711,0.9773,0.0,0.9007,Hard,3,False,0.5,2
3168,1,0.8205,1.0,0.6667,1.0,0.9985,1.0,0.0,0.9483,Medium,3,False,0.5,1
3169,0,0.4878,0.376,0.5721,0.3325,0.016,0.016,0.0,0.2448,Non-Duplicate,0,False,0.5,4
3170,0,0.65,0.391,0.2918,0.2993,0.0312,0.0323,0.0,0.2453,Non-Duplicate,0,False,0.5,4
3171,1,0.7451,0.9644,0.6667,1.0,0.9243,0.969,0.0,0.9036,Hard,3,False,0.5,2
3172,1,0.9268,1.0,0.9502,1.0,0.983,0.983,0.0,0.98,Easy,1,False,0.5,0
3173,0,0.4878,0.4154,0.3826,0.3813,0.0232,0.0246,0.0,0.2432,Non-Duplicate,0,False,0.5,4
3174,0,0.6316,0.6909,0.5279,0.8622,0.2052,0.2108,0.0,0.4512,Non-Duplicate,2,False,0.5,4
3175,0,0.45,0.399,0.395,0.3605,0.0213,0.0228,0.0,0.234,Non-Duplicate,0,False,0.5,4
3176,0,0.5,0.3932,0.6397,0.8466,0.0071,0.0078,0.0,0.2549,Non-Duplicate,2,False,0.5,4
3177,1,0.8636,0.9936,0.6667,1.0,0.9539,0.9687,0.0,0.933,Medium,3,False,0.5,1
3178,0,0.4348,0.0915,0.3781,0.0121,0.0288,0.0308,0.0,0.1267,Non-Duplicate,0,False,0.5,4
3179,1,0.8511,1.0,0.99,1.0,0.9552,0.9545,0.0,0.9638,Easy,1,False,0.5,0
3180,1,0.9057,0.9769,0.8772,1.0,0.9629,0.987,0.0,0.9583,Easy,1,False,0.5,0
3181,0,0.4286,0.4567,0.5187,0.9062,0.0196,0.0221,0.0,0.2639,Non-Duplicate,2,False,0.5,4
3182,1,0.76,1.0,0.6667,1.0,0.9885,0.9995,0.0,0.9397,Medium,3,False,0.5,1
3183,1,0.8444,1.0,0.6288,1.0,0.9887,0.9882,0.0,0.9421,Medium,3,False,0.5,1
3184,1,0.8837,0.9971,0.4333,1.0,0.982,0.9959,0.0,0.9254,Hard,3,False,0.5,2
3185,0,0.4,0.3874,0.6219,0.3429,0.0194,0.0224,0.0,0.2471,Non-Duplicate,0,False,0.5,4
3186,0,0.5366,0.6661,0.3311,0.9041,0.2124,0.2131,0.0,0.4156,Non-Duplicate,2,False,0.5,4
3187,1,0.8444,1.0,0.4662,1.0,0.987,0.9866,0.0,0.9251,Hard,3,False,0.5,2
3188,1,0.8718,1.0,0.6667,1.0,0.9171,0.9352,0.0,0.9202,Hard,3,False,0.5,2
3189,1,0.8444,1.0,1.0,1.0,0.9952,0.9999,0.0,0.9832,Easy,1,False,0.5,0
3190,0,0.5789,0.4092,0.2014,0.3671,0.0247,0.0253,0.0,0.2325,Non-Duplicate,0,False,0.5,4
3191,1,0.9574,0.9996,0.6667,1.0,0.9989,0.9998,0.0,0.962,Easy,3,False,0.5,0
3192,0,0.4186,0.4065,0.4205,0.8333,0.0056,0.0054,0.0,0.2287,Non-Duplicate,2,False,0.5,4
3193,1,0.8333,1.0,0.5904,1.0,0.9891,0.9903,0.0,0.9377,Medium,3,False,0.5,1
3194,1,0.9268,1.0,1.0,1.0,0.9985,0.9999,0.0,0.9923,Easy,1,False,0.5,0
3195,0,0.4651,0.3368,0.6612,0.2663,0.0164,0.0167,0.0,0.2379,Non-Duplicate,0,False,0.5,4
3196,1,0.8511,1.0,1.0,1.0,0.9758,0.9755,0.0,0.9742,Easy,1,False,0.5,0
3197,1,0.9434,1.0,0.4333,1.0,0.9924,0.9965,0.0,0.9351,Medium,3,False,0.5,1
3198,1,0.76,0.9951,0.4333,1.0,0.9777,0.995,0.0,0.911,Hard,3,False,0.5,2
3199,1,0.8889,1.0,1.0,1.0,0.9751,0.9758,0.0,0.9778,Easy,1,False,0.5,0
3200,0,0.45,0.4035,0.1384,0.3499,0.0188,0.0201,0.0,0.2088,Non-Duplicate,0,False,0.5,4
3201,1,0.8837,1.0,0.3708,1.0,0.9129,0.9141,0.0,0.8865,Hard,3,False,0.5,2
3202,1,0.8,0.9991,0.6484,1.0,0.9982,0.9997,0.0,0.944,Medium,3,False,0.5,1
3203,1,0.8929,1.0,1.0,1.0,0.9289,0.9285,0.0,0.9572,Easy,1,False,0.5,0
3204,0,0.4348,0.3306,0.6507,0.0152,0.0507,0.0592,0.0,0.2488,Non-Duplicate,0,False,0.5,4
3205,1,0.7451,0.9739,1.0,1.0,0.9326,0.9916,0.0,0.9469,Medium,1,False,0.5,1
3206,0,0.4878,0.4172,0.5991,0.4091,0.0176,0.0175,0.0,0.2626,Non-Duplicate,0,False,0.5,4
3207,0,0.5366,0.4198,0.1265,0.6509,0.0118,0.0149,0.0,0.2192,Non-Duplicate,2,False,0.5,4
3208,0,0.5,0.3905,0.3781,0.568,0.0072,0.0088,0.0,0.228,Non-Duplicate,2,False,0.5,4
3209,0,0.5128,0.3465,0.1479,0.3219,0.0314,0.0335,0.0,0.2019,Non-Duplicate,0,False,0.5,4
3210,1,0.7547,0.9883,0.6032,1.0,0.9747,0.9945,0.0,0.9243,Hard,3,False,0.5,2
3211,1,0.7407,0.9909,0.4333,1.0,0.9753,0.9956,0.0,0.9072,Hard,3,False,0.5,2
3212,0,0.5366,0.4714,0.5763,0.9315,0.0266,0.0314,0.0,0.2892,Non-Duplicate,2,False,0.5,4
3213,0,0.44,0.3851,0.295,0.0203,0.0498,0.0606,0.0,0.2329,Non-Duplicate,0,False,0.5,4
3214,1,0.8511,1.0,0.4333,1.0,1.0,1.0,0.0,0.9284,Hard,3,False,0.5,2
3215,1,0.8936,1.0,0.7279,1.0,0.8896,0.8937,0.0,0.9133,Hard,3,False,0.5,2
3216,1,0.7308,0.9974,0.6667,1.0,0.9853,0.9992,0.0,0.935,Medium,3,False,0.5,1
3217,0,0.5641,0.3251,0.2753,0.2746,0.0238,0.0256,0.0,0.2088,Non-Duplicate,0,False,0.5,4
3218,1,0.8571,0.9741,0.6174,1.0,0.9418,0.9488,0.0,0.9136,Hard,3,False,0.5,2
3219,1,0.9268,1.0,0.6667,1.0,0.9907,0.9925,0.0,0.9555,Easy,3,False,0.5,0
3220,0,0.3333,0.4288,0.3849,0.0492,0.0176,0.0187,0.0,0.2301,Non-Duplicate,0,False,0.5,4
3221,0,0.3929,0.4151,0.2721,0.047,0.0192,0.0292,0.0,0.2224,Non-Duplicate,0,False,0.5,4
3222,1,0.7407,0.9886,0.4333,1.0,0.9757,0.9975,0.0,0.9068,Hard,3,False,0.5,2
3223,0,0.619,0.4132,0.4329,0.3789,0.0264,0.0297,0.0,0.2624,Non-Duplicate,0,False,0.5,4
3224,0,0.5128,0.3066,0.4877,0.2645,0.0213,0.0221,0.0,0.2171,Non-Duplicate,0,False,0.5,4
3225,1,0.8444,0.9768,0.6667,1.0,0.9301,0.9498,0.0,0.9155,Hard,3,False,0.5,2
3226,1,0.7547,1.0,0.9621,1.0,0.9888,0.9921,0.0,0.9673,Easy,1,False,0.5,0
3227,0,0.9,0.7437,0.2918,0.9252,0.4761,0.5047,0.0,0.5994,Non-Duplicate,3,False,0.5,4
3228,1,0.7451,1.0,0.8621,1.0,0.9056,0.9077,0.0,0.9187,Hard,1,False,0.5,2
3229,0,0.5128,0.38,0.3187,0.3231,0.0208,0.0215,0.0,0.2257,Non-Duplicate,0,False,0.5,4
3230,1,0.8444,1.0,1.0,1.0,1.0,1.0,0.0,0.9844,Easy,1,False,0.5,0
3231,1,0.9091,1.0,0.4808,1.0,0.9614,0.9612,0.0,0.9216,Hard,3,False,0.5,2
3232,0,0.5128,0.3492,0.2516,0.3142,0.0262,0.025,0.0,0.2102,Non-Duplicate,0,False,0.5,4
3233,1,0.8889,1.0,0.4511,1.0,0.9678,0.9726,0.0,0.9205,Hard,3,False,0.5,2
3234,0,0.4,0.1508,0.3037,0.0198,0.0239,0.0213,0.0,0.1334,Non-Duplicate,0,False,0.5,4
3235,0,0.55,0.4406,0.3087,0.4592,0.0206,0.0204,0.0,0.2493,Non-Duplicate,0,False,0.5,4
3236,0,0.5405,0.3935,0.5434,0.3567,0.0191,0.0201,0.0,0.2549,Non-Duplicate,0,False,0.5,4
3237,1,0.7547,0.953,0.6667,1.0,0.9034,0.9324,0.0,0.888,Hard,3,False,0.5,2
3238,0,0.5128,0.269,0.2059,0.223,0.0142,0.0134,0.0,0.1723,Non-Duplicate,0,False,0.5,4
3239,0,0.4082,0.213,0.5877,0.0152,0.0365,0.0336,0.0,0.1899,Non-Duplicate,0,False,0.5,4
3240,0,0.3448,0.4295,0.2772,0.0714,0.0315,0.0311,0.0,0.2266,Non-Duplicate,0,False,0.5,4
3241,0,0.5128,0.3233,0.3886,0.2763,0.0211,0.0213,0.0,0.2128,Non-Duplicate,0,False,0.5,4
3242,1,0.9268,1.0,0.6667,1.0,0.9776,0.9872,0.0,0.9512,Medium,3,False,0.5,1
3243,1,0.8837,1.0,0.6667,1.0,0.9957,0.9998,0.0,0.9539,Medium,3,False,0.5,1
3244,1,0.8936,1.0,0.6667,1.0,1.0,1.0,0.0,0.956,Easy,3,False,0.5,0
3245,1,0.9367,1.0,0.6667,1.0,0.9994,0.9993,0.0,0.96,Easy,3,False,0.5,0
3246,1,0.7451,0.9982,0.7667,1.0,0.9874,0.9993,0.0,0.9473,Medium,1,False,0.5,1
3247,1,0.8936,1.0,0.4333,1.0,0.9762,0.9786,0.0,0.9225,Hard,3,False,0.5,2
3248,0,0.5714,0.6119,0.2292,0.9654,0.202,0.2065,0.0,0.386,Non-Duplicate,2,False,0.5,4
3249,1,0.8636,0.9783,1.0,1.0,0.9558,0.9836,0.0,0.9645,Easy,1,False,0.5,0
3250,0,0.5128,0.2826,0.2671,0.2289,0.0248,0.0264,0.0,0.1884,Non-Duplicate,0,False,0.5,4
3251,1,0.7308,0.9824,0.5425,1.0,0.9548,0.9977,0.0,0.9094,Hard,3,False,0.5,2
3252,1,0.8936,1.0,0.6653,1.0,0.9623,0.9965,0.0,0.9458,Medium,3,False,0.5,1
3253,1,0.8511,0.9713,0.6667,1.0,0.9616,0.9603,0.0,0.9242,Hard,3,False,0.5,2
3254,1,0.9302,0.9543,1.0,1.0,0.9606,0.9699,0.0,0.9612,Easy,1,False,0.5,0
3255,0,0.4762,0.4601,0.395,0.9121,0.0315,0.0275,0.0,0.2615,Non-Duplicate,2,False,0.5,4
3256,1,0.7083,1.0,0.7667,1.0,0.9122,0.9135,0.0,0.9083,Hard,1,False,0.5,2
3257,1,0.9189,1.0,0.5466,1.0,0.9416,0.9416,0.0,0.9203,Hard,3,False,0.5,2
3258,0,0.4878,0.441,0.611,0.9683,0.0147,0.0115,0.0,0.2702,Non-Duplicate,2,False,0.5,4
3259,1,0.9123,0.9964,1.0,1.0,0.9995,0.9995,0.0,0.9897,Easy,1,False,0.5,0
3260,0,0.45,0.2977,0.2324,0.2096,0.0221,0.0244,0.0,0.1828,Non-Duplicate,0,False,0.5,4
3261,0,0.9,0.7114,0.5078,0.8596,0.4424,0.473,0.0,0.595,Non-Duplicate,3,False,0.5,4
3262,0,0.3429,0.3467,0.3927,0.0153,0.0254,0.0334,0.0,0.2079,Non-Duplicate,0,False,0.5,4
3263,1,0.8444,1.0,0.4333,1.0,0.9513,0.9847,0.0,0.9125,Hard,3,False,0.5,2
3264,1,0.8837,1.0,0.6667,1.0,0.9957,0.9998,0.0,0.9539,Medium,3,False,0.5,1
3265,1,0.8205,0.9796,0.7667,1.0,0.992,0.9999,0.0,0.9495,Medium,1,False,0.5,1
3266,0,0.4878,0.4334,0.4329,0.8892,0.0143,0.0142,0.0,0.2502,Non-Duplicate,2,False,0.5,4
3267,1,0.7636,1.0,0.6667,1.0,0.9964,0.9999,0.0,0.9421,Medium,3,False,0.5,1
3268,1,0.8837,0.9915,1.0,1.0,0.9777,0.9971,0.0,0.9792,Easy,1,False,0.5,0
3269,1,0.7692,0.9961,0.6667,1.0,0.9898,0.9985,0.0,0.9394,Medium,3,False,0.5,1
3270,1,0.8696,1.0,0.658,1.0,0.9552,0.9537,0.0,0.9323,Medium,3,False,0.5,1
3271,1,0.8,0.9697,0.8584,1.0,0.9372,0.9636,0.0,0.9322,Medium,1,False,0.5,1
3272,0,0.4615,0.3663,0.29,0.3859,0.0262,0.0262,0.0,0.2152,Non-Duplicate,0,False,0.5,4
3273,1,0.7869,0.9899,0.6479,1.0,0.9696,0.9914,0.0,0.9306,Hard,3,False,0.5,2
3274,0,0.4186,0.4449,0.4105,0.0531,0.0188,0.0223,0.0,0.2478,Non-Duplicate,0,False,0.5,4
3275,1,0.8519,0.995,1.0,1.0,0.9797,0.9983,0.0,0.978,Easy,1,False,0.5,0
3276,0,0.4737,0.4548,0.4018,0.8036,0.0133,0.0139,0.0,0.2528,Non-Duplicate,2,False,0.5,4
3277,1,0.9302,1.0,0.4333,1.0,0.967,0.9671,0.0,0.9215,Hard,3,False,0.5,2
3278,0,0.5946,0.4134,0.4018,0.4165,0.0177,0.0184,0.0,0.2525,Non-Duplicate,0,False,0.5,4
3279,1,0.7308,0.9666,0.5443,1.0,0.9398,0.9713,0.0,0.895,Hard,3,False,0.5,2
3280,0,0.5641,0.365,0.4164,0.3282,0.0231,0.0246,0.0,0.2365,Non-Duplicate,0,False,0.5,4
3281,0,0.55,0.4373,0.5064,0.842,0.0123,0.012,0.0,0.2642,Non-Duplicate,2,False,0.5,4
3282,1,0.7308,1.0,0.9516,1.0,0.9686,0.9784,0.0,0.9561,Easy,1,False,0.5,0
3283,0,0.6,0.4056,0.2571,0.3779,0.0281,0.0298,0.0,0.2406,Non-Duplicate,0,False,0.5,4
3284,1,0.9362,1.0,0.6667,1.0,0.9556,0.964,0.0,0.942,Medium,3,False,0.5,1
3285,1,0.7931,1.0,0.7667,1.0,1.0,1.0,0.0,0.956,Easy,1,False,0.5,0
3286,0,0.4545,0.4126,0.263,0.5681,0.0135,0.0152,0.0,0.2226,Non-Duplicate,2,False,0.5,4
3287,1,0.9048,1.0,0.7142,1.0,0.9882,0.9877,0.0,0.9565,Easy,3,False,0.5,0
3288,0,0.4878,0.4292,0.3557,0.9573,0.019,0.0163,0.0,0.2426,Non-Duplicate,2,False,0.5,4
3289,0,0.5714,0.3247,0.4032,0.2502,0.019,0.0198,0.0,0.2198,Non-Duplicate,0,False,0.5,4
3290,0,0.4615,0.3477,0.321,0.3091,0.0236,0.0235,0.0,0.2106,Non-Duplicate,0,False,0.5,4
3291,1,0.8837,1.0,0.7667,1.0,0.9971,1.0,0.0,0.9643,Easy,1,False,0.5,0
3292,0,0.55,0.4255,0.4073,0.8917,0.0183,0.0194,0.0,0.2531,Non-Duplicate,2,False,0.5,4
3293,1,0.9231,1.0,1.0,1.0,0.9817,0.9959,0.0,0.9869,Easy,1,False,0.5,0
3294,0,0.5,0.4464,0.3543,0.757,0.0216,0.0207,0.0,0.2512,Non-Duplicate,2,False,0.5,4
3295,0,0.9,0.6534,0.3726,0.8287,0.431,0.46,0.0,0.5557,Non-Duplicate,3,False,0.5,4
3296,0,0.5128,0.2637,0.4064,0.1881,0.0224,0.0222,0.0,0.1943,Non-Duplicate,0,False,0.5,4
3297,1,0.8511,1.0,0.6667,1.0,1.0,1.0,0.0,0.9518,Medium,3,False,0.5,1
3298,1,0.8837,1.0,1.0,1.0,0.9673,0.9706,0.0,0.9743,Easy,1,False,0.5,0
3299,0,0.55,0.3595,0.2658,0.2935,0.0311,0.032,0.0,0.2216,Non-Duplicate,0,False,0.5,4
3300,0,0.5,0.403,0.4315,0.7181,0.01,0.0095,0.0,0.2386,Non-Duplicate,2,False,0.5,4
3301,0,0.5128,0.3156,0.4927,0.2835,0.0199,0.0211,0.0,0.2202,Non-Duplicate,0,False,0.5,4
3302,0,0.4762,0.4465,0.1694,0.8544,0.0152,0.0156,0.0,0.2277,Non-Duplicate,2,False,0.5,4
3303,0,0.439,0.4177,0.6452,0.9067,0.0053,0.0059,0.0,0.2571,Non-Duplicate,2,False,0.5,4
3304,1,0.7636,0.9926,0.6667,1.0,0.9125,0.9973,0.0,0.918,Hard,3,False,0.5,2
3305,0,0.5128,0.3037,0.3671,0.2548,0.0292,0.0279,0.0,0.2072,Non-Duplicate,0,False,0.5,4
3306,1,0.7547,0.9915,0.6393,1.0,0.9801,0.9981,0.0,0.931,Hard,3,False,0.5,2
3307,1,0.7451,1.0,0.7667,1.0,0.9668,0.9739,0.0,0.9377,Medium,1,False,0.5,1
3308,1,0.8718,1.0,0.6667,1.0,0.9533,0.9551,0.0,0.9332,Medium,3,False,0.5,1
3309,1,0.9268,1.0,0.6667,1.0,0.9939,0.9979,0.0,0.9574,Easy,3,False,0.5,0
3310,0,0.55,0.418,0.353,0.4252,0.0211,0.0228,0.0,0.2464,Non-Duplicate,0,False,0.5,4
3311,0,0.3667,0.4219,0.347,0.0477,0.0183,0.0217,0.0,0.228,Non-Duplicate,0,False,0.5,4
3312,1,0.8,1.0,0.7648,1.0,1.0,1.0,0.0,0.9565,Easy,1,False,0.5,0
3313,1,0.8372,1.0,0.6667,1.0,0.9916,0.9968,0.0,0.9476,Medium,3,False,0.5,1
3314,0,0.4865,0.4436,0.3662,0.926,0.017,0.0174,0.0,0.2483,Non-Duplicate,2,False,0.5,4
3315,0,0.36,0.2717,0.3922,0.0116,0.0304,0.0351,0.0,0.1849,Non-Duplicate,0,False,0.5,4
3316,1,0.7742,0.9304,1.0,1.0,0.8696,0.9098,0.0,0.9024,Hard,1,False,0.5,2
3317,1,0.7742,1.0,0.4333,1.0,0.9985,1.0,0.0,0.9204,Hard,3,False,0.5,2
3318,0,0.4615,0.3904,0.1324,0.3165,0.0269,0.0271,0.0,0.2082,Non-Duplicate,0,False,0.5,4
3319,1,0.9048,1.0,0.6667,1.0,0.9888,0.9964,0.0,0.9536,Medium,3,False,0.5,1
3320,1,0.8261,1.0,0.9735,1.0,1.0,1.0,0.0,0.98,Easy,1,False,0.5,0
3321,0,0.6,0.4384,0.5881,0.4397,0.023,0.023,0.0,0.2826,Non-Duplicate,0,False,0.5,4
3322,0,0.4103,0.4077,0.4557,0.9402,0.0077,0.0045,0.0,0.2321,Non-Duplicate,2,False,0.5,4
3323,1,0.7869,0.5358,1.0,1.0,0.9868,0.999,0.0,0.8127,Hard,1,False,0.5,2
3324,1,0.85,1.0,1.0,1.0,0.9004,0.9026,0.0,0.9406,Medium,1,False,0.5,1
3325,1,0.8718,0.9932,1.0,1.0,0.9791,0.9987,0.0,0.9793,Easy,1,False,0.5,0
3326,0,0.6667,0.4016,0.1356,0.3618,0.0286,0.0298,0.0,0.2339,Non-Duplicate,0,False,0.5,4
3327,0,0.619,0.3739,0.2594,0.3065,0.0242,0.0271,0.0,0.2302,Non-Duplicate,0,False,0.5,4
3328,0,0.5128,0.2786,0.4224,0.2113,0.0179,0.0186,0.0,0.1992,Non-Duplicate,0,False,0.5,4
3329,1,0.8837,1.0,1.0,1.0,0.9531,0.9663,0.0,0.9699,Easy,1,False,0.5,0
3330,0,0.5128,0.3601,0.3361,0.3487,0.0196,0.0196,0.0,0.2197,Non-Duplicate,0,False,0.5,4
3331,1,0.9268,0.9876,0.8269,1.0,0.9814,0.9939,0.0,0.9652,Easy,1,False,0.5,0
3332,1,0.7547,0.9924,0.4333,1.0,0.9844,0.9989,0.0,0.912,Hard,3,False,0.5,2
3333,1,0.8444,0.9989,0.2192,1.0,0.9986,1.0,0.0,0.9056,Hard,3,False,0.5,2
3334,1,0.8333,1.0,0.6667,1.0,0.9526,0.9558,0.0,0.9293,Hard,3,False,0.5,2
3335,0,0.5128,0.2669,0.3224,0.2142,0.0192,0.0204,0.0,0.1858,Non-Duplicate,0,False,0.5,4
3336,1,0.7547,1.0,0.5187,1.0,0.9688,0.9765,0.0,0.9148,Hard,3,False,0.5,2
3337,1,0.9231,1.0,0.4333,1.0,0.976,0.9886,0.0,0.9274,Hard,3,False,0.5,2
3338,0,0.45,0.3374,0.5858,0.2275,0.0284,0.0307,0.0,0.2349,Non-Duplicate,0,False,0.5,4
3339,1,0.8837,0.9983,0.6667,1.0,0.9926,0.9995,0.0,0.9525,Medium,3,False,0.5,1
3340,1,0.9268,1.0,0.6667,1.0,1.0,1.0,0.0,0.9593,Easy,3,False,0.5,0
3341,0,0.5128,0.272,0.3694,0.2287,0.0178,0.0204,0.0,0.1919,Non-Duplicate,0,False,0.5,4
3342,0,0.4314,0.0976,0.3986,0.046,0.0232,0.0263,0.0,0.1282,Non-Duplicate,0,False,0.5,4
3343,0,0.5778,0.809,0.4082,0.9818,0.46,0.492,0.0,0.5951,Non-Duplicate,2,False,0.5,4
3344,1,0.8235,1.0,1.0,1.0,0.8949,0.8937,0.0,0.9348,Medium,1,False,0.5,1
3345,0,0.4865,0.45,0.3868,0.9451,0.0136,0.0151,0.0,0.2512,Non-Duplicate,2,False,0.5,4
3346,1,0.8889,1.0,0.4333,1.0,0.9686,0.9759,0.0,0.9196,Hard,3,False,0.5,2
3347,1,0.7308,1.0,0.5224,1.0,0.9782,0.9769,0.0,0.9152,Hard,3,False,0.5,2
3348,0,0.5,0.4295,0.3913,0.6751,0.0192,0.0211,0.0,0.2485,Non-Duplicate,2,False,0.5,4
3349,0,0.5405,0.2759,0.6648,0.9895,0.445,0.4597,0.0,0.4203,Non-Duplicate,2,False,0.5,4
3350,0,0.4865,0.4403,0.363,0.6913,0.0173,0.0161,0.0,0.2466,Non-Duplicate,2,False,0.5,4
3351,1,0.8837,1.0,1.0,1.0,0.9829,0.9826,0.0,0.9806,Easy,1,False,0.5,0
3352,0,0.4,0.3257,0.3909,0.2225,0.0222,0.0239,0.0,0.2034,Non-Duplicate,0,False,0.5,4
3353,1,0.8444,1.0,1.0,1.0,0.9741,0.9738,0.0,0.9727,Easy,1,False,0.5,0
3354,1,0.7308,1.0,0.6667,1.0,0.9945,0.999,0.0,0.9382,Medium,3,False,0.5,1
3355,0,0.4211,0.4558,0.374,0.8318,0.0141,0.0137,0.0,0.2453,Non-Duplicate,2,False,0.5,4
3356,1,0.9333,1.0,0.6667,1.0,0.9721,0.9778,0.0,0.9486,Medium,3,False,0.5,1
3357,1,0.8837,1.0,0.6667,1.0,0.9915,0.997,0.0,0.9523,Medium,3,False,0.5,1
3358,0,0.5128,0.2707,0.4936,0.2234,0.0195,0.0199,0.0,0.2042,Non-Duplicate,0,False,0.5,4
3359,0,0.3913,0.2945,0.3146,0.0142,0.0385,0.0492,0.0,0.1932,Non-Duplicate,0,False,0.5,4
3360,1,0.9057,1.0,0.4265,1.0,0.9731,0.9843,0.0,0.9233,Hard,3,False,0.5,2
3361,1,0.7719,1.0,1.0,1.0,0.9345,0.9508,0.0,0.951,Medium,1,False,0.5,1
3362,0,0.4651,0.4107,0.5388,0.6887,0.005,0.0052,0.0,0.2464,Non-Duplicate,2,False,0.5,4
3363,1,0.7547,0.9928,0.6667,1.0,0.9802,0.9969,0.0,0.9341,Medium,3,False,0.5,1
3364,0,0.5128,0.2726,0.3726,0.2284,0.0114,0.012,0.0,0.1892,Non-Duplicate,0,False,0.5,4
3365,0,0.4651,0.3253,0.3452,0.2355,0.0143,0.0142,0.0,0.2013,Non-Duplicate,0,False,0.5,4
3366,1,0.8837,1.0,0.7493,1.0,0.9959,0.9998,0.0,0.9623,Easy,1,False,0.5,0
3367,0,0.4651,0.4312,0.3023,0.7621,0.0242,0.029,0.0,0.2395,Non-Duplicate,2,False,0.5,4
3368,0,0.5,0.4567,0.4324,0.8382,0.0331,0.0267,0.0,0.2667,Non-Duplicate,2,False,0.5,4
3369,0,0.4651,0.382,0.4288,0.3273,0.0166,0.0168,0.0,0.2306,Non-Duplicate,0,False,0.5,4
3370,0,0.4878,0.3539,0.2968,0.2735,0.0164,0.0168,0.0,0.2098,Non-Duplicate,0,False,0.5,4
3371,0,0.4091,0.3853,0.389,0.3452,0.0228,0.0238,0.0,0.2251,Non-Duplicate,0,False,0.5,4
3372,0,0.375,0.3052,0.3648,0.0151,0.0399,0.0471,0.0,0.2002,Non-Duplicate,0,False,0.5,4
3373,1,0.8444,1.0,0.6247,1.0,0.9619,0.9677,0.0,0.9309,Hard,3,False,0.5,2
3374,0,0.4651,0.3116,0.1776,0.252,0.0156,0.0158,0.0,0.1804,Non-Duplicate,0,False,0.5,4
3375,1,0.8936,0.9939,1.0,1.0,0.9816,0.9927,0.0,0.9812,Easy,1,False,0.5,0
3376,0,0.5128,0.3399,0.3279,0.2969,0.0165,0.0173,0.0,0.2106,Non-Duplicate,0,False,0.5,4
3377,1,0.7812,0.9932,1.0,1.0,0.9832,0.9995,0.0,0.9714,Easy,1,False,0.5,0
3378,1,0.8837,1.0,0.6667,1.0,0.9984,0.9999,0.0,0.9546,Medium,3,False,0.5,1
3379,0,0.383,0.3726,0.3457,0.0161,0.0364,0.0423,0.0,0.2208,Non-Duplicate,0,False,0.5,4
3380,0,0.6,0.4178,0.3799,0.4032,0.154,0.1641,0.0,0.3156,Non-Duplicate,0,False,0.5,4
3381,1,0.7234,0.99,0.9909,1.0,0.9429,0.9955,0.0,0.9527,Medium,1,False,0.5,1
3382,1,0.8837,1.0,1.0,1.0,0.986,0.9891,0.0,0.9827,Easy,1,False,0.5,0
3383,0,0.4545,0.4194,0.5913,0.5772,0.0139,0.0159,0.0,0.258,Non-Duplicate,2,False,0.5,4
3384,1,0.8837,1.0,0.5516,1.0,0.9827,0.9853,0.0,0.9363,Medium,3,False,0.5,1
3385,1,0.76,0.9709,0.7667,1.0,0.8589,0.8972,0.0,0.8867,Hard,1,False,0.5,2
3386,0,0.3509,0.4509,0.3913,0.0471,0.0359,0.0361,0.0,0.2482,Non-Duplicate,0,False,0.5,4
3387,1,0.8889,1.0,0.6667,1.0,0.9343,0.9421,0.0,0.9276,Hard,3,False,0.5,2
3388,1,0.8095,1.0,0.7667,1.0,1.0,1.0,0.0,0.9576,Easy,1,False,0.5,0
3389,1,0.9057,1.0,0.6667,1.0,0.9587,0.9874,0.0,0.9444,Medium,3,False,0.5,1
3390,1,0.9268,0.9891,0.7667,1.0,0.9907,0.9967,0.0,0.9626,Easy,1,False,0.5,0
3391,0,0.4651,0.4063,0.2607,0.3466,0.0212,0.0216,0.0,0.2244,Non-Duplicate,0,False,0.5,4
3392,1,0.7547,1.0,1.0,1.0,0.9972,0.9999,0.0,0.9748,Easy,1,False,0.5,0
3393,0,0.5714,0.3906,0.3626,0.3778,0.0183,0.0197,0.0,0.2386,Non-Duplicate,0,False,0.5,4
3394,1,0.8679,0.9838,0.9717,1.0,0.959,0.9966,0.0,0.9674,Easy,1,False,0.5,0
3395,1,0.9302,1.0,0.6667,1.0,0.9956,0.9998,0.0,0.9586,Easy,3,False,0.5,0
3396,0,0.95,0.7153,0.3059,0.8756,0.4357,0.486,0.0,0.5821,Non-Duplicate,3,False,0.5,4
3397,1,0.7451,0.9691,0.7667,1.0,0.9432,0.9921,0.0,0.9246,Hard,1,False,0.5,2
3398,0,0.5946,0.4289,0.5379,0.4126,0.0169,0.0165,0.0,0.2709,Non-Duplicate,0,False,0.5,4
3399,0,0.5405,0.3604,0.5817,0.3128,0.0131,0.0124,0.0,0.2441,Non-Duplicate,0,False,0.5,4
3400,1,0.9268,1.0,0.6667,1.0,0.9703,0.9744,0.0,0.9468,Medium,3,False,0.5,1
3401,1,0.8261,0.9867,1.0,1.0,0.965,0.983,0.0,0.9658,Easy,1,False,0.5,0
3402,0,0.4091,0.3638,0.1744,0.3194,0.0116,0.0118,0.0,0.1909,Non-Duplicate,0,False,0.5,4
3403,0,0.5128,0.2954,0.289,0.2442,0.0261,0.0278,0.0,0.1957,Non-Duplicate,0,False,0.5,4
3404,0,0.4615,0.3076,0.4018,0.247,0.0223,0.0228,0.0,0.2041,Non-Duplicate,0,False,0.5,4
3405,1,0.7547,0.9916,0.7667,1.0,0.9463,0.9766,0.0,0.9311,Hard,1,False,0.5,2
3406,1,0.7407,0.9945,1.0,1.0,0.9834,0.9976,0.0,0.9675,Easy,1,False,0.5,0
3407,1,0.9268,1.0,1.0,1.0,0.9962,0.9998,0.0,0.9917,Easy,1,False,0.5,0
3408,0,0.6316,0.4001,0.4315,0.3241,0.0263,0.0291,0.0,0.2587,Non-Duplicate,0,False,0.5,4
3409,1,0.9302,0.9934,0.7667,1.0,0.9932,0.9992,0.0,0.9655,Easy,1,False,0.5,0
3410,0,0.4865,0.4395,0.3498,0.9331,0.0095,0.0086,0.0,0.2415,Non-Duplicate,2,False,0.5,4
3411,1,0.8444,0.9973,0.6667,1.0,0.9852,0.9877,0.0,0.944,Medium,3,False,0.5,1
3412,0,0.36,0.3726,0.5416,0.0199,0.0302,0.0294,0.0,0.234,Non-Duplicate,0,False,0.5,4
3413,0,0.5128,0.3547,0.4132,0.3191,0.0244,0.0262,0.0,0.2281,Non-Duplicate,0,False,0.5,4
3414,0,0.4545,0.3752,0.4187,0.3265,0.0146,0.0141,0.0,0.2251,Non-Duplicate,0,False,0.5,4
3415,0,0.4,0.4286,0.3831,0.7313,0.0106,0.0083,0.0,0.2326,Non-Duplicate,2,False,0.5,4
3416,0,0.5128,0.3159,0.4247,0.244,0.0244,0.0271,0.0,0.2158,Non-Duplicate,0,False,0.5,4
3417,0,0.4186,0.4254,0.3269,0.4189,0.0167,0.0192,0.0,0.2314,Non-Duplicate,0,False,0.5,4
3418,0,0.9,0.5872,0.2342,1.0,0.1394,0.1396,0.0,0.3817,Non-Duplicate,2,False,0.5,4
3419,0,0.4103,0.4304,0.4023,0.7891,0.0244,0.0246,0.0,0.2429,Non-Duplicate,2,False,0.5,4
3420,1,0.9189,1.0,0.3877,1.0,0.9522,0.9533,0.0,0.9094,Hard,3,False,0.5,2
3421,1,0.898,0.9624,0.6667,1.0,0.9499,0.9544,0.0,0.9217,Hard,3,False,0.5,2
3422,1,0.8837,1.0,0.4333,1.0,0.9761,0.9749,0.0,0.9207,Hard,3,False,0.5,2
3423,0,0.5854,0.7896,0.2918,0.9745,0.3135,0.3253,0.0,0.5075,Non-Duplicate,2,False,0.5,4
3424,0,0.4091,0.3308,0.3511,0.2569,0.0171,0.0172,0.0,0.1995,Non-Duplicate,0,False,0.5,4
3425,1,0.7308,0.9953,0.5475,1.0,0.9734,0.9979,0.0,0.9191,Hard,3,False,0.5,2
3426,0,0.5641,0.295,0.3744,0.2496,0.0211,0.0207,0.0,0.2065,Non-Duplicate,0,False,0.5,4
3427,1,0.8889,1.0,0.7667,1.0,0.9935,0.9993,0.0,0.9638,Easy,1,False,0.5,0
3428,1,0.7636,0.9757,0.3338,1.0,0.9254,0.9941,0.0,0.8814,Hard,3,False,0.5,2
3429,1,0.7869,0.9556,1.0,1.0,0.9332,0.997,0.0,0.9459,Medium,1,False,0.5,1
3430,0,0.5128,0.2969,0.4977,0.2449,0.0174,0.0177,0.0,0.2129,Non-Duplicate,0,False,0.5,4
3431,0,0.4545,0.4347,0.2995,0.9018,0.0178,0.018,0.0,0.2356,Non-Duplicate,2,False,0.5,4
3432,1,0.8444,1.0,0.7667,1.0,0.9882,0.9875,0.0,0.9557,Easy,1,False,0.5,0
3433,1,0.7778,1.0,0.6667,1.0,0.9937,0.9994,0.0,0.9427,Medium,3,False,0.5,1
3434,0,0.4737,0.4385,0.3854,0.9605,0.0181,0.0195,0.0,0.2478,Non-Duplicate,2,False,0.5,4
3435,1,0.8085,1.0,0.9009,1.0,0.9636,0.9973,0.0,0.9613,Easy,1,False,0.5,0
3436,1,0.9268,1.0,0.6667,1.0,0.9742,0.9846,0.0,0.9498,Medium,3,False,0.5,1
3437,1,0.76,0.9871,0.7667,1.0,0.9693,0.9971,0.0,0.9399,Medium,1,False,0.5,1
3438,0,0.3636,0.3225,0.5936,0.0163,0.0376,0.0593,0.0,0.2299,Non-Duplicate,0,False,0.5,4
3439,1,0.7778,0.9565,0.5183,1.0,0.8966,0.9319,0.0,0.8749,Hard,3,False,0.5,2
3440,0,0.5366,0.4527,0.405,0.7832,0.0109,0.009,0.0,0.2571,Non-Duplicate,2,False,0.5,4
3441,1,0.9259,1.0,0.6667,1.0,0.9643,0.9639,0.0,0.9431,Medium,3,False,0.5,1
3442,1,0.7308,0.9972,0.6744,1.0,0.9971,0.9999,0.0,0.9388,Medium,3,False,0.5,1
3443,0,0.381,0.442,0.2475,0.053,0.0206,0.0182,0.0,0.2263,Non-Duplicate,0,False,0.5,4
3444,0,0.5641,0.2709,0.2845,0.1975,0.0234,0.0242,0.0,0.1904,Non-Duplicate,0,False,0.5,4
3445,1,0.75,0.9763,0.4333,1.0,0.9047,0.987,0.0,0.8836,Hard,3,False,0.5,2
3446,0,0.4762,0.4098,0.263,0.7208,0.0115,0.0146,0.0,0.2231,Non-Duplicate,2,False,0.5,4
3447,1,0.8727,0.9703,0.995,1.0,0.9926,0.9995,0.0,0.9744,Easy,1,False,0.5,0
3448,0,0.3667,0.4253,0.7311,0.0518,0.0198,0.0196,0.0,0.2675,Non-Duplicate,0,False,0.5,4
3449,1,0.8936,1.0,1.0,1.0,0.9346,0.9348,0.0,0.96,Easy,1,False,0.5,0
3450,0,0.439,0.4359,0.4018,0.8898,0.022,0.0189,0.0,0.2459,Non-Duplicate,2,False,0.5,4
3451,1,0.7451,0.9775,0.4562,1.0,0.9439,0.9668,0.0,0.8916,Hard,3,False,0.5,2
3452,0,0.5,0.463,0.368,0.9294,0.0252,0.0263,0.0,0.2604,Non-Duplicate,2,False,0.5,4
3453,1,0.8889,0.9763,0.979,1.0,0.8431,0.8792,0.0,0.9151,Hard,1,False,0.5,2
3454,0,0.5238,0.425,0.3973,0.5806,0.0237,0.0215,0.0,0.2511,Non-Duplicate,2,False,0.5,4
3455,1,0.9091,0.9473,0.6667,1.0,0.9197,0.9296,0.0,0.905,Hard,3,False,0.5,2
3456,0,0.4186,0.2864,0.31,0.2178,0.0132,0.0134,0.0,0.1791,Non-Duplicate,0,False,0.5,4
3457,1,0.8636,0.997,0.9311,1.0,0.9836,0.9848,0.0,0.9712,Easy,1,False,0.5,0
3458,0,0.4651,0.4504,0.653,0.8694,0.0235,0.0227,0.0,0.2799,Non-Duplicate,2,False,0.5,4
3459,1,0.8837,1.0,0.6667,1.0,0.9721,0.988,0.0,0.9457,Medium,3,False,0.5,1
3460,1,0.8261,0.9985,0.7667,1.0,0.9898,0.9949,0.0,0.9552,Medium,1,False,0.5,1
3461,1,0.8333,1.0,1.0,1.0,0.9415,0.9418,0.0,0.9571,Easy,1,False,0.5,0
3462,1,0.7869,0.9677,0.6393,1.0,0.9411,0.9954,0.0,0.9157,Hard,3,False,0.5,2
3463,0,0.4651,0.4155,0.6667,0.7087,0.0089,0.0079,0.0,0.2624,Non-Duplicate,2,False,0.5,4
3464,0,0.4545,0.4073,0.2667,0.814,0.0054,0.0045,0.0,0.2169,Non-Duplicate,2,False,0.5,4
3465,0,0.6957,0.8078,0.3836,0.9834,0.3488,0.365,0.0,0.5508,Non-Duplicate,2,False,0.5,4
3466,1,0.8936,0.9699,0.7667,1.0,0.8961,0.9108,0.0,0.9117,Hard,1,False,0.5,2
3467,1,0.7451,1.0,0.4333,1.0,0.9921,0.9995,0.0,0.9158,Hard,3,False,0.5,2
3468,1,0.8511,1.0,1.0,1.0,0.9809,0.9927,0.0,0.9789,Easy,1,False,0.5,0
3469,0,0.9,0.6949,0.1543,0.6685,0.4227,0.4616,0.0,0.5467,Non-Duplicate,2,False,0.5,4
3470,1,0.8511,0.9945,0.6059,1.0,0.9388,0.953,0.0,0.9191,Hard,3,False,0.5,2
3471,1,0.8444,1.0,0.4333,1.0,0.9666,0.9721,0.0,0.9139,Hard,3,False,0.5,2
3472,0,0.5128,0.3599,0.2959,0.2963,0.0183,0.0191,0.0,0.2152,Non-Duplicate,0,False,0.5,4
3473,1,0.8444,1.0,0.4333,1.0,0.9964,0.9995,0.0,0.9268,Hard,3,False,0.5,2
3474,1,0.9302,1.0,0.6667,1.0,0.9463,0.9667,0.0,0.9396,Medium,3,False,0.5,1
3475,1,0.7667,1.0,0.4333,1.0,0.921,0.9246,0.0,0.8852,Hard,3,False,0.5,2
3476,0,0.4348,0.0984,0.3982,0.0161,0.0373,0.0435,0.0,0.1358,Non-Duplicate,0,False,0.5,4
3477,0,0.5405,0.386,0.4297,0.928,0.0055,0.004,0.0,0.2343,Non-Duplicate,2,False,0.5,4
3478,0,0.5405,0.3742,0.342,0.3067,0.0178,0.0192,0.0,0.2275,Non-Duplicate,0,False,0.5,4
3479,0,0.439,0.3979,0.3452,0.9759,0.0064,0.006,0.0,0.2205,Non-Duplicate,2,False,0.5,4
3480,0,0.5,0.4201,0.2626,0.8376,0.0184,0.0259,0.0,0.2331,Non-Duplicate,2,False,0.5,4
3481,1,0.902,1.0,0.6667,1.0,0.9775,0.987,0.0,0.9487,Medium,3,False,0.5,1
3482,1,0.8511,1.0,0.6667,1.0,0.9896,0.9939,0.0,0.9479,Medium,3,False,0.5,1
3483,1,0.84,1.0,0.7667,1.0,0.9299,0.9339,0.0,0.9299,Hard,1,False,0.5,2
3484,0,0.5789,0.3318,0.2297,0.2685,0.0204,0.0225,0.0,0.2066,Non-Duplicate,0,False,0.5,4
3485,1,0.7308,0.9967,0.4333,1.0,0.9958,0.9994,0.0,0.9141,Hard,3,False,0.5,2
3486,1,0.8511,0.967,0.7584,1.0,0.8862,0.9106,0.0,0.9031,Hard,1,False,0.5,2
3487,0,0.5,0.3724,0.4205,0.3157,0.0161,0.0167,0.0,0.2298,Non-Duplicate,0,False,0.5,4
3488,1,0.9189,1.0,1.0,1.0,1.0,1.0,0.0,0.9919,Easy,1,False,0.5,0
3489,0,0.6842,0.3782,0.4078,0.3314,0.0207,0.0206,0.0,0.2508,Non-Duplicate,0,False,0.5,4
3490,0,0.6111,0.3464,0.6621,0.2596,0.0201,0.0208,0.0,0.2577,Non-Duplicate,0,False,0.5,4
3491,0,0.5128,0.2917,0.274,0.2342,0.0212,0.0228,0.0,0.1906,Non-Duplicate,0,False,0.5,4
3492,1,0.8837,1.0,0.7667,1.0,0.9865,0.9987,0.0,0.9614,Easy,1,False,0.5,0
3493,1,0.9302,1.0,1.0,1.0,0.9709,0.9733,0.0,0.9804,Easy,1,False,0.5,0
3494,1,0.875,1.0,0.6667,1.0,0.9559,0.9545,0.0,0.9341,Medium,3,False,0.5,1
3495,1,0.7451,0.9974,1.0,1.0,0.9542,0.9727,0.0,0.9567,Easy,1,False,0.5,0
3496,1,0.8444,1.0,0.5393,1.0,0.9913,0.9978,0.0,0.9358,Medium,3,False,0.5,1
3497,0,0.5128,0.3534,0.4224,0.3106,0.0295,0.0314,0.0,0.2309,Non-Duplicate,0,False,0.5,4
3498,1,0.88,1.0,0.4333,1.0,1.0,1.0,0.0,0.9313,Hard,3,False,0.5,2
3499,0,0.6316,0.3726,0.416,0.3191,0.0249,0.0225,0.0,0.2459,Non-Duplicate,0,False,0.5,4
3500,0,0.4615,0.4027,0.2731,0.673,0.0087,0.0067,0.0,0.2179,Non-Duplicate,2,False,0.5,4
3501,1,0.9057,1.0,0.6667,1.0,0.9839,0.9906,0.0,0.9513,Medium,3,False,0.5,1
3502,1,0.8837,1.0,0.8849,1.0,0.9864,0.9991,0.0,0.9733,Easy,1,False,0.5,0
3503,1,0.8444,1.0,0.9164,1.0,1.0,1.0,0.0,0.9761,Easy,1,False,0.5,0
3504,1,0.8718,1.0,0.6667,1.0,0.9787,0.9878,0.0,0.9461,Medium,3,False,0.5,1
3505,1,0.8727,1.0,0.6667,1.0,0.9965,0.9998,0.0,0.953,Medium,3,False,0.5,1
3506,1,0.8511,1.0,0.632,1.0,0.9864,0.9898,0.0,0.9429,Medium,3,False,0.5,1
3507,1,0.7347,0.9476,0.7667,1.0,0.8856,0.9303,0.0,0.8893,Hard,1,False,0.5,2
3508,0,0.5128,0.2944,0.3507,0.2393,0.0157,0.018,0.0,0.1969,Non-Duplicate,0,False,0.5,4
3509,1,0.7451,0.9604,0.7274,1.0,0.928,0.969,0.0,0.9092,Hard,3,False,0.5,2
3510,0,0.5714,0.4179,0.4114,0.3989,0.0267,0.0293,0.0,0.2571,Non-Duplicate,0,False,0.5,4
3511,1,0.7308,1.0,0.5068,1.0,0.9903,0.9955,0.0,0.9204,Hard,3,False,0.5,2
3512,0,0.5366,0.3847,0.6557,0.335,0.019,0.0182,0.0,0.2623,Non-Duplicate,0,False,0.5,4
3513,1,0.7308,0.9983,1.0,1.0,0.9847,0.999,0.0,0.9685,Easy,1,False,0.5,0
3514,1,0.8261,1.0,1.0,1.0,0.9907,0.9946,0.0,0.9792,Easy,1,False,0.5,0
3515,0,0.4545,0.4169,0.2416,0.9392,0.009,0.0103,0.0,0.2198,Non-Duplicate,2,False,0.5,4
3516,0,0.5,0.424,0.5539,0.5842,0.0164,0.013,0.0,0.2605,Non-Duplicate,2,False,0.5,4
3517,0,0.5333,0.7302,0.3553,0.7672,0.3634,0.3737,0.0,0.51,Non-Duplicate,2,False,0.5,4
3518,1,0.9268,1.0,0.7584,1.0,0.9845,0.9869,0.0,0.962,Easy,1,False,0.5,0
3519,1,0.7547,1.0,1.0,1.0,0.9781,0.9807,0.0,0.9661,Easy,1,False,0.5,0
3520,1,0.8235,0.98,0.4333,1.0,0.9006,0.9143,0.0,0.8767,Hard,3,False,0.5,2
3521,1,0.8571,1.0,0.8594,1.0,0.9812,0.9834,0.0,0.9636,Easy,1,False,0.5,0
3522,0,0.5641,0.326,0.3584,0.27,0.024,0.0266,0.0,0.2177,Non-Duplicate,0,False,0.5,4
3523,1,0.8636,0.9845,0.5708,1.0,0.947,0.9665,0.0,0.9181,Hard,3,False,0.5,2
3524,0,0.5128,0.4169,0.2616,0.4078,0.0165,0.0175,0.0,0.231,Non-Duplicate,0,False,0.5,4
3525,1,0.7547,0.9867,0.3731,1.0,0.9863,0.9971,0.0,0.9041,Hard,3,False,0.5,2
3526,0,0.5641,0.3466,0.3562,0.3312,0.0198,0.0199,0.0,0.2223,Non-Duplicate,0,False,0.5,4
3527,0,0.5128,0.368,0.3425,0.3853,0.0237,0.0287,0.0,0.226,Non-Duplicate,0,False,0.5,4
3528,1,0.8837,1.0,0.6667,1.0,0.9931,0.9996,0.0,0.9532,Medium,3,False,0.5,1
3529,1,0.7692,0.9786,0.9425,1.0,0.9674,0.995,0.0,0.9545,Medium,1,False,0.5,1
3530,1,0.8444,1.0,1.0,1.0,0.9698,0.9732,0.0,0.9715,Easy,1,False,0.5,0
3531,1,0.7778,1.0,0.6667,1.0,1.0,1.0,0.0,0.9444,Medium,3,False,0.5,1
3532,1,0.8444,1.0,1.0,1.0,0.9879,0.9959,0.0,0.9806,Easy,1,False,0.5,0
3533,0,0.4103,0.4094,0.3603,0.5831,0.01,0.0097,0.0,0.2248,Non-Duplicate,2,False,0.5,4
3534,0,0.4231,0.2041,0.4174,0.0151,0.049,0.0509,0.0,0.1779,Non-Duplicate,0,False,0.5,4
3535,0,0.4186,0.4415,0.3662,0.9657,0.0094,0.0089,0.0,0.2372,Non-Duplicate,2,False,0.5,4
3536,1,0.8372,1.0,0.7169,1.0,0.9192,0.9173,0.0,0.9187,Hard,3,False,0.5,2
3537,0,0.5116,0.8999,0.2128,0.7351,0.4118,0.4252,0.0,0.5754,Non-Duplicate,2,False,0.5,4
3538,0,0.4878,0.4282,0.2808,0.426,0.0196,0.0204,0.0,0.2357,Non-Duplicate,0,False,0.5,4
3539,1,0.9057,0.9942,0.9918,1.0,0.9998,0.9998,0.0,0.9876,Easy,1,False,0.5,0
3540,0,0.5946,0.4106,0.5945,0.3913,0.0164,0.0183,0.0,0.2704,Non-Duplicate,0,False,0.5,4
3541,1,0.8444,1.0,0.4333,1.0,0.9848,0.9874,0.0,0.9215,Hard,3,False,0.5,2
3542,0,0.6,0.4374,0.4945,0.4328,0.023,0.0232,0.0,0.273,Non-Duplicate,0,False,0.5,4
3543,1,0.8889,1.0,1.0,1.0,0.9868,0.9909,0.0,0.9838,Easy,1,False,0.5,0
3544,0,0.439,0.3493,0.5849,0.2675,0.0196,0.021,0.0,0.2338,Non-Duplicate,0,False,0.5,4
3545,1,0.8511,0.9517,0.6667,1.0,0.9496,0.9655,0.0,0.9153,Hard,3,False,0.5,2
3546,0,0.5,0.3375,0.3091,0.2244,0.0274,0.0277,0.0,0.2114,Non-Duplicate,0,False,0.5,4
3547,0,0.6,0.3357,0.4941,0.2229,0.0266,0.0267,0.0,0.2389,Non-Duplicate,0,False,0.5,4
3548,0,0.4091,0.4131,0.4242,0.7343,0.009,0.0086,0.0,0.2319,Non-Duplicate,2,False,0.5,4
3549,0,0.5,0.3525,0.3562,0.2704,0.0458,0.0498,0.0,0.2304,Non-Duplicate,0,False,0.5,4
3550,1,0.9302,1.0,0.7667,1.0,0.9924,0.9991,0.0,0.9676,Easy,1,False,0.5,0
3551,1,0.7869,1.0,0.6667,1.0,0.9751,0.9947,0.0,0.9381,Medium,3,False,0.5,1
3552,1,0.88,1.0,0.8913,1.0,0.9743,0.9765,0.0,0.966,Easy,1,False,0.5,0
3553,1,0.76,0.9823,0.4333,1.0,0.9647,0.9951,0.0,0.9033,Hard,3,False,0.5,2
3554,0,0.5366,0.4065,0.2511,0.8747,0.0044,0.0046,0.0,0.2231,Non-Duplicate,2,False,0.5,4
3555,0,0.5641,0.3676,0.332,0.3479,0.0241,0.023,0.0,0.2289,Non-Duplicate,0,False,0.5,4
3556,1,0.9268,1.0,0.9813,1.0,0.9588,0.9862,0.0,0.9778,Easy,1,False,0.5,0
3557,1,0.9091,1.0,0.6667,1.0,0.9924,0.9991,0.0,0.9555,Easy,3,False,0.5,0
3558,1,0.8511,1.0,1.0,1.0,0.9906,0.9934,0.0,0.9814,Easy,1,False,0.5,0
3559,0,0.5641,0.2956,0.3607,0.238,0.017,0.0164,0.0,0.2035,Non-Duplicate,0,False,0.5,4
3560,0,0.4651,0.3794,0.4242,0.3259,0.0141,0.0154,0.0,0.2283,Non-Duplicate,0,False,0.5,4
3561,1,0.8936,0.9897,0.605,1.0,0.9397,0.9434,0.0,0.9199,Hard,3,False,0.5,2
3562,0,0.3333,0.4261,0.4329,0.0486,0.0164,0.022,0.0,0.2343,Non-Duplicate,0,False,0.5,4
3563,0,0.9,0.7051,0.3982,0.8946,0.4489,0.4686,0.0,0.5825,Non-Duplicate,3,False,0.5,4
3564,0,0.5238,0.4264,0.3749,0.723,0.0133,0.02,0.0,0.2464,Non-Duplicate,2,False,0.5,4
3565,0,0.4444,0.4394,0.5721,0.0538,0.0276,0.0266,0.0,0.2677,Non-Duplicate,0,False,0.5,4
3566,0,0.5,0.4236,0.5078,0.4151,0.026,0.0284,0.0,0.2612,Non-Duplicate,0,False,0.5,4
3567,1,0.75,1.0,0.6667,1.0,0.9977,0.9997,0.0,0.941,Medium,3,False,0.5,1
3568,0,0.6,0.3244,0.3393,0.2505,0.0236,0.0251,0.0,0.2184,Non-Duplicate,0,False,0.5,4
3569,0,0.5128,0.2803,0.3772,0.2265,0.0164,0.0182,0.0,0.1948,Non-Duplicate,0,False,0.5,4
3570,0,0.5128,0.2768,0.1826,0.2323,0.0215,0.0217,0.0,0.1761,Non-Duplicate,0,False,0.5,4
3571,1,0.9091,1.0,1.0,1.0,1.0,1.0,0.0,0.9909,Easy,1,False,0.5,0
3572,0,0.6,0.3323,0.5361,0.2555,0.0167,0.0163,0.0,0.2373,Non-Duplicate,0,False,0.5,4
3573,1,0.8636,1.0,0.6667,1.0,0.9862,0.9993,0.0,0.9494,Medium,3,False,0.5,1
3574,0,0.5128,0.3447,0.2845,0.3019,0.0208,0.0243,0.0,0.2104,Non-Duplicate,0,False,0.5,4
3575,1,0.8511,0.9908,1.0,1.0,0.9717,0.9879,0.0,0.9724,Easy,1,False,0.5,0
3576,1,0.7451,0.9954,1.0,1.0,0.9609,0.9702,0.0,0.9572,Easy,1,False,0.5,0
3577,1,0.8837,0.9869,1.0,1.0,0.9338,0.9589,0.0,0.959,Easy,1,False,0.5,0
3578,0,0.3922,0.3413,0.2265,0.0155,0.0229,0.0234,0.0,0.1917,Non-Duplicate,0,False,0.5,4
3579,1,0.7547,1.0,0.6667,1.0,1.0,1.0,0.0,0.9421,Medium,3,False,0.5,1
3580,1,0.8511,1.0,0.5521,1.0,0.9514,0.9692,0.0,0.922,Hard,3,False,0.5,2
3581,1,0.7407,0.9955,0.7667,1.0,0.9919,0.9987,0.0,0.9469,Medium,1,False,0.5,1
3582,0,0.5128,0.3218,0.6187,0.2687,0.0308,0.0313,0.0,0.2398,Non-Duplicate,0,False,0.5,4
3583,1,0.7451,0.9983,0.8913,1.0,0.995,0.9995,0.0,0.9617,Easy,1,False,0.5,0
3584,1,0.9268,1.0,1.0,1.0,0.9789,0.9855,0.0,0.9845,Easy,1,False,0.5,0
3585,0,0.45,0.3186,0.3233,0.2346,0.0262,0.0294,0.0,0.2013,Non-Duplicate,0,False,0.5,4
3586,0,0.5,0.3415,0.2922,0.2531,0.0184,0.0194,0.0,0.2072,Non-Duplicate,0,False,0.5,4
3587,1,0.7451,0.9843,1.0,1.0,0.9569,0.9941,0.0,0.9571,Easy,1,False,0.5,0
3588,0,0.5116,0.8133,0.2909,0.9553,0.4325,0.4561,0.0,0.5643,Non-Duplicate,2,False,0.5,4
3589,1,0.7586,1.0,0.6402,1.0,1.0,1.0,0.0,0.9399,Medium,3,False,0.5,1
3590,0,0.4091,0.3996,0.1256,0.3595,0.0304,0.0328,0.0,0.2075,Non-Duplicate,0,False,0.5,4
3591,0,0.3492,0.328,0.4324,0.016,0.0258,0.03,0.0,0.2054,Non-Duplicate,0,False,0.5,4
3592,0,0.5128,0.3754,0.2648,0.361,0.0238,0.0251,0.0,0.2201,Non-Duplicate,0,False,0.5,4
3593,1,0.8261,0.9985,1.0,1.0,0.9567,0.9662,0.0,0.9645,Easy,1,False,0.5,0
3594,0,0.5,0.4094,0.3292,0.386,0.0156,0.0183,0.0,0.2338,Non-Duplicate,0,False,0.5,4
3595,1,0.8627,1.0,1.0,1.0,1.0,1.0,0.0,0.9863,Easy,1,False,0.5,0
3596,1,0.8936,0.9924,0.7667,1.0,0.9394,0.9479,0.0,0.9378,Medium,1,False,0.5,1
3597,0,0.3529,0.2905,0.5909,0.0116,0.0316,0.0401,0.0,0.212,Non-Duplicate,0,False,0.5,4
3598,0,0.3902,0.4261,0.6356,0.8602,0.0124,0.0127,0.0,0.2573,Non-Duplicate,2,False,0.5,4
3599,0,0.5405,0.3284,0.6566,0.256,0.0131,0.0128,0.0,0.2405,Non-Duplicate,0,False,0.5,4
3600,0,0.5263,0.3891,0.3283,0.7093,0.0059,0.0076,0.0,0.2247,Non-Duplicate,2,False,0.5,4
3601,1,0.8889,0.9802,0.4333,1.0,0.9565,0.9814,0.0,0.9107,Hard,3,False,0.5,2
3602,1,0.8444,1.0,0.3384,1.0,0.9835,0.9843,0.0,0.911,Hard,3,False,0.5,2
3603,0,0.5405,0.4295,0.4858,0.6469,0.0112,0.0138,0.0,0.2585,Non-Duplicate,2,False,0.5,4
3604,1,0.8444,1.0,1.0,1.0,1.0,1.0,0.0,0.9844,Easy,1,False,0.5,0
3605,0,0.5128,0.3626,0.3324,0.3571,0.0218,0.0207,0.0,0.221,Non-Duplicate,0,False,0.5,4
3606,1,0.8444,1.0,0.4333,1.0,0.9928,0.9996,0.0,0.9259,Hard,3,False,0.5,2
3607,0,0.439,0.4339,0.3826,0.7425,0.0134,0.0162,0.0,0.2406,Non-Duplicate,2,False,0.5,4
3608,0,0.5128,0.3206,0.3566,0.2852,0.0179,0.0168,0.0,0.207,Non-Duplicate,0,False,0.5,4
3609,0,0.5128,0.3736,0.3306,0.3803,0.0226,0.0245,0.0,0.2256,Non-Duplicate,0,False,0.5,4
3610,0,0.4103,0.4425,0.7192,0.9157,0.0195,0.0167,0.0,0.276,Non-Duplicate,2,False,0.5,4
3611,1,0.8261,1.0,0.6667,1.0,0.9895,0.9978,0.0,0.9462,Medium,3,False,0.5,1
3612,0,0.5128,0.3604,0.395,0.3657,0.0238,0.0236,0.0,0.2276,Non-Duplicate,0,False,0.5,4
3613,1,0.9362,1.0,1.0,1.0,0.9794,0.9883,0.0,0.9861,Easy,1,False,0.5,0
3614,1,0.8444,1.0,0.7667,1.0,0.9699,0.9724,0.0,0.9481,Medium,1,False,0.5,1
3615,1,0.8837,1.0,0.6667,1.0,0.984,0.9877,0.0,0.9486,Medium,3,False,0.5,1
3616,1,0.7234,0.9859,0.7667,1.0,0.9753,0.996,0.0,0.9371,Medium,1,False,0.5,1
3617,1,0.7308,0.9956,0.6667,1.0,0.9635,0.973,0.0,0.9237,Hard,3,False,0.5,2
3618,1,0.8837,1.0,1.0,1.0,0.9861,0.9852,0.0,0.9819,Easy,1,False,0.5,0
3619,1,0.961,0.9941,0.6621,1.0,0.9996,0.9995,0.0,0.96,Easy,3,False,0.5,0
3620,1,0.8837,1.0,0.6201,1.0,0.9945,0.9995,0.0,0.9489,Medium,3,False,0.5,1
3621,0,0.4878,0.426,0.4306,0.7274,0.0081,0.0082,0.0,0.2446,Non-Duplicate,2,False,0.5,4
3622,0,0.4186,0.4467,0.179,0.0544,0.0215,0.0261,0.0,0.2267,Non-Duplicate,0,False,0.5,4
3623,0,0.4545,0.4686,0.3023,0.9792,0.0234,0.022,0.0,0.2499,Non-Duplicate,2,False,0.5,4
3624,0,0.4186,0.4323,0.3653,0.6859,0.0103,0.011,0.0,0.2345,Non-Duplicate,2,False,0.5,4
3625,0,0.5128,0.2737,0.3192,0.2316,0.0133,0.0132,0.0,0.185,Non-Duplicate,0,False,0.5,4
3626,1,0.7636,1.0,1.0,1.0,0.9961,0.9994,0.0,0.9753,Easy,1,False,0.5,0
3627,1,0.8182,1.0,0.4333,1.0,0.9417,0.9476,0.0,0.9001,Hard,3,False,0.5,2
3628,1,0.7547,0.9947,0.9055,1.0,0.9928,0.999,0.0,0.9622,Easy,1,False,0.5,0
3629,1,0.8936,1.0,0.2498,1.0,1.0,1.0,0.0,0.9143,Hard,3,False,0.5,2
3630,0,0.5366,0.3803,0.5201,0.6126,0.0081,0.0084,0.0,0.2425,Non-Duplicate,2,False,0.5,4
3631,1,0.7451,0.9622,0.8416,1.0,0.9175,0.9575,0.0,0.9163,Hard,1,False,0.5,2
3632,0,0.3929,0.4037,0.3991,0.0555,0.0177,0.0255,0.0,0.23,Non-Duplicate,0,False,0.5,4
3633,1,0.7636,1.0,0.6667,1.0,1.0,1.0,0.0,0.943,Medium,3,False,0.5,1
3634,0,0.4,0.3964,0.2826,0.3625,0.0227,0.0229,0.0,0.2173,Non-Duplicate,0,False,0.5,4
3635,1,0.8444,0.9892,0.5689,1.0,0.9546,0.9676,0.0,0.9197,Hard,3,False,0.5,2
3636,1,0.8444,1.0,0.6667,1.0,1.0,1.0,0.0,0.9511,Medium,3,False,0.5,1
3637,0,0.55,0.4321,0.3205,0.7548,0.0076,0.0078,0.0,0.2417,Non-Duplicate,2,False,0.5,4
3638,1,0.9048,1.0,0.3804,1.0,0.91,0.9184,0.0,0.8897,Hard,3,False,0.5,2
3639,1,0.7407,0.9609,0.6667,1.0,0.9124,0.9765,0.0,0.9004,Hard,3,False,0.5,2
3640,1,0.9333,1.0,1.0,1.0,0.9995,1.0,0.0,0.9932,Easy,1,False,0.5,0
3641,1,0.8889,1.0,0.6667,1.0,0.9949,0.9997,0.0,0.9542,Medium,3,False,0.5,1
3642,0,0.5641,0.3432,0.3452,0.2533,0.0175,0.0179,0.0,0.219,Non-Duplicate,0,False,0.5,4
3643,1,0.8444,1.0,1.0,1.0,1.0,1.0,0.0,0.9844,Easy,1,False,0.5,0
3644,0,0.5128,0.3381,0.3082,0.2815,0.0243,0.0252,0.0,0.2116,Non-Duplicate,0,False,0.5,4
3645,1,0.7407,0.9843,0.9612,1.0,0.9268,0.9896,0.0,0.9443,Medium,1,False,0.5,1
3646,1,0.9333,1.0,0.4333,1.0,0.9555,0.9959,0.0,0.9247,Hard,3,False,0.5,2
3647,0,0.4651,0.414,0.4174,0.4042,0.0172,0.0184,0.0,0.2411,Non-Duplicate,0,False,0.5,4
3648,0,0.4878,0.3751,0.5242,0.3,0.0189,0.0193,0.0,0.2411,Non-Duplicate,0,False,0.5,4
3649,1,0.7719,1.0,0.6667,1.0,0.9293,0.9295,0.0,0.9121,Hard,3,False,0.5,2
3650,1,0.7636,1.0,1.0,1.0,0.9695,0.9916,0.0,0.9671,Easy,1,False,0.5,0
3651,0,0.6111,0.4066,0.5822,0.3875,0.0274,0.027,0.0,0.2739,Non-Duplicate,0,False,0.5,4
3652,0,0.5641,0.3723,0.3361,0.2742,0.0201,0.0211,0.0,0.2295,Non-Duplicate,0,False,0.5,4
3653,0,0.95,0.6992,0.5196,0.7022,0.3938,0.4154,0.0,0.5732,Non-Duplicate,3,False,0.5,4
3654,1,0.8696,0.9737,0.6667,1.0,0.8976,0.9115,0.0,0.9011,Hard,3,False,0.5,2
3655,0,0.9,0.7174,0.3813,0.9903,0.4573,0.4829,0.0,0.5901,Non-Duplicate,3,False,0.5,4
3656,0,0.55,0.4068,0.6374,0.3606,0.0522,0.0538,0.0,0.2849,Non-Duplicate,0,False,0.5,4
3657,0,0.4444,0.4012,0.3032,0.7743,0.0116,0.0135,0.0,0.2208,Non-Duplicate,2,False,0.5,4
3658,0,0.5128,0.3548,0.6105,0.3246,0.0239,0.0254,0.0,0.2476,Non-Duplicate,0,False,0.5,4
3659,1,0.7347,1.0,0.6667,1.0,1.0,1.0,0.0,0.9401,Medium,3,False,0.5,1
3660,0,0.9,0.6951,0.3936,0.7175,0.4434,0.4572,0.0,0.575,Non-Duplicate,3,False,0.5,4
3661,1,0.7451,0.997,1.0,1.0,0.9718,0.9741,0.0,0.9612,Easy,1,False,0.5,0
3662,0,0.5128,0.3881,0.4205,0.2972,0.0228,0.0237,0.0,0.2396,Non-Duplicate,0,False,0.5,4
3663,0,0.55,0.4096,0.2963,0.3649,0.0262,0.0269,0.0,0.2399,Non-Duplicate,0,False,0.5,4
3664,1,0.8444,0.9861,0.6667,1.0,0.9558,0.9694,0.0,0.9291,Hard,3,False,0.5,2
3665,1,0.7547,0.9865,0.5489,1.0,0.9673,0.9955,0.0,0.9166,Hard,3,False,0.5,2
3666,0,0.6111,0.3358,0.1653,0.2194,0.0226,0.023,0.0,0.2054,Non-Duplicate,0,False,0.5,4
3667,0,0.4737,0.3976,0.2379,0.5625,0.0161,0.0171,0.0,0.2178,Non-Duplicate,2,False,0.5,4
3668,0,0.3913,0.2752,0.6269,0.0127,0.0381,0.0463,0.0,0.2169,Non-Duplicate,0,False,0.5,4
3669,0,0.4615,0.3037,0.1922,0.2439,0.0189,0.0193,0.0,0.1803,Non-Duplicate,0,False,0.5,4
3670,0,0.5128,0.3271,0.2904,0.215,0.0246,0.0247,0.0,0.2059,Non-Duplicate,0,False,0.5,4
3671,0,0.5128,0.3161,0.3279,0.2551,0.0175,0.0178,0.0,0.2026,Non-Duplicate,0,False,0.5,4
3672,1,0.8837,0.9989,1.0,1.0,0.988,0.9992,0.0,0.9848,Easy,1,False,0.5,0
3673,0,0.5405,0.3929,0.3872,0.3454,0.0197,0.0201,0.0,0.2392,Non-Duplicate,0,False,0.5,4
3674,1,0.9268,1.0,0.6667,1.0,0.9854,0.9869,0.0,0.9531,Medium,3,False,0.5,1
3675,1,0.8727,1.0,0.4333,1.0,0.952,0.9534,0.0,0.9093,Hard,3,False,0.5,2
3676,1,0.8837,0.9873,0.6667,1.0,0.9738,0.9974,0.0,0.9435,Medium,3,False,0.5,1
3677,0,0.5128,0.4006,0.2753,0.3724,0.0276,0.0295,0.0,0.2318,Non-Duplicate,0,False,0.5,4
3678,1,0.7547,1.0,0.4333,1.0,0.9968,0.9995,0.0,0.9179,Hard,3,False,0.5,2
3679,1,0.9268,0.9985,0.6667,1.0,0.9963,0.9996,0.0,0.9578,Easy,3,False,0.5,0
3680,0,0.4737,0.3744,0.4064,0.5502,0.0084,0.0096,0.0,0.2231,Non-Duplicate,0,False,0.5,4
3681,1,0.8444,1.0,0.3776,1.0,0.9928,0.9994,0.0,0.9203,Hard,3,False,0.5,2
3682,0,0.55,0.4241,0.6105,0.8101,0.0137,0.0123,0.0,0.2704,Non-Duplicate,2,False,0.5,4
3683,1,0.7547,1.0,1.0,1.0,0.8997,0.9122,0.0,0.9328,Medium,1,False,0.5,1
3684,1,0.8261,0.9748,0.7667,1.0,0.9468,0.9681,0.0,0.9308,Hard,1,False,0.5,2
3685,1,0.76,0.9776,1.0,1.0,0.9655,0.9917,0.0,0.9579,Easy,1,False,0.5,0
3686,1,0.8627,1.0,1.0,1.0,0.9461,0.9675,0.0,0.9663,Easy,1,False,0.5,0
3687,0,0.4878,0.4538,0.3653,0.9026,0.0218,0.0238,0.0,0.2543,Non-Duplicate,2,False,0.5,4
3688,0,0.6316,0.3306,0.2918,0.2387,0.0161,0.0142,0.0,0.2149,Non-Duplicate,0,False,0.5,4
3689,1,0.7451,0.997,0.4333,1.0,0.9877,0.9993,0.0,0.9136,Hard,3,False,0.5,2
3690,1,0.9455,0.996,0.7667,1.0,0.9997,0.9998,0.0,0.9697,Easy,1,False,0.5,0
3691,0,0.4186,0.3517,0.2689,0.2704,0.0168,0.018,0.0,0.1996,Non-Duplicate,0,False,0.5,4
3692,0,0.55,0.333,0.61,0.2215,0.0295,0.0313,0.0,0.2462,Non-Duplicate,0,False,0.5,4
3693,0,0.4091,0.4564,0.3799,0.8126,0.0146,0.0138,0.0,0.245,Non-Duplicate,2,False,0.5,4
3694,1,0.9048,0.9984,0.6667,1.0,0.9982,0.9997,0.0,0.9561,Easy,3,False,0.5,0
3695,0,0.9,0.7238,0.2922,0.6906,0.4791,0.5184,0.0,0.596,Non-Duplicate,3,False,0.5,4
3696,1,0.9231,1.0,0.4333,1.0,0.9855,0.9983,0.0,0.9317,Medium,3,False,0.5,1
3697,0,0.5641,0.2774,0.2516,0.2313,0.0141,0.0129,0.0,0.1847,Non-Duplicate,0,False,0.5,4
3698,1,0.7308,0.9989,0.6274,1.0,0.996,0.9997,0.0,0.9344,Medium,3,False,0.5,1
3699,1,0.7451,0.9973,0.6667,1.0,0.9915,0.9988,0.0,0.9379,Medium,3,False,0.5,1
3700,0,0.6111,0.3872,0.347,0.3355,0.0546,0.0593,0.0,0.2569,Non-Duplicate,0,False,0.5,4
3701,0,0.5,0.4569,0.3,0.7628,0.0192,0.019,0.0,0.2485,Non-Duplicate,2,False,0.5,4
3702,1,0.8511,1.0,0.6667,1.0,1.0,1.0,0.0,0.9518,Medium,3,False,0.5,1
3703,1,0.7742,0.9785,1.0,1.0,0.9509,0.9981,0.0,0.9572,Easy,1,False,0.5,0
3704,0,0.5641,0.295,0.8594,0.2515,0.013,0.0148,0.0,0.2518,Non-Duplicate,0,False,0.5,4
3705,0,0.5641,0.3508,0.3872,0.3199,0.0184,0.019,0.0,0.2263,Non-Duplicate,0,False,0.5,4
3706,0,0.5263,0.402,0.2416,0.6014,0.0143,0.0156,0.0,0.2242,Non-Duplicate,2,False,0.5,4
3707,1,0.8235,0.9849,0.7667,1.0,0.8606,0.8677,0.0,0.8924,Hard,1,False,0.5,2
3708,0,0.5405,0.4083,0.3151,0.3995,0.0168,0.0174,0.0,0.2362,Non-Duplicate,0,False,0.5,4
3709,0,0.375,0.3574,0.3776,0.0459,0.0294,0.0321,0.0,0.2141,Non-Duplicate,0,False,0.5,4
3710,0,0.4,0.3702,0.6178,0.0201,0.0263,0.0316,0.0,0.2442,Non-Duplicate,0,False,0.5,4
3711,1,0.8519,1.0,0.6667,1.0,0.9087,0.9145,0.0,0.9119,Hard,3,False,0.5,2
3712,1,0.84,1.0,0.6667,1.0,0.9394,0.9449,0.0,0.9245,Hard,3,False,0.5,2
3713,0,0.5128,0.3781,0.4493,0.3748,0.0211,0.0219,0.0,0.2382,Non-Duplicate,0,False,0.5,4
3714,1,0.8444,1.0,0.6356,1.0,0.9801,0.9875,0.0,0.9405,Medium,3,False,0.5,1
3715,0,0.359,0.4307,0.5566,0.9242,0.0142,0.0155,0.0,0.2489,Non-Duplicate,2,False,0.5,4
3716,1,0.9425,0.9672,1.0,1.0,0.9997,0.9996,0.0,0.9826,Easy,1,False,0.5,0
3717,1,0.7812,1.0,0.5854,1.0,0.9148,0.9284,0.0,0.901,Hard,3,False,0.5,2
3718,0,0.5128,0.3843,0.3749,0.3468,0.0186,0.0205,0.0,0.232,Non-Duplicate,0,False,0.5,4
3719,1,0.9333,1.0,1.0,1.0,0.9416,0.9772,0.0,0.9742,Easy,1,False,0.5,0
3720,0,0.4615,0.3837,0.4196,0.2914,0.0503,0.0537,0.0,0.2457,Non-Duplicate,0,False,0.5,4
3721,0,0.55,0.4372,0.3594,0.909,0.0147,0.0119,0.0,0.25,Non-Duplicate,2,False,0.5,4
3722,1,0.7451,1.0,0.6667,1.0,0.9751,0.9954,0.0,0.934,Medium,3,False,0.5,1
3723,0,0.4615,0.3336,0.2808,0.3194,0.0159,0.018,0.0,0.1986,Non-Duplicate,0,False,0.5,4
3724,1,0.9048,0.9936,0.6667,1.0,0.9427,0.9684,0.0,0.9343,Medium,3,False,0.5,1
3725,1,0.9091,1.0,0.7457,1.0,0.9874,0.9942,0.0,0.9612,Easy,1,False,0.5,0
3726,0,0.5128,0.3185,0.4142,0.2893,0.0221,0.0241,0.0,0.2145,Non-Duplicate,0,False,0.5,4
3727,1,0.9176,0.9988,0.7667,1.0,1.0,1.0,0.0,0.968,Easy,1,False,0.5,0
3728,0,0.4,0.4076,0.1242,0.3806,0.0185,0.022,0.0,0.2041,Non-Duplicate,0,False,0.5,4
3729,1,0.9091,0.9732,0.8954,1.0,0.9584,0.9889,0.0,0.9585,Easy,1,False,0.5,0
3730,1,0.8293,1.0,0.4333,1.0,0.8589,0.8662,0.0,0.8642,Hard,3,False,0.5,2
3731,0,0.439,0.4469,0.3402,0.8425,0.0124,0.0147,0.0,0.2404,Non-Duplicate,2,False,0.5,4
3732,1,0.7451,0.9704,0.7429,1.0,0.9468,0.9942,0.0,0.924,Hard,1,False,0.5,2
3733,1,0.8837,0.9987,0.3749,1.0,0.9611,0.9707,0.0,0.9098,Hard,3,False,0.5,2
3734,0,0.4651,0.3274,0.184,0.2545,0.0183,0.0193,0.0,0.1879,Non-Duplicate,0,False,0.5,4
3735,1,0.7636,1.0,0.8479,1.0,0.9918,0.9962,0.0,0.9584,Easy,1,False,0.5,0
3736,1,0.7451,1.0,0.4333,1.0,0.9905,0.9948,0.0,0.9144,Hard,3,False,0.5,2
3737,0,0.5128,0.2715,0.3014,0.2105,0.0235,0.0244,0.0,0.1872,Non-Duplicate,0,False,0.5,4
3738,0,0.5641,0.2743,0.4457,0.229,0.026,0.0261,0.0,0.2087,Non-Duplicate,0,False,0.5,4
3739,1,0.8837,1.0,0.6667,1.0,0.9851,0.987,0.0,0.9487,Medium,3,False,0.5,1
3740,0,0.375,0.364,0.3237,0.0192,0.0307,0.0345,0.0,0.2119,Non-Duplicate,0,False,0.5,4
3741,1,0.8654,0.9796,0.5945,1.0,0.9891,0.9992,0.0,0.9359,Medium,3,False,0.5,1
3742,1,0.7547,1.0,0.5977,1.0,1.0,1.0,0.0,0.9352,Medium,3,False,0.5,1
3743,0,0.4545,0.3278,0.4005,0.0181,0.0411,0.0519,0.0,0.2209,Non-Duplicate,0,False,0.5,4
3744,0,0.4878,0.4165,0.2292,0.4195,0.0198,0.0209,0.0,0.2266,Non-Duplicate,0,False,0.5,4
3745,0,0.3902,0.4518,0.3411,0.6997,0.0211,0.0211,0.0,0.2407,Non-Duplicate,2,False,0.5,4
3746,1,0.8444,1.0,1.0,1.0,0.9884,0.9993,0.0,0.9814,Easy,1,False,0.5,0
3747,0,0.4651,0.3893,0.3758,0.3579,0.0196,0.0206,0.0,0.2294,Non-Duplicate,0,False,0.5,4
3748,0,0.5128,0.3549,0.6041,0.3244,0.0222,0.0226,0.0,0.246,Non-Duplicate,0,False,0.5,4
3749,1,0.9268,0.9884,0.6667,1.0,0.9779,0.9854,0.0,0.9469,Medium,3,False,0.5,1
3750,0,0.45,0.4117,0.5511,0.3842,0.0261,0.0279,0.0,0.2563,Non-Duplicate,0,False,0.5,4
3751,0,0.5128,0.3605,0.3091,0.3195,0.0295,0.0297,0.0,0.2217,Non-Duplicate,0,False,0.5,4
3752,1,0.7742,0.9696,0.5452,1.0,0.8897,0.9273,0.0,0.8792,Hard,3,False,0.5,2
3753,1,0.7692,0.9923,1.0,1.0,0.9892,0.9985,0.0,0.9712,Easy,1,False,0.5,0
3754,0,0.5128,0.3523,0.3516,0.3456,0.0225,0.0226,0.0,0.2199,Non-Duplicate,0,False,0.5,4
3755,1,0.8837,1.0,0.6667,1.0,0.9833,0.9893,0.0,0.9487,Medium,3,False,0.5,1
3756,1,0.72,0.9485,1.0,1.0,0.7984,0.8441,0.0,0.8724,Hard,1,False,0.5,2
3757,1,0.9362,0.9895,0.2607,1.0,0.9334,0.9461,0.0,0.8886,Hard,3,False,0.5,2
3758,1,0.76,0.9574,0.4333,1.0,0.9242,0.9851,0.0,0.8825,Hard,3,False,0.5,2
3759,0,0.375,0.4558,0.579,0.0518,0.0283,0.0334,0.0,0.2687,Non-Duplicate,0,False,0.5,4
3760,0,0.4103,0.4442,0.4269,0.8649,0.0184,0.0127,0.0,0.2463,Non-Duplicate,2,False,0.5,4
3761,1,0.7451,0.9635,0.6667,1.0,0.9069,0.9554,0.0,0.8962,Hard,3,False,0.5,2
3762,0,0.6111,0.3735,0.4187,0.2783,0.0222,0.0249,0.0,0.2442,Non-Duplicate,0,False,0.5,4
3763,1,0.76,1.0,1.0,1.0,0.9949,0.9991,0.0,0.9746,Easy,1,False,0.5,0
3764,0,0.4186,0.4388,0.6201,0.711,0.029,0.0309,0.0,0.2709,Non-Duplicate,2,False,0.5,4
3765,0,0.5778,0.8178,0.4315,0.9753,0.3687,0.3836,0.0,0.5561,Non-Duplicate,2,False,0.5,4
3766,0,0.4615,0.391,0.3562,0.6207,0.0077,0.0053,0.0,0.2216,Non-Duplicate,2,False,0.5,4
3767,0,0.5641,0.3214,0.3799,0.269,0.0232,0.0257,0.0,0.2178,Non-Duplicate,0,False,0.5,4
3768,0,0.4615,0.3514,0.4215,0.3063,0.027,0.0264,0.0,0.2233,Non-Duplicate,0,False,0.5,4
3769,0,0.5556,0.3289,0.5995,0.2432,0.0158,0.0164,0.0,0.2379,Non-Duplicate,0,False,0.5,4
3770,1,0.8444,1.0,0.7667,1.0,1.0,1.0,0.0,0.9611,Easy,1,False,0.5,0
3771,0,0.55,0.416,0.5087,0.3675,0.027,0.0304,0.0,0.2643,Non-Duplicate,0,False,0.5,4
3772,1,0.8837,0.9909,0.3749,1.0,0.9934,0.9994,0.0,0.9209,Hard,3,False,0.5,2
3773,1,0.8696,0.9944,0.6667,1.0,0.9269,0.9371,0.0,0.9208,Hard,3,False,0.5,2
3774,0,0.4651,0.316,0.2607,0.2146,0.0163,0.019,0.0,0.1911,Non-Duplicate,0,False,0.5,4
3775,1,0.8727,1.0,0.8936,1.0,0.9957,0.9994,0.0,0.9754,Easy,1,False,0.5,0
3776,0,0.5405,0.4355,0.3959,0.6566,0.015,0.0187,0.0,0.2536,Non-Duplicate,2,False,0.5,4
3777,1,0.8837,0.979,1.0,1.0,0.959,0.9696,0.0,0.9647,Easy,1,False,0.5,0
3778,0,0.6316,0.3907,0.168,0.3694,0.0252,0.0282,0.0,0.2286,Non-Duplicate,0,False,0.5,4
3779,0,0.6,0.4232,0.4781,0.4147,0.0265,0.0286,0.0,0.2683,Non-Duplicate,0,False,0.5,4
3780,0,0.3125,0.3466,0.3941,0.016,0.0292,0.0352,0.0,0.2063,Non-Duplicate,0,False,0.5,4
3781,0,0.619,0.3888,0.6648,0.3526,0.0282,0.0256,0.0,0.2766,Non-Duplicate,0,False,0.5,4
3782,0,0.5641,0.4147,0.589,0.3995,0.0186,0.0184,0.0,0.2688,Non-Duplicate,0,False,0.5,4
3783,1,0.7742,0.9965,0.9274,1.0,0.8988,0.9093,0.0,0.9255,Hard,1,False,0.5,2
3784,1,0.8444,1.0,0.6667,1.0,0.971,0.9705,0.0,0.938,Medium,3,False,0.5,1
3785,0,0.4651,0.3997,0.2384,0.3582,0.0265,0.0278,0.0,0.2224,Non-Duplicate,0,False,0.5,4
3786,1,0.7407,0.9884,0.6667,1.0,0.969,0.9894,0.0,0.9268,Hard,3,False,0.5,2
3787,0,0.5128,0.3306,0.3909,0.2676,0.0203,0.022,0.0,0.2156,Non-Duplicate,0,False,0.5,4
3788,1,0.7308,0.9902,1.0,1.0,0.9428,0.9959,0.0,0.9545,Medium,1,False,0.5,1
3789,0,0.5128,0.3148,0.2758,0.2538,0.0259,0.0283,0.0,0.2012,Non-Duplicate,0,False,0.5,4
3790,1,0.9231,1.0,0.6667,1.0,0.9561,0.9578,0.0,0.9396,Medium,3,False,0.5,1
3791,1,0.9268,1.0,0.6667,1.0,0.9901,0.9979,0.0,0.9564,Easy,3,False,0.5,0
3792,0,0.4231,0.2254,0.3525,0.0129,0.0437,0.0471,0.0,0.1768,Non-Duplicate,0,False,0.5,4
3793,1,0.8889,0.9811,0.7667,1.0,0.9725,0.9968,0.0,0.9514,Medium,1,False,0.5,1
3794,0,0.4651,0.3596,0.3767,0.2852,0.0181,0.0185,0.0,0.2183,Non-Duplicate,0,False,0.5,4
3795,0,0.4878,0.4009,0.5936,0.3589,0.023,0.0246,0.0,0.2591,Non-Duplicate,0,False,0.5,4
3796,1,0.7719,0.9817,0.7667,1.0,0.9717,0.9996,0.0,0.9403,Medium,1,False,0.5,1
3797,1,0.9302,1.0,0.6667,1.0,0.9305,0.9308,0.0,0.9285,Hard,3,False,0.5,2
3798,0,0.3846,0.3595,0.5525,0.0195,0.033,0.0402,0.0,0.2358,Non-Duplicate,0,False,0.5,4
3799,0,0.4865,0.334,0.1986,0.26,0.0119,0.0122,0.0,0.1908,Non-Duplicate,0,False,0.5,4
3800,0,0.55,0.3721,0.2502,0.2643,0.0484,0.0482,0.0,0.232,Non-Duplicate,0,False,0.5,4
3801,0,0.5556,0.4207,0.3671,0.4072,0.0289,0.03,0.0,0.2527,Non-Duplicate,0,False,0.5,4
3802,1,0.7407,1.0,0.6667,1.0,0.9958,0.9999,0.0,0.9397,Medium,3,False,0.5,1
3803,0,0.5,0.4471,0.3954,0.8671,0.0152,0.0167,0.0,0.2532,Non-Duplicate,2,False,0.5,4
3804,0,0.4889,0.1435,0.4155,0.0453,0.0233,0.0208,0.0,0.1507,Non-Duplicate,0,False,0.5,4
3805,0,0.4651,0.3675,0.3228,0.3153,0.0156,0.0169,0.0,0.2147,Non-Duplicate,0,False,0.5,4
3806,0,0.55,0.3599,0.2973,0.2948,0.0145,0.0138,0.0,0.2171,Non-Duplicate,0,False,0.5,4
3807,1,0.7547,0.9792,0.4333,1.0,0.9708,0.988,0.0,0.9018,Hard,3,False,0.5,2
3808,1,0.8511,1.0,0.9986,1.0,0.9696,0.9753,0.0,0.9724,Easy,1,False,0.5,0
3809,1,0.8182,0.9758,1.0,1.0,0.9295,0.9408,0.0,0.9439,Medium,1,False,0.5,1
3810,0,0.4878,0.4635,0.6562,0.8655,0.0176,0.0175,0.0,0.2845,Non-Duplicate,2,False,0.5,4
3811,1,0.8571,0.9567,1.0,1.0,0.8627,0.9247,0.0,0.9212,Hard,1,False,0.5,2
3812,1,0.9703,0.9837,1.0,1.0,0.9998,1.0,0.0,0.9913,Easy,1,False,0.5,0
3813,0,0.4615,0.3073,0.4329,0.2609,0.0246,0.0264,0.0,0.2084,Non-Duplicate,0,False,0.5,4
3814,1,0.9302,1.0,0.6516,1.0,0.97,0.9688,0.0,0.9444,Medium,3,False,0.5,1
3815,1,0.8636,0.9959,0.1941,1.0,0.9854,0.9981,0.0,0.9003,Hard,3,False,0.5,2
3816,1,0.8837,0.9939,0.4785,1.0,0.9658,0.9737,0.0,0.9203,Hard,3,False,0.5,2
3817,1,0.8837,0.9878,0.6283,1.0,0.9879,0.9887,0.0,0.9416,Medium,3,False,0.5,1
3818,0,0.4615,0.2918,0.6073,0.2548,0.0188,0.0185,0.0,0.2174,Non-Duplicate,0,False,0.5,4
3819,1,0.8444,0.9979,1.0,1.0,0.9829,0.9865,0.0,0.9767,Easy,1,False,0.5,0
3820,1,0.8333,1.0,0.59,1.0,0.9916,0.9976,0.0,0.9398,Medium,3,False,0.5,1
3821,1,0.72,1.0,0.9607,1.0,0.9915,0.9998,0.0,0.9659,Easy,1,False,0.5,0
3822,0,0.5116,0.4133,0.4247,0.3956,0.0224,0.0229,0.0,0.2485,Non-Duplicate,0,False,0.5,4
3823,0,0.383,0.2831,0.3767,0.0124,0.0293,0.036,0.0,0.1896,Non-Duplicate,0,False,0.5,4
3824,0,0.5641,0.3072,0.1635,0.2775,0.0222,0.0248,0.0,0.1908,Non-Duplicate,0,False,0.5,4
3825,0,0.5128,0.3705,0.4237,0.2923,0.0207,0.0221,0.0,0.2329,Non-Duplicate,0,False,0.5,4
3826,1,0.7308,0.9983,0.7712,1.0,0.9834,0.9844,0.0,0.9423,Medium,1,False,0.5,1
3827,1,0.8261,1.0,0.8658,1.0,0.9732,0.9761,0.0,0.9577,Easy,1,False,0.5,0
3828,1,0.8837,1.0,0.6667,1.0,0.9839,0.9974,0.0,0.9505,Medium,3,False,0.5,1
3829,1,0.8837,1.0,0.7667,1.0,0.953,0.9732,0.0,0.9479,Medium,1,False,0.5,1
3830,1,0.7407,0.9555,0.6667,1.0,0.9214,0.9433,0.0,0.8942,Hard,3,False,0.5,2
3831,0,0.5405,0.418,0.4676,0.4062,0.0161,0.0176,0.0,0.2547,Non-Duplicate,0,False,0.5,4
3832,0,0.5128,0.3459,0.1598,0.3038,0.0236,0.0261,0.0,0.1994,Non-Duplicate,0,False,0.5,4
3833,1,0.9388,0.996,1.0,1.0,1.0,1.0,0.0,0.9925,Easy,1,False,0.5,0
3834,1,0.8444,1.0,1.0,1.0,0.9933,0.9995,0.0,0.9827,Easy,1,False,0.5,0
3835,0,0.386,0.4588,0.1712,0.0605,0.0349,0.0439,0.0,0.2338,Non-Duplicate,0,False,0.5,4
3836,1,0.8333,1.0,0.4333,1.0,0.9899,0.9928,0.0,0.9227,Hard,3,False,0.5,2
3837,1,0.8163,1.0,0.3799,1.0,0.9604,0.9591,0.0,0.9015,Hard,3,False,0.5,2
3838,0,0.7,0.7323,0.6155,0.8027,0.3268,0.3387,0.0,0.5373,Non-Duplicate,2,False,0.5,4
3839,1,0.898,0.9705,0.6667,1.0,0.9507,0.9529,0.0,0.9244,Hard,3,False,0.5,2
3840,1,0.8511,1.0,0.442,1.0,0.9817,0.9879,0.0,0.9223,Hard,3,False,0.5,2
3841,0,0.5128,0.3193,0.2059,0.2603,0.0254,0.027,0.0,0.1954,Non-Duplicate,0,False,0.5,4
3842,0,0.6667,0.3939,0.6379,0.3363,0.0325,0.0356,0.0,0.2836,Non-Duplicate,0,False,0.5,4
3843,1,0.8261,0.9762,0.7667,1.0,0.9422,0.9653,0.0,0.9295,Hard,1,False,0.5,2
3844,1,0.8696,0.9933,0.9767,1.0,0.9803,0.996,0.0,0.9766,Easy,1,False,0.5,0
3845,1,0.8163,0.9754,0.4333,1.0,0.9638,0.9759,0.0,0.9025,Hard,3,False,0.5,2
3846,1,0.8511,1.0,0.3927,1.0,0.9915,0.9949,0.0,0.9212,Hard,3,False,0.5,2
3847,0,0.4286,0.8999,0.2502,0.5875,0.3059,0.3235,0.0,0.524,Non-Duplicate,2,False,0.5,4
3848,0,0.4737,0.4516,0.274,0.9549,0.0125,0.0144,0.0,0.2388,Non-Duplicate,2,False,0.5,4
3849,0,0.5128,0.3697,0.4242,0.3689,0.0256,0.0266,0.0,0.2348,Non-Duplicate,0,False,0.5,4
3850,1,0.7547,1.0,0.6667,1.0,0.9615,0.9601,0.0,0.9245,Hard,3,False,0.5,2
3851,1,0.8444,1.0,1.0,1.0,1.0,1.0,0.0,0.9844,Easy,1,False,0.5,0
3852,1,0.7308,0.9654,1.0,1.0,0.9217,0.9933,0.0,0.9401,Medium,1,False,0.5,1
3853,0,0.4186,0.3985,0.3895,0.3461,0.0202,0.0219,0.0,0.2297,Non-Duplicate,0,False,0.5,4
3854,1,0.8444,0.9768,0.7128,1.0,0.9458,0.9703,0.0,0.9281,Hard,3,False,0.5,2
3855,0,0.6316,0.3195,0.1936,0.2218,0.0195,0.0215,0.0,0.2035,Non-Duplicate,0,False,0.5,4
3856,0,0.6111,0.4348,0.3927,0.4379,0.0248,0.026,0.0,0.264,Non-Duplicate,0,False,0.5,4
3857,1,0.7547,0.9823,0.958,1.0,0.9632,0.9937,0.0,0.9546,Medium,1,False,0.5,1
3858,1,0.7692,0.9946,0.4333,1.0,0.9925,0.9989,0.0,0.9163,Hard,3,False,0.5,2
3859,1,0.92,1.0,1.0,1.0,0.8392,0.8374,0.0,0.9193,Hard,1,False,0.5,2
3860,0,0.4186,0.4214,0.3037,0.0524,0.015,0.0153,0.0,0.2265,Non-Duplicate,0,False,0.5,4
3861,0,0.5641,0.3695,0.3945,0.3584,0.0222,0.0251,0.0,0.2358,Non-Duplicate,0,False,0.5,4
3862,1,0.7547,0.9809,0.6027,1.0,0.95,0.9944,0.0,0.9154,Hard,3,False,0.5,2
3863,0,0.5,0.3744,0.4119,0.616,0.0089,0.009,0.0,0.2263,Non-Duplicate,2,False,0.5,4
3864,1,0.8889,1.0,1.0,1.0,0.9192,0.9329,0.0,0.9553,Easy,1,False,0.5,0
3865,0,0.439,0.3807,0.6461,0.326,0.0159,0.0179,0.0,0.2493,Non-Duplicate,0,False,0.5,4
3866,0,0.4865,0.4092,0.2973,0.9375,0.0162,0.0147,0.0,0.2286,Non-Duplicate,2,False,0.5,4
3867,1,0.7451,0.9739,1.0,1.0,0.9474,0.9934,0.0,0.9509,Medium,1,False,0.5,1
3868,0,0.5789,0.4161,0.2393,0.3995,0.0185,0.0196,0.0,0.236,Non-Duplicate,0,False,0.5,4
3869,0,0.4186,0.3037,0.6132,0.235,0.0136,0.0164,0.0,0.2162,Non-Duplicate,0,False,0.5,4
3870,1,0.7797,0.9898,0.4333,1.0,0.9686,0.9977,0.0,0.9094,Hard,3,False,0.5,2
3871,0,0.4444,0.46,0.1416,0.9274,0.0113,0.0131,0.0,0.2251,Non-Duplicate,2,False,0.5,4
3872,0,0.5,0.341,0.2123,0.2587,0.0135,0.0145,0.0,0.1969,Non-Duplicate,0,False,0.5,4
3873,0,0.5,0.4018,0.1735,0.3615,0.0237,0.0229,0.0,0.2185,Non-Duplicate,0,False,0.5,4
3874,0,0.4615,0.3438,0.5498,0.266,0.0117,0.0116,0.0,0.2267,Non-Duplicate,0,False,0.5,4
3875,0,0.4615,0.3113,0.3507,0.2633,0.0247,0.0287,0.0,0.2021,Non-Duplicate,0,False,0.5,4
3876,1,0.9302,1.0,1.0,1.0,0.9877,0.9989,0.0,0.9897,Easy,1,False,0.5,0
3877,0,0.4681,0.4304,0.3484,0.0479,0.0195,0.0213,0.0,0.2414,Non-Duplicate,0,False,0.5,4
3878,0,0.5,0.449,0.416,0.8954,0.0345,0.0332,0.0,0.264,Non-Duplicate,2,False,0.5,4
3879,0,0.5405,0.4205,0.205,0.4186,0.0168,0.0176,0.0,0.2295,Non-Duplicate,0,False,0.5,4
3880,1,0.8837,1.0,0.7078,1.0,0.9953,0.9957,0.0,0.9571,Easy,3,False,0.5,0
3881,0,0.4186,0.0827,0.4329,0.0126,0.0306,0.0288,0.0,0.1275,Non-Duplicate,0,False,0.5,4
3882,1,0.7308,1.0,0.4333,1.0,0.9971,0.9997,0.0,0.9156,Hard,3,False,0.5,2
3883,1,0.8966,0.9979,1.0,1.0,0.998,0.9987,0.0,0.9882,Easy,1,False,0.5,0
3884,0,0.4865,0.4488,0.153,0.7406,0.0188,0.0194,0.0,0.2296,Non-Duplicate,2,False,0.5,4
3885,0,0.5714,0.3636,0.3973,0.3093,0.0214,0.0214,0.0,0.2338,Non-Duplicate,0,False,0.5,4
3886,1,0.8889,1.0,1.0,1.0,0.988,0.9974,0.0,0.9854,Easy,1,False,0.5,0
3887,0,0.6818,0.8999,0.2982,0.5946,0.3629,0.3694,0.0,0.5776,Non-Duplicate,2,False,0.5,4
3888,1,0.7742,0.9974,0.4333,1.0,0.9974,0.9999,0.0,0.9192,Hard,3,False,0.5,2
3889,0,0.4865,0.4142,0.2297,0.9078,0.0137,0.0128,0.0,0.2226,Non-Duplicate,2,False,0.5,4
3890,1,0.7308,0.9811,0.6667,1.0,0.9566,0.9948,0.0,0.9212,Hard,3,False,0.5,2
3891,0,0.375,0.4465,0.3913,0.0495,0.0279,0.0275,0.0,0.2454,Non-Duplicate,0,False,0.5,4
3892,0,0.5641,0.3824,0.1658,0.3117,0.0262,0.0282,0.0,0.219,Non-Duplicate,0,False,0.5,4
3893,1,0.9268,1.0,0.2968,1.0,0.9887,0.9983,0.0,0.9192,Hard,3,False,0.5,2
3894,1,0.7692,0.9949,0.6667,1.0,0.984,0.998,0.0,0.9374,Medium,3,False,0.5,1
3895,0,0.6111,0.3636,0.6224,0.2929,0.0208,0.0219,0.0,0.2602,Non-Duplicate,0,False,0.5,4
3896,0,0.439,0.4103,0.1543,0.5904,0.0131,0.0105,0.0,0.2083,Non-Duplicate,2,False,0.5,4
3897,0,0.3929,0.325,0.3192,0.0161,0.0229,0.0219,0.0,0.1951,Non-Duplicate,0,False,0.5,4
3898,1,0.8511,1.0,0.6667,1.0,0.9603,0.959,0.0,0.9336,Medium,3,False,0.5,1
3899,0,0.5641,0.2944,0.2128,0.2349,0.0228,0.0231,0.0,0.191,Non-Duplicate,0,False,0.5,4
3900,0,0.8421,0.8425,0.295,0.9653,0.3664,0.3958,0.0,0.5793,Non-Duplicate,3,False,0.5,4
3901,1,0.9362,1.0,1.0,1.0,1.0,1.0,0.0,0.9936,Easy,1,False,0.5,0
3902,0,0.5128,0.284,0.1895,0.2265,0.0221,0.0248,0.0,0.1801,Non-Duplicate,0,False,0.5,4
3903,1,0.9268,0.9934,0.6667,1.0,0.9715,0.9966,0.0,0.9492,Medium,3,False,0.5,1
3904,1,0.8444,1.0,0.4333,1.0,0.989,0.9911,0.0,0.9232,Hard,3,False,0.5,2
3905,1,0.8696,1.0,0.4333,1.0,0.9778,0.9777,0.0,0.9203,Hard,3,False,0.5,2
3906,1,0.8444,0.9842,0.7589,1.0,0.9704,0.9868,0.0,0.9448,Medium,1,False,0.5,1
3907,0,0.4151,0.3862,0.5662,0.0198,0.0484,0.0571,0.0,0.2568,Non-Duplicate,0,False,0.5,4
3908,1,0.9508,0.9964,0.6667,1.0,0.9991,0.9989,0.0,0.96,Easy,3,False,0.5,0
3909,1,0.8889,1.0,0.7064,1.0,0.9665,0.9687,0.0,0.9449,Medium,3,False,0.5,1
3910,1,0.8444,1.0,0.6429,1.0,0.9845,0.9868,0.0,0.9422,Medium,3,False,0.5,1
3911,0,0.4,0.4043,0.2566,0.358,0.0211,0.0221,0.0,0.2168,Non-Duplicate,0,False,0.5,4
3912,0,0.6842,0.3778,0.5836,0.3021,0.0222,0.0224,0.0,0.269,Non-Duplicate,0,False,0.5,4
3913,0,0.4231,0.1823,0.3858,0.0176,0.0428,0.0442,0.0,0.1643,Non-Duplicate,0,False,0.5,4
3914,0,0.5,0.4652,0.4014,0.9121,0.0279,0.0314,0.0,0.2662,Non-Duplicate,2,False,0.5,4
3915,1,0.8511,1.0,0.6667,1.0,0.989,0.9934,0.0,0.9477,Medium,3,False,0.5,1
3916,1,0.9268,1.0,1.0,1.0,0.9281,0.9277,0.0,0.9603,Easy,1,False,0.5,0
3917,0,0.4615,0.3252,0.1653,0.2611,0.0237,0.0253,0.0,0.1875,Non-Duplicate,0,False,0.5,4
3918,1,0.8421,0.8968,0.6667,1.0,0.989,0.9992,0.0,0.9119,Hard,3,False,0.5,2
3919,0,0.5128,0.344,0.2685,0.3408,0.0203,0.0211,0.0,0.2078,Non-Duplicate,0,False,0.5,4
3920,1,0.8333,1.0,1.0,1.0,0.9596,0.9667,0.0,0.9666,Easy,1,False,0.5,0
3921,0,0.4545,0.2891,0.4242,0.0135,0.0377,0.0393,0.0,0.2064,Non-Duplicate,0,False,0.5,4
3922,1,0.8333,1.0,1.0,1.0,0.9748,0.9764,0.0,0.9723,Easy,1,False,0.5,0
3923,0,0.381,0.4421,0.6096,0.0516,0.0232,0.0122,0.0,0.262,Non-Duplicate,0,False,0.5,4
3924,0,0.4615,0.7943,0.2685,0.9213,0.3393,0.3465,0.0,0.5051,Non-Duplicate,2,False,0.5,4
3925,0,0.55,0.3522,0.3461,0.3007,0.0229,0.023,0.0,0.2232,Non-Duplicate,0,False,0.5,4
3926,1,0.8333,1.0,0.6858,1.0,0.9343,0.9379,0.0,0.9231,Hard,3,False,0.5,2
3927,0,0.5,0.3342,0.4922,0.2536,0.0142,0.0162,0.0,0.223,Non-Duplicate,0,False,0.5,4
3928,1,0.8511,1.0,1.0,1.0,1.0,1.0,0.0,0.9851,Easy,1,False,0.5,0
3929,1,0.8846,0.9751,0.8502,1.0,0.8809,0.898,0.0,0.9146,Hard,1,False,0.5,2
3930,1,0.8837,0.9985,0.9621,1.0,0.974,0.9766,0.0,0.9729,Easy,1,False,0.5,0
3931,0,0.4615,0.2966,0.4005,0.2541,0.0212,0.0199,0.0,0.1993,Non-Duplicate,0,False,0.5,4
3932,0,0.55,0.4072,0.3123,0.3603,0.0327,0.0353,0.0,0.244,Non-Duplicate,0,False,0.5,4
3933,0,0.5263,0.3877,0.3877,0.9497,0.0057,0.0065,0.0,0.2298,Non-Duplicate,2,False,0.5,4
3934,1,0.8,0.5168,0.389,1.0,0.988,0.9988,0.0,0.7466,Hard,3,False,0.5,2
3935,0,0.5641,0.3563,0.3941,0.3362,0.0281,0.0291,0.0,0.2334,Non-Duplicate,0,False,0.5,4
3936,0,0.4615,0.3536,0.3068,0.3527,0.0129,0.0139,0.0,0.2066,Non-Duplicate,0,False,0.5,4
3937,0,0.5556,0.3353,0.4137,0.2591,0.0158,0.0168,0.0,0.2216,Non-Duplicate,0,False,0.5,4
3938,1,0.7869,0.9616,0.7639,1.0,0.9355,0.9658,0.0,0.9187,Hard,1,False,0.5,2
3939,0,0.5128,0.3171,0.2123,0.2786,0.0262,0.0262,0.0,0.1953,Non-Duplicate,0,False,0.5,4
3940,0,0.55,0.7094,0.3986,0.8947,0.3023,0.3165,0.0,0.482,Non-Duplicate,2,False,0.5,4
3941,0,0.383,0.4562,0.4009,0.0536,0.0213,0.0231,0.0,0.248,Non-Duplicate,0,False,0.5,4
3942,1,0.76,1.0,0.7667,1.0,0.991,0.9991,0.0,0.9502,Medium,1,False,0.5,1
3943,1,0.7692,0.9742,0.5753,1.0,0.942,0.9644,0.0,0.9038,Hard,3,False,0.5,2
3944,1,0.8571,0.9846,0.7667,1.0,0.8813,0.8982,0.0,0.907,Hard,1,False,0.5,2
3945,1,0.8511,1.0,0.4333,1.0,0.9968,0.9999,0.0,0.9276,Hard,3,False,0.5,2
3946,0,0.5116,0.276,0.3228,0.1967,0.0257,0.0271,0.0,0.1919,Non-Duplicate,0,False,0.5,4
3947,0,0.4615,0.2661,0.2735,0.2093,0.0186,0.0211,0.0,0.1755,Non-Duplicate,0,False,0.5,4
3948,1,0.8511,1.0,0.6667,1.0,0.9603,0.9619,0.0,0.9342,Medium,3,False,0.5,1
3949,1,0.9057,0.9944,0.6667,1.0,1.0,1.0,0.0,0.9553,Medium,3,False,0.5,1
3950,1,0.8444,1.0,0.9658,1.0,0.9949,0.9992,0.0,0.9796,Easy,1,False,0.5,0
3951,0,0.5641,0.3606,0.3699,0.3307,0.0233,0.0245,0.0,0.2303,Non-Duplicate,0,False,0.5,4
3952,0,0.95,0.674,0.3205,0.8415,0.3872,0.4173,0.0,0.5432,Non-Duplicate,3,False,0.5,4
3953,0,0.381,0.3631,0.5831,0.0195,0.0256,0.0337,0.0,0.2366,Non-Duplicate,0,False,0.5,4
3954,0,0.4545,0.3842,0.1973,0.7205,0.0047,0.0024,0.0,0.2013,Non-Duplicate,2,False,0.5,4
3955,0,0.5128,0.4011,0.2744,0.3606,0.0393,0.0403,0.0,0.237,Non-Duplicate,0,False,0.5,4
3956,1,0.8889,0.9917,0.6667,1.0,0.9453,0.9619,0.0,0.9314,Hard,3,False,0.5,2
3957,0,0.4737,0.416,0.3708,0.8705,0.0199,0.0186,0.0,0.2387,Non-Duplicate,2,False,0.5,4
3958,0,0.6111,0.3383,0.6594,0.2517,0.0195,0.0186,0.0,0.2541,Non-Duplicate,0,False,0.5,4
3959,1,0.8462,1.0,1.0,1.0,0.9067,0.908,0.0,0.9429,Medium,1,False,0.5,1
3960,0,0.45,0.4034,0.279,0.3597,0.019,0.0199,0.0,0.2228,Non-Duplicate,0,False,0.5,4
3961,1,0.9268,1.0,0.7667,1.0,0.9943,0.9948,0.0,0.9669,Easy,1,False,0.5,0
3962,0,0.4878,0.4338,0.3685,0.7226,0.0149,0.0142,0.0,0.244,Non-Duplicate,2,False,0.5,4
3963,0,0.8,0.7747,0.4712,1.0,0.3053,0.3137,0.0,0.5374,Non-Duplicate,2,False,0.5,4
3964,1,0.9268,0.998,0.7667,1.0,0.9604,0.9827,0.0,0.9553,Easy,1,False,0.5,0
3965,0,0.4186,0.4059,0.1694,0.3837,0.0171,0.0176,0.0,0.2087,Non-Duplicate,0,False,0.5,4
3966,0,0.5,0.3884,0.2575,0.66,0.0053,0.0054,0.0,0.2141,Non-Duplicate,2,False,0.5,4
3967,1,0.8511,0.9962,0.5922,1.0,0.9757,0.989,0.0,0.9347,Medium,3,False,0.5,1
3968,1,0.8718,1.0,0.5781,1.0,0.9881,0.9932,0.0,0.9407,Medium,3,False,0.5,1
3969,0,0.4103,0.4359,0.3598,0.6378,0.0306,0.0283,0.0,0.2429,Non-Duplicate,2,False,0.5,4
3970,1,0.8889,1.0,0.4333,1.0,1.0,1.0,0.0,0.9322,Medium,3,False,0.5,1
3971,0,0.4737,0.3917,0.5123,0.7376,0.004,0.0054,0.0,0.2378,Non-Duplicate,2,False,0.5,4
3972,0,0.4615,0.4178,0.1785,0.4155,0.0233,0.0251,0.0,0.2211,Non-Duplicate,0,False,0.5,4
3973,1,0.7451,0.969,0.6667,1.0,0.9359,0.9635,0.0,0.907,Hard,3,False,0.5,2
3974,0,0.5238,0.3249,0.274,0.2553,0.0172,0.0168,0.0,0.2012,Non-Duplicate,0,False,0.5,4
3975,0,0.5714,0.4142,0.6247,0.396,0.0236,0.0254,0.0,0.2756,Non-Duplicate,0,False,0.5,4
3976,1,0.8571,1.0,0.6667,1.0,0.9851,0.9916,0.0,0.947,Medium,3,False,0.5,1
3977,0,0.5366,0.3935,0.3913,0.9938,0.0078,0.0082,0.0,0.2341,Non-Duplicate,2,False,0.5,4
3978,1,0.88,0.9986,0.7667,1.0,0.9967,0.9999,0.0,0.9633,Easy,1,False,0.5,0
3979,1,0.8837,1.0,0.7922,1.0,0.994,0.9995,0.0,0.966,Easy,1,False,0.5,0
3980,1,0.7547,0.9962,1.0,1.0,0.9932,0.999,0.0,0.9722,Easy,1,False,0.5,0
3981,0,0.6667,0.4033,0.5393,0.3647,0.0279,0.029,0.0,0.2745,Non-Duplicate,0,False,0.5,4
3982,1,0.8936,1.0,1.0,1.0,0.9545,0.9724,0.0,0.9725,Easy,1,False,0.5,0
3983,0,0.4889,0.4258,0.6091,0.0458,0.0243,0.0213,0.0,0.2691,Non-Duplicate,0,False,0.5,4
3984,0,0.4878,0.4575,0.205,0.8123,0.0265,0.0286,0.0,0.2417,Non-Duplicate,2,False,0.5,4
3985,1,0.8261,0.9899,0.6667,1.0,0.9737,0.994,0.0,0.938,Medium,3,False,0.5,1
3986,0,0.9,0.6246,0.6183,0.6824,0.25,0.2615,0.0,0.4852,Non-Duplicate,2,False,0.5,4
3987,1,0.8696,0.9873,0.5699,1.0,0.9554,0.989,0.0,0.9261,Hard,3,False,0.5,2
3988,1,0.8889,1.0,0.4247,1.0,0.9869,0.9923,0.0,0.9265,Hard,3,False,0.5,2
3989,1,0.8511,1.0,0.8055,1.0,0.9592,0.9638,0.0,0.9482,Medium,1,False,0.5,1
3990,1,0.8636,0.9843,0.6667,1.0,0.9717,0.9938,0.0,0.9392,Medium,3,False,0.5,1
3991,0,0.5263,0.4006,0.3758,0.7637,0.006,0.0083,0.0,0.2336,Non-Duplicate,2,False,0.5,4
3992,0,0.5128,0.2889,0.3233,0.2308,0.0158,0.0171,0.0,0.1921,Non-Duplicate,0,False,0.5,4
3993,1,0.7407,1.0,0.584,1.0,0.9569,0.9582,0.0,0.9133,Hard,3,False,0.5,2
3994,0,0.55,0.4382,0.258,0.7398,0.0241,0.0192,0.0,0.2441,Non-Duplicate,2,False,0.5,4
3995,0,0.4762,0.4394,0.3023,0.8133,0.0151,0.0167,0.0,0.2387,Non-Duplicate,2,False,0.5,4
3996,1,0.8889,0.9932,0.6667,1.0,0.951,0.9663,0.0,0.9342,Medium,3,False,0.5,1
3997,0,0.4651,0.3701,0.3594,0.3013,0.0184,0.0186,0.0,0.2203,Non-Duplicate,0,False,0.5,4
3998,1,0.898,1.0,0.2338,1.0,0.9889,0.9903,0.0,0.9085,Hard,3,False,0.5,2
3999,0,0.3922,0.09,0.2982,0.052,0.019,0.0119,0.0,0.1077,Non-Duplicate,0,False,0.5,4
4000,0,0.4878,0.4209,0.374,0.6611,0.0084,0.0079,0.0,0.2372,Non-Duplicate,2,False,0.5,4
4001,1,0.8333,1.0,0.9507,1.0,0.9584,0.9646,0.0,0.9609,Easy,1,False,0.5,0
4002,1,0.9123,0.9961,1.0,1.0,0.9992,0.9995,0.0,0.9896,Easy,1,False,0.5,0
4003,1,0.7636,0.9803,1.0,1.0,0.9531,0.9963,0.0,0.957,Easy,1,False,0.5,0
4004,1,0.9091,1.0,0.8091,1.0,0.9556,0.9555,0.0,0.9518,Medium,1,False,0.5,1
4005,1,0.8571,1.0,0.6667,1.0,0.983,0.9987,0.0,0.9479,Medium,3,False,0.5,1
4006,0,0.5128,0.2834,0.2685,0.2441,0.0176,0.0204,0.0,0.1858,Non-Duplicate,0,False,0.5,4
4007,0,0.6,0.3489,0.3123,0.2695,0.0174,0.0183,0.0,0.2214,Non-Duplicate,0,False,0.5,4
4008,0,0.5116,0.3759,0.1484,0.3075,0.0183,0.0197,0.0,0.2061,Non-Duplicate,0,False,0.5,4
4009,1,0.9057,0.9938,0.4333,1.0,0.9697,0.9914,0.0,0.9224,Hard,3,False,0.5,2
4010,1,0.7451,0.9979,0.6667,1.0,0.9613,0.9656,0.0,0.9239,Hard,3,False,0.5,2
4011,1,0.7857,1.0,0.5059,1.0,0.953,0.9548,0.0,0.9084,Hard,3,False,0.5,2
4012,0,0.5405,0.3966,0.6324,0.5986,0.0111,0.0121,0.0,0.2613,Non-Duplicate,2,False,0.5,4
4013,1,0.9057,1.0,1.0,1.0,0.9691,0.9697,0.0,0.9768,Easy,1,False,0.5,0
4014,0,0.4878,0.4236,0.2721,0.7451,0.0132,0.0134,0.0,0.2303,Non-Duplicate,2,False,0.5,4
4015,1,0.8302,1.0,0.7667,1.0,0.942,0.948,0.0,0.9348,Medium,1,False,0.5,1
4016,0,0.4615,0.3464,0.2721,0.3021,0.0243,0.0278,0.0,0.2062,Non-Duplicate,0,False,0.5,4
4017,0,0.55,0.4126,0.2671,0.3728,0.0316,0.0328,0.0,0.2406,Non-Duplicate,0,False,0.5,4
4018,1,0.7407,0.9531,1.0,1.0,0.9051,0.9334,0.0,0.9206,Hard,1,False,0.5,2
4019,1,0.8,0.9845,0.5826,1.0,0.9675,0.9984,0.0,0.9244,Hard,3,False,0.5,2
4020,0,0.3509,0.3547,0.6365,0.0162,0.0265,0.0315,0.0,0.2358,Non-Duplicate,0,False,0.5,4
4021,1,0.7451,0.9616,0.6667,1.0,0.9108,0.9589,0.0,0.8972,Hard,3,False,0.5,2
4022,1,0.8627,1.0,0.6653,1.0,0.9089,0.9392,0.0,0.9179,Hard,3,False,0.5,2
4023,0,0.4878,0.4463,0.4247,0.7016,0.02,0.0189,0.0,0.2562,Non-Duplicate,2,False,0.5,4
4024,1,0.8947,1.0,0.4333,1.0,0.9389,0.9489,0.0,0.9073,Hard,3,False,0.5,2
4025,0,0.3214,0.3357,0.3854,0.0548,0.0175,0.0077,0.0,0.1941,Non-Duplicate,0,False,0.5,4
4026,0,0.9,0.6699,0.2895,0.7926,0.3397,0.3747,0.0,0.5133,Non-Duplicate,2,False,0.5,4
4027,1,0.7879,0.9611,0.4333,1.0,0.9885,0.9989,0.0,0.9054,Hard,3,False,0.5,2
4028,0,0.5,0.3575,0.4027,0.2728,0.0219,0.024,0.0,0.2257,Non-Duplicate,0,False,0.5,4
4029,0,0.4186,0.4272,0.2932,0.6231,0.0122,0.0158,0.0,0.2269,Non-Duplicate,2,False,0.5,4
4030,0,0.5128,0.3552,0.4279,0.3279,0.025,0.0284,0.0,0.2303,Non-Duplicate,0,False,0.5,4
4031,1,0.8936,1.0,0.6667,1.0,1.0,1.0,0.0,0.956,Easy,3,False,0.5,0
4032,0,0.6809,0.7926,0.2507,0.9848,0.4093,0.4268,0.0,0.5582,Non-Duplicate,2,False,0.5,4
4033,1,0.8738,0.9987,0.6667,1.0,0.9982,1.0,0.0,0.9531,Medium,3,False,0.5,1
4034,1,0.8444,1.0,0.6493,1.0,0.9854,0.9979,0.0,0.9453,Medium,3,False,0.5,1
4035,0,0.4865,0.431,0.3658,0.9113,0.0063,0.0088,0.0,0.2394,Non-Duplicate,2,False,0.5,4
4036,0,0.5128,0.3545,0.3557,0.3153,0.0223,0.0219,0.0,0.2209,Non-Duplicate,0,False,0.5,4
4037,0,0.5128,0.3625,0.2922,0.3272,0.0288,0.0297,0.0,0.2205,Non-Duplicate,0,False,0.5,4
4038,1,0.7451,0.9679,0.6927,1.0,0.9409,0.9714,0.0,0.9121,Hard,3,False,0.5,2
4039,1,0.8636,0.5224,0.4005,1.0,0.9977,0.9991,0.0,0.7585,Hard,3,False,0.5,2
4040,1,0.8696,1.0,0.7667,1.0,1.0,1.0,0.0,0.9636,Easy,1,False,0.5,0
4041,1,0.9057,1.0,0.9685,1.0,0.9867,0.9939,0.0,0.9829,Easy,1,False,0.5,0
4042,0,0.5128,0.3319,0.3904,0.2915,0.0184,0.0194,0.0,0.215,Non-Duplicate,0,False,0.5,4
4043,0,0.5128,0.4307,0.3913,0.4286,0.0245,0.026,0.0,0.2525,Non-Duplicate,0,False,0.5,4
4044,1,0.8889,1.0,1.0,1.0,0.9753,0.9886,0.0,0.9804,Easy,1,False,0.5,0
4045,0,0.7692,0.2451,0.5671,0.9985,0.583,0.7212,0.0,0.5094,Non-Duplicate,2,False,0.5,4
4046,0,0.5366,0.6928,0.3927,0.8224,0.268,0.2816,0.0,0.4588,Non-Duplicate,2,False,0.5,4
4047,0,0.4762,0.4166,0.3073,0.5717,0.0287,0.0232,0.0,0.236,Non-Duplicate,2,False,0.5,4
4048,0,0.5128,0.3558,0.4411,0.3237,0.0257,0.0275,0.0,0.2319,Non-Duplicate,0,False,0.5,4
4049,1,0.8837,1.0,0.3406,1.0,0.9872,0.9947,0.0,0.9182,Hard,3,False,0.5,2
4050,0,0.3279,0.3106,0.3114,0.0166,0.0557,0.0602,0.0,0.1986,Non-Duplicate,0,False,0.5,4
4051,1,0.8837,1.0,0.6667,1.0,0.9866,0.986,0.0,0.9489,Medium,3,False,0.5,1
4052,1,0.7407,0.9947,0.4333,1.0,0.9783,0.9976,0.0,0.9097,Hard,3,False,0.5,2
4053,0,0.4651,0.317,0.5849,0.2405,0.0198,0.0209,0.0,0.2251,Non-Duplicate,0,False,0.5,4
4054,0,0.4762,0.3899,0.6032,0.6119,0.0088,0.0043,0.0,0.2475,Non-Duplicate,2,False,0.5,4
4055,0,0.4545,0.4505,0.6274,0.8983,0.0204,0.0219,0.0,0.2754,Non-Duplicate,2,False,0.5,4
4056,0,0.5714,0.4139,0.3219,0.3881,0.0223,0.0251,0.0,0.2448,Non-Duplicate,0,False,0.5,4
4057,1,0.8261,1.0,1.0,1.0,0.9632,0.9931,0.0,0.972,Easy,1,False,0.5,0
4058,1,0.9057,0.9939,0.7909,1.0,0.9995,0.9994,0.0,0.9673,Easy,1,False,0.5,0
4059,0,0.5,0.3462,0.2813,0.2778,0.023,0.023,0.0,0.2096,Non-Duplicate,0,False,0.5,4
4060,1,0.9302,1.0,1.0,1.0,0.9508,0.9514,0.0,0.971,Easy,1,False,0.5,0
4061,0,0.5128,0.3158,0.3457,0.284,0.0196,0.0209,0.0,0.2055,Non-Duplicate,0,False,0.5,4
4062,1,0.9268,1.0,0.7667,1.0,0.9984,0.9999,0.0,0.9689,Easy,1,False,0.5,0
4063,1,0.7451,0.9711,0.984,1.0,0.9325,0.9919,0.0,0.9443,Medium,1,False,0.5,1
4064,0,0.3922,0.4097,0.3776,0.046,0.0204,0.0217,0.0,0.2298,Non-Duplicate,0,False,0.5,4
4065,1,0.7407,0.9839,0.7667,1.0,0.9614,0.9841,0.0,0.9323,Medium,1,False,0.5,1
4066,1,0.8679,1.0,0.4333,1.0,0.981,0.9855,0.0,0.9225,Hard,3,False,0.5,2
4067,1,0.9268,1.0,0.6667,1.0,0.9841,0.9959,0.0,0.9546,Medium,3,False,0.5,1
4068,0,0.3279,0.242,0.3772,0.0112,0.0462,0.0548,0.0,0.1777,Non-Duplicate,0,False,0.5,4
4069,1,0.7308,1.0,0.6667,1.0,1.0,1.0,0.0,0.9397,Medium,3,False,0.5,1
4070,0,0.45,0.4174,0.6489,0.4056,0.0174,0.0195,0.0,0.2642,Non-Duplicate,0,False,0.5,4
4071,1,0.9302,1.0,0.6667,1.0,0.9902,0.9994,0.0,0.9571,Easy,3,False,0.5,0
4072,0,0.5556,0.3204,0.3639,0.2327,0.0164,0.0165,0.0,0.2115,Non-Duplicate,0,False,0.5,4
4073,0,0.4615,0.2779,0.158,0.2266,0.0149,0.015,0.0,0.1659,Non-Duplicate,0,False,0.5,4
4074,1,0.8636,1.0,1.0,1.0,0.9599,0.9569,0.0,0.9677,Easy,1,False,0.5,0
4075,0,0.5238,0.3057,0.5315,0.2371,0.0219,0.0229,0.0,0.2226,Non-Duplicate,0,False,0.5,4
4076,0,0.3636,0.3568,0.2265,0.2983,0.0194,0.0193,0.0,0.1926,Non-Duplicate,0,False,0.5,4
4077,1,0.8511,1.0,0.579,1.0,0.9862,0.9934,0.0,0.9382,Medium,3,False,0.5,1
4078,1,0.7308,0.9979,0.4817,1.0,0.9798,0.999,0.0,0.9153,Hard,3,False,0.5,2
4079,1,0.7308,0.996,0.6667,1.0,0.949,0.961,0.0,0.9178,Hard,3,False,0.5,2
4080,1,0.7308,1.0,0.4333,1.0,0.995,0.9999,0.0,0.9151,Hard,3,False,0.5,2
4081,0,0.4878,0.4387,0.3712,0.7217,0.0149,0.0179,0.0,0.2467,Non-Duplicate,2,False,0.5,4
4082,0,0.4103,0.4556,0.611,0.9018,0.0151,0.0143,0.0,0.2682,Non-Duplicate,2,False,0.5,4
4083,0,0.7273,0.6236,0.2461,0.915,0.196,0.2034,0.0,0.4053,Non-Duplicate,2,False,0.5,4
4084,1,0.8571,1.0,1.0,1.0,0.9749,0.9864,0.0,0.9767,Easy,1,False,0.5,0
4085,0,0.6111,0.4285,0.432,0.4152,0.0304,0.0309,0.0,0.2681,Non-Duplicate,0,False,0.5,4
4086,1,0.7234,0.9976,0.6667,1.0,0.9912,0.9975,0.0,0.9355,Medium,3,False,0.5,1
4087,1,0.9268,1.0,1.0,1.0,0.9629,0.9726,0.0,0.9779,Easy,1,False,0.5,0
4088,0,0.4878,0.401,0.342,0.3599,0.0197,0.0195,0.0,0.2322,Non-Duplicate,0,False,0.5,4
4089,0,0.55,0.3381,0.4068,0.2737,0.0216,0.0224,0.0,0.2239,Non-Duplicate,0,False,0.5,4
4090,0,0.5128,0.2821,0.3753,0.2296,0.0165,0.0186,0.0,0.1954,Non-Duplicate,0,False,0.5,4
4091,0,0.4615,0.3789,0.4046,0.3701,0.0241,0.0259,0.0,0.2304,Non-Duplicate,0,False,0.5,4
4092,0,0.5556,0.428,0.526,0.4166,0.0282,0.0306,0.0,0.2711,Non-Duplicate,0,False,0.5,4
4093,1,0.8261,0.9868,0.6484,1.0,0.9758,0.9958,0.0,0.9359,Medium,3,False,0.5,1
4094,1,0.7451,0.9971,0.4228,1.0,0.9828,0.9857,0.0,0.9086,Hard,3,False,0.5,2
4095,1,0.7547,0.9988,1.0,1.0,0.998,0.9997,0.0,0.9745,Easy,1,False,0.5,0
4096,1,0.7547,0.9758,0.3644,1.0,0.9356,0.9842,0.0,0.8842,Hard,3,False,0.5,2
4097,0,0.5,0.4551,0.5301,0.8172,0.0115,0.0133,0.0,0.2678,Non-Duplicate,2,False,0.5,4
4098,1,0.8444,1.0,1.0,1.0,0.9497,0.9692,0.0,0.9657,Easy,1,False,0.5,0
4099,0,0.55,0.4189,0.1977,0.3922,0.0264,0.0271,0.0,0.2334,Non-Duplicate,0,False,0.5,4
4100,1,0.8889,0.9984,0.6667,1.0,1.0,1.0,0.0,0.955,Medium,3,False,0.5,1
4101,1,0.8889,1.0,0.4333,1.0,0.9971,0.9998,0.0,0.9314,Hard,3,False,0.5,2
4102,0,0.7556,0.8038,0.289,0.75,0.4028,0.4202,0.0,0.5705,Non-Duplicate,2,False,0.5,4
4103,0,0.4615,0.2771,0.5671,0.228,0.0215,0.0215,0.0,0.2095,Non-Duplicate,0,False,0.5,4
4104,0,0.5128,0.2736,0.4041,0.2227,0.0172,0.0184,0.0,0.1954,Non-Duplicate,0,False,0.5,4
4105,0,0.4186,0.3784,0.3858,0.3378,0.0134,0.0132,0.0,0.2189,Non-Duplicate,0,False,0.5,4
4106,1,0.8889,0.9957,0.8776,1.0,1.0,1.0,0.0,0.9752,Easy,1,False,0.5,0
4107,0,0.5,0.4363,0.4073,0.695,0.0256,0.0278,0.0,0.2554,Non-Duplicate,2,False,0.5,4
4108,0,0.3929,0.3284,0.2393,0.0579,0.0168,0.0,0.0,0.1822,Non-Duplicate,0,False,0.5,4
4109,0,0.5641,0.3371,0.4215,0.3006,0.0223,0.0238,0.0,0.2269,Non-Duplicate,0,False,0.5,4
4110,1,0.9333,1.0,0.7667,1.0,0.9851,0.9916,0.0,0.9646,Easy,1,False,0.5,0
4111,1,0.8889,1.0,1.0,1.0,0.9934,0.9992,0.0,0.9871,Easy,1,False,0.5,0
4112,0,0.4651,0.4097,0.3342,0.3607,0.0205,0.0222,0.0,0.2329,Non-Duplicate,0,False,0.5,4
4113,0,0.5128,0.3712,0.5196,0.308,0.019,0.0194,0.0,0.2418,Non-Duplicate,0,False,0.5,4
4114,0,0.5366,0.4438,0.3548,0.6934,0.0163,0.0153,0.0,0.2516,Non-Duplicate,2,False,0.5,4
4115,1,0.7547,0.9709,0.489,1.0,0.9562,0.9938,0.0,0.902,Hard,3,False,0.5,2
4116,0,0.439,0.4402,0.3781,0.7134,0.0233,0.0229,0.0,0.2462,Non-Duplicate,2,False,0.5,4
4117,0,0.9,0.6766,0.332,0.7383,0.3517,0.3647,0.0,0.5209,Non-Duplicate,2,False,0.5,4
4118,0,0.4615,0.3882,0.2708,0.3791,0.0209,0.021,0.0,0.2185,Non-Duplicate,0,False,0.5,4
4119,0,0.6667,0.8356,0.2918,0.8654,0.3902,0.4016,0.0,0.5662,Non-Duplicate,2,False,0.5,4
4120,1,0.9091,1.0,0.6667,1.0,0.9426,0.9467,0.0,0.9326,Medium,3,False,0.5,1
4121,1,0.9048,1.0,0.4333,1.0,1.0,1.0,0.0,0.9338,Medium,3,False,0.5,1
4122,0,0.4444,0.4239,0.3169,0.7379,0.0103,0.006,0.0,0.2283,Non-Duplicate,2,False,0.5,4
4123,0,0.4186,0.4455,0.3137,0.7631,0.0146,0.017,0.0,0.2362,Non-Duplicate,2,False,0.5,4
4124,0,0.4878,0.7617,0.4164,0.9395,0.2472,0.2535,0.0,0.4695,Non-Duplicate,2,False,0.5,4
4125,1,0.7586,0.9768,0.6667,1.0,0.9543,0.9968,0.0,0.9223,Hard,3,False,0.5,2
4126,1,0.9123,0.9946,1.0,1.0,0.9994,0.9995,0.0,0.9891,Easy,1,False,0.5,0
4127,1,0.7451,0.9863,0.6667,1.0,0.9481,0.9935,0.0,0.9221,Hard,3,False,0.5,2
4128,0,0.5128,0.3062,0.2795,0.2469,0.0225,0.0251,0.0,0.197,Non-Duplicate,0,False,0.5,4
4129,1,0.9302,1.0,0.7667,1.0,0.9844,0.9881,0.0,0.9634,Easy,1,False,0.5,0
4130,1,0.8837,1.0,0.4333,1.0,0.9886,0.988,0.0,0.9264,Hard,3,False,0.5,2
4131,0,0.439,0.4531,0.1406,0.8659,0.0142,0.0195,0.0,0.224,Non-Duplicate,2,False,0.5,4
4132,1,0.9268,0.9901,1.0,1.0,0.995,0.9971,0.0,0.9874,Easy,1,False,0.5,0
4133,0,0.439,0.4403,0.6146,0.6498,0.0199,0.0221,0.0,0.2689,Non-Duplicate,2,False,0.5,4
4134,1,0.76,1.0,1.0,1.0,0.9816,0.9856,0.0,0.9685,Easy,1,False,0.5,0
4135,0,0.6111,0.3257,0.3594,0.2189,0.0242,0.0253,0.0,0.2222,Non-Duplicate,0,False,0.5,4
4136,0,0.5366,0.3894,0.4174,0.8268,0.0078,0.0075,0.0,0.2351,Non-Duplicate,2,False,0.5,4
4137,1,0.8889,1.0,1.0,1.0,0.9692,0.9906,0.0,0.9793,Easy,1,False,0.5,0
4138,1,0.7857,0.9809,0.6388,1.0,0.9737,0.9982,0.0,0.9288,Hard,3,False,0.5,2
4139,0,0.6111,0.3447,0.3635,0.2662,0.0139,0.0147,0.0,0.2245,Non-Duplicate,0,False,0.5,4
4140,0,0.4615,0.3506,0.411,0.3056,0.025,0.024,0.0,0.221,Non-Duplicate,0,False,0.5,4
4141,1,0.8571,1.0,0.6667,1.0,0.9512,0.9558,0.0,0.9313,Hard,3,False,0.5,2
4142,1,0.9268,1.0,0.4333,1.0,0.9864,0.9858,0.0,0.9298,Hard,3,False,0.5,2
4143,0,0.3582,0.342,0.5795,0.0172,0.0508,0.0555,0.0,0.2373,Non-Duplicate,0,False,0.5,4
4144,0,0.4444,0.1529,0.4192,0.0197,0.0238,0.0239,0.0,0.1506,Non-Duplicate,0,False,0.5,4
4145,1,0.9388,1.0,0.7667,1.0,0.9052,0.9079,0.0,0.9284,Hard,1,False,0.5,2
4146,0,0.4545,0.4505,0.2406,0.7003,0.0177,0.0175,0.0,0.2351,Non-Duplicate,2,False,0.5,4
4147,0,0.4545,0.3357,0.3078,0.2614,0.0157,0.0167,0.0,0.201,Non-Duplicate,0,False,0.5,4
4148,1,0.8511,0.9835,0.589,1.0,0.9716,0.9918,0.0,0.9295,Hard,3,False,0.5,2
4149,1,0.9691,0.998,0.3941,1.0,0.9988,0.9998,0.0,0.9353,Medium,3,False,0.5,1
4150,1,0.7451,0.9982,1.0,1.0,0.9897,0.9991,0.0,0.9711,Easy,1,False,0.5,0
4151,0,0.5714,0.3675,0.2502,0.3127,0.0176,0.017,0.0,0.2186,Non-Duplicate,0,False,0.5,4
4152,0,0.4878,0.372,0.3434,0.8213,0.0092,0.0106,0.0,0.2177,Non-Duplicate,2,False,0.5,4
4153,1,0.8511,1.0,0.6667,1.0,0.9778,0.9937,0.0,0.945,Medium,3,False,0.5,1
4154,0,0.6,0.4356,0.2237,0.8172,0.0153,0.0162,0.0,0.2419,Non-Duplicate,2,False,0.5,4
4155,0,0.4091,0.3861,0.6648,0.2997,0.026,0.0285,0.0,0.2547,Non-Duplicate,0,False,0.5,4
4156,1,0.7308,0.997,0.5511,1.0,0.9591,0.983,0.0,0.9135,Hard,3,False,0.5,2
4157,0,0.6316,0.357,0.3315,0.2949,0.0187,0.0208,0.0,0.2301,Non-Duplicate,0,False,0.5,4
4158,0,0.45,0.4016,0.5447,0.3683,0.0267,0.0335,0.0,0.2534,Non-Duplicate,0,False,0.5,4
4159,1,0.7451,0.9973,0.6288,1.0,0.9879,0.9995,0.0,0.9333,Medium,3,False,0.5,1
4160,1,0.75,1.0,0.8279,1.0,0.9648,0.9638,0.0,0.9417,Medium,1,False,0.5,1
4161,1,0.7308,0.9987,1.0,1.0,0.9671,0.9721,0.0,0.9588,Easy,1,False,0.5,0
4162,0,0.3529,0.4643,0.6046,0.049,0.029,0.034,0.0,0.2723,Non-Duplicate,0,False,0.5,4
4163,1,0.7451,0.9984,1.0,1.0,0.9911,0.9952,0.0,0.9708,Easy,1,False,0.5,0
4164,0,0.4444,0.4623,0.3502,0.8839,0.0276,0.029,0.0,0.254,Non-Duplicate,2,False,0.5,4
4165,1,0.8621,1.0,0.5114,1.0,0.9823,0.9913,0.0,0.9312,Hard,3,False,0.5,2
4166,1,0.9268,1.0,0.5014,1.0,0.9953,0.9999,0.0,0.9416,Medium,3,False,0.5,1
4167,0,0.3922,0.0916,0.3566,0.0489,0.0156,0.0208,0.0,0.115,Non-Duplicate,0,False,0.5,4
4168,1,0.875,1.0,0.6667,1.0,0.9942,0.9974,0.0,0.9522,Medium,3,False,0.5,1
4169,1,0.7869,1.0,0.6667,1.0,0.9901,0.9989,0.0,0.9427,Medium,3,False,0.5,1
4170,0,0.5789,0.7543,0.3744,0.7226,0.3438,0.3524,0.0,0.5158,Non-Duplicate,2,False,0.5,4
4171,1,0.76,0.9681,0.6667,1.0,0.9261,0.9632,0.0,0.9056,Hard,3,False,0.5,2
4172,0,0.4737,0.428,0.5393,0.8965,0.0084,0.008,0.0,0.2548,Non-Duplicate,2,False,0.5,4
4173,0,0.5128,0.2907,0.3808,0.2168,0.0216,0.0239,0.0,0.2013,Non-Duplicate,0,False,0.5,4
4174,1,0.8261,0.9933,0.7667,1.0,0.9761,0.9963,0.0,0.9502,Medium,1,False,0.5,1
4175,1,0.7308,1.0,0.7667,1.0,0.9791,0.9776,0.0,0.94,Medium,1,False,0.5,1
4176,1,0.8511,1.0,1.0,1.0,0.9634,0.9949,0.0,0.9749,Easy,1,False,0.5,0
4177,0,0.5405,0.4134,0.3712,0.4058,0.0204,0.0217,0.0,0.2453,Non-Duplicate,0,False,0.5,4
4178,1,0.7692,0.997,0.6667,1.0,0.9844,0.9991,0.0,0.9385,Medium,3,False,0.5,1
4179,0,0.5128,0.3786,0.3703,0.3097,0.0212,0.0214,0.0,0.2304,Non-Duplicate,0,False,0.5,4
4180,0,0.3333,0.4298,0.6621,0.0497,0.0178,0.0227,0.0,0.259,Non-Duplicate,0,False,0.5,4
4181,1,0.8444,1.0,1.0,1.0,0.99,0.9925,0.0,0.9804,Easy,1,False,0.5,0
4182,1,0.9057,0.9698,0.6667,1.0,0.9486,0.9661,0.0,0.927,Hard,3,False,0.5,2
4183,1,0.8837,1.0,1.0,1.0,0.9948,0.9991,0.0,0.9869,Easy,1,False,0.5,0
4184,0,0.5641,0.325,0.1566,0.2844,0.0239,0.0257,0.0,0.1969,Non-Duplicate,0,False,0.5,4
4185,0,0.4865,0.435,0.6374,0.6657,0.012,0.0095,0.0,0.2695,Non-Duplicate,2,False,0.5,4
4186,1,0.9057,1.0,0.6543,1.0,0.9708,0.9741,0.0,0.9435,Medium,3,False,0.5,1
4187,1,0.7451,0.9629,0.6667,1.0,0.9394,0.9858,0.0,0.9102,Hard,3,False,0.5,2
4188,0,0.4737,0.3868,0.3927,0.6199,0.0068,0.0074,0.0,0.2252,Non-Duplicate,2,False,0.5,4
4189,1,0.8889,1.0,1.0,1.0,0.9774,0.9962,0.0,0.9825,Easy,1,False,0.5,0
4190,0,0.5263,0.4495,0.4123,0.8348,0.0159,0.014,0.0,0.258,Non-Duplicate,2,False,0.5,4
4191,1,0.8085,1.0,0.3813,1.0,0.9584,0.9689,0.0,0.9024,Hard,3,False,0.5,2
4192,1,0.9333,1.0,0.5274,1.0,0.9348,0.9336,0.0,0.9165,Hard,3,False,0.5,2
4193,0,0.95,0.7353,0.3886,0.9011,0.4046,0.4237,0.0,0.5771,Non-Duplicate,3,False,0.5,4
4194,0,0.3793,0.2906,0.2306,0.0144,0.0533,0.062,0.0,0.1885,Non-Duplicate,0,False,0.5,4
4195,0,0.5641,0.3362,0.3009,0.2988,0.0161,0.0175,0.0,0.2117,Non-Duplicate,0,False,0.5,4
4196,1,0.8889,1.0,0.4333,1.0,0.9485,0.9491,0.0,0.9092,Hard,3,False,0.5,2
4197,0,0.5128,0.3303,0.2352,0.2976,0.0166,0.0179,0.0,0.1981,Non-Duplicate,0,False,0.5,4
4198,1,0.9057,1.0,0.7667,1.0,0.9511,0.9526,0.0,0.9455,Medium,1,False,0.5,1
4199,1,0.8889,1.0,1.0,1.0,0.9674,0.9671,0.0,0.9742,Easy,1,False,0.5,0
4200,1,0.7308,0.9589,1.0,1.0,0.922,0.9588,0.0,0.931,Hard,1,False,0.5,2
4201,1,0.8696,0.9704,0.4333,1.0,0.9341,0.9517,0.0,0.8938,Hard,3,False,0.5,2
4202,0,0.5641,0.3148,0.5183,0.2678,0.024,0.0265,0.0,0.2297,Non-Duplicate,0,False,0.5,4
4203,1,0.7547,0.9946,0.6237,1.0,0.9825,0.999,0.0,0.9314,Hard,3,False,0.5,2
4204,0,0.5128,0.3894,0.4178,0.3026,0.026,0.0266,0.0,0.2412,Non-Duplicate,0,False,0.5,4
4205,0,0.4878,0.4466,0.4324,0.9472,0.0166,0.0157,0.0,0.2556,Non-Duplicate,2,False,0.5,4
4206,0,0.4091,0.4375,0.2813,0.9225,0.0199,0.0206,0.0,0.2313,Non-Duplicate,2,False,0.5,4
4207,0,0.6667,0.8282,0.2411,0.9772,0.4729,0.4912,0.0,0.5971,Non-Duplicate,2,False,0.5,4
4208,0,0.5,0.447,0.3055,0.7782,0.0199,0.0205,0.0,0.2461,Non-Duplicate,2,False,0.5,4
4209,0,0.4615,0.3995,0.3758,0.3464,0.0227,0.0237,0.0,0.2339,Non-Duplicate,0,False,0.5,4
4210,1,0.7451,0.9672,0.4333,1.0,0.9435,0.9714,0.0,0.8865,Hard,3,False,0.5,2
4211,0,0.6,0.3831,0.3945,0.2865,0.0312,0.0322,0.0,0.2478,Non-Duplicate,0,False,0.5,4
4212,0,0.3929,0.4089,0.2854,0.0534,0.0224,0.0312,0.0,0.2228,Non-Duplicate,0,False,0.5,4
4213,0,0.4103,0.4094,0.2128,0.7333,0.0105,0.0109,0.0,0.2104,Non-Duplicate,2,False,0.5,4
4214,0,0.5641,0.3129,0.526,0.23,0.0146,0.0145,0.0,0.2251,Non-Duplicate,0,False,0.5,4
4215,0,0.5128,0.2801,0.3616,0.2073,0.0187,0.0202,0.0,0.1942,Non-Duplicate,0,False,0.5,4
4216,1,0.7308,0.9961,0.6667,1.0,0.976,0.9988,0.0,0.9321,Medium,3,False,0.5,1
4217,0,0.6977,0.8317,0.3402,0.7707,0.348,0.3549,0.0,0.5529,Non-Duplicate,2,False,0.5,4
4218,0,0.3478,0.3867,0.3324,0.0204,0.0377,0.0456,0.0,0.2219,Non-Duplicate,0,False,0.5,4
4219,0,0.5128,0.2922,0.3338,0.248,0.0195,0.0205,0.0,0.1959,Non-Duplicate,0,False,0.5,4
4220,1,0.7407,0.9667,0.9872,1.0,0.9236,0.9826,0.0,0.9386,Medium,1,False,0.5,1
4221,0,0.4651,0.4299,0.3087,0.4069,0.0235,0.0251,0.0,0.2388,Non-Duplicate,0,False,0.5,4
4222,1,0.7742,1.0,0.7667,1.0,1.0,1.0,0.0,0.9541,Medium,1,False,0.5,1
4223,1,0.8065,1.0,0.9183,1.0,1.0,1.0,0.0,0.9725,Easy,1,False,0.5,0
4224,0,0.5128,0.3187,0.3676,0.2961,0.0146,0.0153,0.0,0.2063,Non-Duplicate,0,False,0.5,4
4225,1,0.8444,0.9911,0.4292,1.0,0.9846,0.9988,0.0,0.9202,Hard,3,False,0.5,2
4226,0,0.619,0.2975,0.3356,0.2288,0.0227,0.0237,0.0,0.21,Non-Duplicate,0,False,0.5,4
4227,0,0.4082,0.3003,0.263,0.0139,0.0415,0.0476,0.0,0.1921,Non-Duplicate,0,False,0.5,4
4228,0,0.4651,0.4226,0.2973,0.0519,0.018,0.0198,0.0,0.2326,Non-Duplicate,0,False,0.5,4
4229,0,0.6,0.3846,0.5753,0.2985,0.029,0.0322,0.0,0.2659,Non-Duplicate,0,False,0.5,4
4230,0,0.4651,0.4265,0.6137,0.4368,0.0163,0.0162,0.0,0.2645,Non-Duplicate,0,False,0.5,4
4231,1,0.8636,0.9874,1.0,1.0,0.9237,0.9617,0.0,0.9552,Medium,1,False,0.5,1
4232,0,0.4186,0.3502,0.3283,0.3112,0.0231,0.0262,0.0,0.2083,Non-Duplicate,0,False,0.5,4
4233,1,0.8889,0.9939,0.9968,1.0,0.9539,0.9689,0.0,0.9687,Easy,1,False,0.5,0
4234,0,0.5128,0.371,0.2525,0.3034,0.0224,0.0234,0.0,0.2167,Non-Duplicate,0,False,0.5,4
4235,0,0.4615,0.3395,0.6365,0.3121,0.0209,0.0224,0.0,0.2383,Non-Duplicate,0,False,0.5,4
4236,1,0.7547,1.0,0.6667,1.0,0.946,0.9431,0.0,0.9173,Hard,3,False,0.5,2
4237,0,0.4103,0.47,0.347,0.8344,0.0225,0.0222,0.0,0.2503,Non-Duplicate,2,False,0.5,4
4238,0,0.3929,0.4086,0.4183,0.047,0.0216,0.0242,0.0,0.2344,Non-Duplicate,0,False,0.5,4
4239,0,0.439,0.4172,0.6616,0.5669,0.0144,0.0137,0.0,0.2624,Non-Duplicate,2,False,0.5,4
4240,0,0.5128,0.3856,0.5443,0.3276,0.0188,0.0196,0.0,0.2493,Non-Duplicate,0,False,0.5,4
4241,0,0.4615,0.3585,0.1621,0.3352,0.022,0.024,0.0,0.1982,Non-Duplicate,0,False,0.5,4
4242,1,0.8837,0.9738,0.5767,1.0,0.917,0.9541,0.0,0.907,Hard,3,False,0.5,2
4243,1,0.8889,1.0,0.8648,1.0,0.9563,0.9564,0.0,0.9557,Easy,1,False,0.5,0
4244,1,0.8293,0.9956,0.4333,1.0,0.986,0.9991,0.0,0.921,Hard,3,False,0.5,2
4245,1,0.9268,1.0,1.0,1.0,0.9911,0.9992,0.0,0.9903,Easy,1,False,0.5,0
4246,1,0.7451,0.9643,1.0,1.0,0.918,0.961,0.0,0.9337,Medium,1,False,0.5,1
4247,0,0.4651,0.4285,0.4059,0.9302,0.0165,0.0143,0.0,0.244,Non-Duplicate,2,False,0.5,4
4248,0,0.5,0.3926,0.5594,0.5368,0.0095,0.0066,0.0,0.2471,Non-Duplicate,0,False,0.5,4
4249,0,0.5128,0.3527,0.3224,0.364,0.0185,0.0178,0.0,0.2151,Non-Duplicate,0,False,0.5,4
4250,1,0.8889,1.0,1.0,1.0,0.99,0.9995,0.0,0.9863,Easy,1,False,0.5,0
4251,0,0.4103,0.3909,0.2548,0.7637,0.0073,0.0062,0.0,0.2064,Non-Duplicate,2,False,0.5,4
4252,1,0.7234,0.9958,0.9292,1.0,0.9863,0.9991,0.0,0.9602,Easy,1,False,0.5,0
4253,0,0.4151,0.1498,0.5909,0.0198,0.0322,0.0319,0.0,0.1674,Non-Duplicate,0,False,0.5,4
4254,0,0.5128,0.3933,0.216,0.3913,0.0292,0.031,0.0,0.224,Non-Duplicate,0,False,0.5,4
4255,0,0.5641,0.3742,0.5781,0.3226,0.019,0.0228,0.0,0.2545,Non-Duplicate,0,False,0.5,4
4256,0,0.95,0.6637,0.4169,0.8927,0.2712,0.2878,0.0,0.4943,Non-Duplicate,2,False,0.5,4
4257,0,0.5128,0.3693,0.3968,0.3122,0.0302,0.0311,0.0,0.234,Non-Duplicate,0,False,0.5,4
4258,0,0.5128,0.3111,0.6548,0.2414,0.0244,0.0263,0.0,0.237,Non-Duplicate,0,False,0.5,4
4259,1,0.7451,0.992,0.4333,1.0,0.9353,0.9967,0.0,0.8982,Hard,3,False,0.5,2
4260,0,0.4878,0.4209,0.5516,0.9882,0.009,0.0069,0.0,0.2549,Non-Duplicate,2,False,0.5,4
4261,1,0.8571,1.0,0.4913,1.0,0.9579,0.9614,0.0,0.9166,Hard,3,False,0.5,2
4262,0,0.3125,0.2579,0.3744,0.0131,0.0136,0.0142,0.0,0.1652,Non-Duplicate,0,False,0.5,4
4263,0,0.4878,0.4204,0.2785,0.3976,0.02,0.0205,0.0,0.2329,Non-Duplicate,0,False,0.5,4
4264,1,0.8837,1.0,0.6041,1.0,0.9473,0.9465,0.0,0.9249,Hard,3,False,0.5,2
4265,0,0.5,0.363,0.3247,0.3291,0.0272,0.0284,0.0,0.222,Non-Duplicate,0,False,0.5,4
4266,0,0.5128,0.3281,0.5521,0.3008,0.0191,0.0196,0.0,0.23,Non-Duplicate,0,False,0.5,4
4267,1,0.7308,1.0,0.6667,1.0,0.9957,0.997,0.0,0.9381,Medium,3,False,0.5,1
4268,0,0.5128,0.3353,0.2721,0.2233,0.0239,0.0242,0.0,0.2067,Non-Duplicate,0,False,0.5,4
4269,1,0.9057,1.0,1.0,1.0,1.0,1.0,0.0,0.9906,Easy,1,False,0.5,0
4270,1,0.8333,1.0,0.5037,1.0,0.9677,0.97,0.0,0.9196,Hard,3,False,0.5,2
4271,0,0.3571,0.2854,0.4699,0.0161,0.0287,0.0124,0.0,0.1922,Non-Duplicate,0,False,0.5,4
4272,1,0.7451,0.993,0.9767,1.0,0.9609,0.9736,0.0,0.9547,Medium,1,False,0.5,1
4273,0,0.5128,0.2945,0.3434,0.2493,0.0241,0.0254,0.0,0.1998,Non-Duplicate,0,False,0.5,4
4274,0,0.4651,0.3823,0.2986,0.3414,0.016,0.0172,0.0,0.2176,Non-Duplicate,0,False,0.5,4
4275,1,0.7547,0.9921,1.0,1.0,0.9728,0.9962,0.0,0.9651,Easy,1,False,0.5,0
4276,1,0.7308,0.9725,1.0,1.0,0.9044,0.9873,0.0,0.937,Medium,1,False,0.5,1
4277,0,0.6818,0.8306,0.4142,0.7977,0.4064,0.42,0.0,0.5859,Non-Duplicate,2,False,0.5,4
4278,1,0.9268,1.0,0.6484,1.0,0.9963,0.9995,0.0,0.9565,Easy,3,False,0.5,0
4279,0,0.4651,0.3603,0.368,0.2908,0.0221,0.0234,0.0,0.2196,Non-Duplicate,0,False,0.5,4
4280,1,0.7547,1.0,0.3735,1.0,0.9965,0.9995,0.0,0.9118,Hard,3,False,0.5,2
4281,1,0.7742,0.975,0.7667,1.0,0.9656,0.9913,0.0,0.935,Medium,1,False,0.5,1
4282,1,0.8837,1.0,0.6667,1.0,0.9873,0.9865,0.0,0.9492,Medium,3,False,0.5,1
4283,0,0.4865,0.4197,0.3817,0.904,0.0116,0.0127,0.0,0.2392,Non-Duplicate,2,False,0.5,4
4284,0,0.3913,0.2805,0.347,0.0128,0.0555,0.0632,0.0,0.1985,Non-Duplicate,0,False,0.5,4
4285,1,0.8889,0.9986,0.4333,1.0,0.9859,0.9979,0.0,0.9278,Hard,3,False,0.5,2
4286,0,0.6316,0.4132,0.3877,0.3874,0.0257,0.0258,0.0,0.2581,Non-Duplicate,0,False,0.5,4
4287,0,0.4186,0.3604,0.3995,0.3029,0.0174,0.0186,0.0,0.216,Non-Duplicate,0,False,0.5,4
4288,1,0.902,1.0,1.0,1.0,0.994,0.9999,0.0,0.9887,Easy,1,False,0.5,0
4289,0,0.5405,0.419,0.3735,0.9309,0.0082,0.0072,0.0,0.2415,Non-Duplicate,2,False,0.5,4
4290,0,0.4737,0.4403,0.4201,0.7377,0.013,0.0136,0.0,0.2495,Non-Duplicate,2,False,0.5,4
4291,0,0.5116,0.2864,0.3306,0.2127,0.0258,0.0281,0.0,0.1965,Non-Duplicate,0,False,0.5,4
4292,0,0.5128,0.3317,0.3854,0.2832,0.0196,0.021,0.0,0.215,Non-Duplicate,0,False,0.5,4
4293,0,0.4615,0.3114,0.279,0.2661,0.0198,0.0216,0.0,0.1923,Non-Duplicate,0,False,0.5,4
4294,0,0.4651,0.394,0.358,0.3654,0.0172,0.0183,0.0,0.2282,Non-Duplicate,0,False,0.5,4
4295,1,0.8511,1.0,0.6475,1.0,0.9612,0.9618,0.0,0.9325,Medium,3,False,0.5,1
4296,0,0.4615,0.3141,0.3612,0.256,0.0173,0.0172,0.0,0.2,Non-Duplicate,0,False,0.5,4
4297,0,0.5405,0.3497,0.3872,0.2917,0.0144,0.0135,0.0,0.2215,Non-Duplicate,0,False,0.5,4
4298,1,0.8837,0.9757,0.4333,1.0,0.9488,0.9706,0.0,0.9045,Hard,3,False,0.5,2
4299,1,0.7308,0.9793,0.6667,1.0,0.9453,0.9941,0.0,0.9176,Hard,3,False,0.5,2
4300,0,0.5128,0.2734,0.4265,0.2131,0.0162,0.015,0.0,0.1967,Non-Duplicate,0,False,0.5,4
4301,0,0.5128,0.3154,0.9196,0.2668,0.0213,0.0245,0.0,0.2639,Non-Duplicate,0,False,0.5,4
4302,0,0.4444,0.4396,0.363,0.7003,0.0141,0.0137,0.0,0.2409,Non-Duplicate,2,False,0.5,4
4303,0,0.4878,0.4146,0.6516,0.716,0.0136,0.0175,0.0,0.2659,Non-Duplicate,2,False,0.5,4
4304,1,0.7869,1.0,0.4333,1.0,0.937,0.9382,0.0,0.8939,Hard,3,False,0.5,2
4305,1,0.8889,1.0,0.6667,1.0,0.9486,0.9472,0.0,0.9321,Medium,3,False,0.5,1
4306,0,0.4762,0.4366,0.3881,0.8497,0.0157,0.0162,0.0,0.2464,Non-Duplicate,2,False,0.5,4
4307,1,0.8837,1.0,1.0,1.0,0.9803,0.9853,0.0,0.9805,Easy,1,False,0.5,0
4308,1,0.7308,0.9668,0.2667,1.0,0.9266,0.9909,0.0,0.868,Hard,3,False,0.5,2
4309,1,0.9302,1.0,1.0,1.0,1.0,1.0,0.0,0.993,Easy,1,False,0.5,0
4310,0,0.5,0.3808,0.2575,0.3395,0.0283,0.0286,0.0,0.2218,Non-Duplicate,0,False,0.5,4
4311,0,0.5946,0.4142,0.2831,0.3668,0.0201,0.0204,0.0,0.2418,Non-Duplicate,0,False,0.5,4
4312,0,0.5641,0.3416,0.4187,0.2268,0.0199,0.0213,0.0,0.2271,Non-Duplicate,0,False,0.5,4
4313,0,0.5641,0.2786,0.2735,0.2105,0.0205,0.022,0.0,0.1908,Non-Duplicate,0,False,0.5,4
4314,1,0.8947,1.0,1.0,1.0,0.9812,0.9971,0.0,0.9842,Easy,1,False,0.5,0
4315,1,0.9302,0.9749,0.5804,1.0,0.9482,0.9645,0.0,0.9222,Hard,3,False,0.5,2
4316,1,0.8511,0.9824,0.4105,1.0,0.9548,0.9761,0.0,0.9039,Hard,3,False,0.5,2
4317,0,0.5128,0.3695,0.6242,0.3841,0.0165,0.0184,0.0,0.2508,Non-Duplicate,0,False,0.5,4
4318,0,0.5556,0.3331,0.6352,0.255,0.0166,0.018,0.0,0.2434,Non-Duplicate,0,False,0.5,4
4319,1,0.7407,0.9715,0.4333,1.0,0.9289,0.9641,0.0,0.8825,Hard,3,False,0.5,2
4320,1,0.8444,0.9982,0.6667,1.0,0.9911,0.9957,0.0,0.9474,Medium,3,False,0.5,1
4321,0,0.3582,0.3807,0.3785,0.0487,0.0208,0.0242,0.0,0.217,Non-Duplicate,0,False,0.5,4
4322,1,0.9268,1.0,1.0,1.0,0.9919,0.9959,0.0,0.9898,Easy,1,False,0.5,0
4323,1,0.9552,0.9988,0.5849,1.0,0.9999,1.0,0.0,0.9536,Medium,3,False,0.5,1
4324,1,0.8889,1.0,1.0,1.0,0.991,0.9996,0.0,0.9866,Easy,1,False,0.5,0
4325,1,0.9302,1.0,0.6466,1.0,0.9894,0.996,0.0,0.9542,Medium,3,False,0.5,1
4326,1,0.8444,0.9973,0.6667,1.0,1.0,1.0,0.0,0.9502,Medium,3,False,0.5,1
4327,1,0.8333,1.0,0.4333,1.0,0.9791,0.9863,0.0,0.9187,Hard,3,False,0.5,2
4328,1,0.8444,0.9859,0.4333,1.0,0.972,0.9807,0.0,0.912,Hard,3,False,0.5,2
4329,0,0.6,0.4038,0.4868,0.3689,0.0307,0.0324,0.0,0.2642,Non-Duplicate,0,False,0.5,4
4330,0,0.3582,0.382,0.2753,0.0464,0.0294,0.0308,0.0,0.2106,Non-Duplicate,0,False,0.5,4
4331,1,0.9333,1.0,0.6667,1.0,0.9983,0.9999,0.0,0.9596,Easy,3,False,0.5,0
4332,1,0.7308,0.9963,0.6667,1.0,0.9861,0.9993,0.0,0.9348,Medium,3,False,0.5,1
4333,0,0.5,0.3989,0.395,0.3616,0.0325,0.0349,0.0,0.2442,Non-Duplicate,0,False,0.5,4
4334,1,0.7586,0.995,1.0,1.0,0.9651,0.9963,0.0,0.9647,Easy,1,False,0.5,0
4335,0,0.5116,0.4067,0.4151,0.3999,0.021,0.0204,0.0,0.2443,Non-Duplicate,0,False,0.5,4
4336,0,0.4615,0.2783,0.4046,0.2233,0.0126,0.0136,0.0,0.1899,Non-Duplicate,0,False,0.5,4
4337,0,0.4091,0.378,0.4575,0.295,0.0251,0.0262,0.0,0.2305,Non-Duplicate,0,False,0.5,4
4338,1,0.7407,0.9909,1.0,1.0,0.9573,0.9929,0.0,0.9588,Easy,1,False,0.5,0
4339,0,0.4615,0.3215,0.3932,0.2138,0.0204,0.021,0.0,0.2073,Non-Duplicate,0,False,0.5,4
4340,0,0.4615,0.2473,0.416,0.1809,0.018,0.02,0.0,0.1828,Non-Duplicate,0,False,0.5,4
4341,0,0.3529,0.2206,0.2406,0.0105,0.0352,0.0418,0.0,0.1537,Non-Duplicate,0,False,0.5,4
4342,0,0.5128,0.3641,0.1776,0.3193,0.0214,0.022,0.0,0.2062,Non-Duplicate,0,False,0.5,4
4343,0,0.5128,0.314,0.2795,0.2621,0.0302,0.0324,0.0,0.2032,Non-Duplicate,0,False,0.5,4
4344,0,0.4615,0.3037,0.3146,0.2529,0.0253,0.0257,0.0,0.1954,Non-Duplicate,0,False,0.5,4
4345,1,0.8889,1.0,0.5315,1.0,0.9766,0.9791,0.0,0.932,Medium,3,False,0.5,1
4346,1,0.9362,0.9707,0.6872,1.0,0.9751,0.9852,0.0,0.9429,Medium,3,False,0.5,1
4347,1,0.7778,0.974,1.0,1.0,0.8836,0.9227,0.0,0.9241,Hard,1,False,0.5,2
4348,1,0.9268,0.988,0.7667,1.0,0.9845,0.9848,0.0,0.9583,Easy,1,False,0.5,0
4349,0,0.4,0.3466,0.211,0.2682,0.0282,0.0296,0.0,0.1954,Non-Duplicate,0,False,0.5,4
4350,1,0.84,1.0,0.6667,1.0,0.9752,0.9778,0.0,0.94,Medium,3,False,0.5,1
4351,0,0.5,0.3733,0.3881,0.3138,0.0257,0.0273,0.0,0.2314,Non-Duplicate,0,False,0.5,4
4352,0,0.4762,0.9339,0.2817,0.7883,0.4227,0.4385,0.0,0.596,Non-Duplicate,2,False,0.5,4
4353,0,0.4615,0.9221,0.384,0.6398,0.367,0.3833,0.0,0.5757,Non-Duplicate,2,False,0.5,4
4354,1,0.9091,1.0,0.7694,1.0,0.9967,0.9995,0.0,0.9669,Easy,1,False,0.5,0
4355,0,0.5128,0.3585,0.3379,0.3435,0.0198,0.0193,0.0,0.2194,Non-Duplicate,0,False,0.5,4
4356,1,0.9189,1.0,1.0,1.0,0.9673,0.9748,0.0,0.9787,Easy,1,False,0.5,0
4357,1,0.7451,0.9988,0.6667,1.0,0.9904,0.9997,0.0,0.9383,Medium,3,False,0.5,1
4358,0,0.6154,0.3218,0.4,0.2676,0.0175,0.0196,0.0,0.2225,Non-Duplicate,0,False,0.5,4
4359,1,0.9398,1.0,0.6667,1.0,0.9985,0.9989,0.0,0.96,Easy,3,False,0.5,0
4360,1,0.8923,0.9994,0.6667,1.0,0.9991,0.9996,0.0,0.9554,Easy,3,False,0.5,0
4361,0,0.7027,0.7471,0.2621,0.8171,0.3257,0.3374,0.0,0.5069,Non-Duplicate,2,False,0.5,4
4362,1,0.967,0.9867,1.0,1.0,0.9994,0.9994,0.0,0.9918,Easy,1,False,0.5,0
4363,1,0.75,0.9818,0.9607,1.0,0.9287,0.9742,0.0,0.9417,Medium,1,False,0.5,1
4364,1,0.7636,0.9703,1.0,1.0,0.9002,0.9839,0.0,0.9378,Medium,1,False,0.5,1
4365,0,0.4167,0.4676,0.4164,0.051,0.0282,0.0322,0.0,0.2604,Non-Duplicate,0,False,0.5,4
4366,0,0.4615,0.3791,0.3932,0.3373,0.026,0.0268,0.0,0.23,Non-Duplicate,0,False,0.5,4
4367,0,0.4167,0.2451,0.6443,0.0528,0.0356,0.0433,0.0,0.2094,Non-Duplicate,0,False,0.5,4
4368,0,0.4615,0.3068,0.5767,0.2546,0.0248,0.026,0.0,0.2226,Non-Duplicate,0,False,0.5,4
4369,1,0.961,1.0,1.0,1.0,0.9991,0.9992,0.0,0.9957,Easy,1,False,0.5,0
4370,1,0.7451,0.9694,1.0,1.0,0.9476,0.9949,0.0,0.9497,Medium,1,False,0.5,1
4371,0,0.5128,0.3142,0.2347,0.259,0.0239,0.0257,0.0,0.1958,Non-Duplicate,0,False,0.5,4
4372,0,0.95,0.6069,0.5493,0.8294,0.1687,0.1715,0.0,0.4388,Non-Duplicate,2,False,0.5,4
4373,0,0.5116,0.4047,0.295,0.3665,0.0216,0.0229,0.0,0.2323,Non-Duplicate,0,False,0.5,4
4374,0,0.5128,0.2829,0.3073,0.2312,0.0199,0.0194,0.0,0.1899,Non-Duplicate,0,False,0.5,4
4375,0,0.5128,0.3224,0.3219,0.2935,0.0165,0.0177,0.0,0.204,Non-Duplicate,0,False,0.5,4
4376,0,0.5128,0.3018,0.3388,0.2546,0.0129,0.0127,0.0,0.1966,Non-Duplicate,0,False,0.5,4
4377,0,0.5128,0.2975,0.3808,0.2572,0.019,0.0182,0.0,0.2019,Non-Duplicate,0,False,0.5,4
4378,1,0.8636,1.0,0.7667,1.0,0.9754,0.9856,0.0,0.954,Medium,1,False,0.5,1
4379,1,0.7234,0.9891,0.6146,1.0,0.9721,0.9925,0.0,0.9215,Hard,3,False,0.5,2
4380,0,0.5128,0.4147,0.3932,0.3971,0.0249,0.0263,0.0,0.2472,Non-Duplicate,0,False,0.5,4
4381,1,0.7869,1.0,0.7584,1.0,0.9322,0.9373,0.0,0.9251,Hard,1,False,0.5,2
4382,1,0.878,1.0,0.8114,1.0,0.9769,0.9768,0.0,0.9585,Easy,1,False,0.5,0
4383,0,0.4651,0.373,0.358,0.3344,0.0193,0.0207,0.0,0.2218,Non-Duplicate,0,False,0.5,4
4384,0,0.85,0.7179,0.3717,0.8941,0.422,0.4354,0.0,0.566,Non-Duplicate,3,False,0.5,4
4385,1,0.8837,1.0,0.4333,1.0,1.0,1.0,0.0,0.9317,Medium,3,False,0.5,1
4386,1,0.76,1.0,0.9078,1.0,0.9939,0.9998,0.0,0.9652,Easy,1,False,0.5,0
4387,0,0.6842,0.3935,0.4105,0.348,0.0237,0.0272,0.0,0.2586,Non-Duplicate,0,False,0.5,4
4388,0,0.4651,0.4365,0.5968,0.0441,0.0181,0.0247,0.0,0.2684,Non-Duplicate,0,False,0.5,4
4389,0,0.5128,0.3363,0.432,0.2745,0.023,0.0217,0.0,0.2223,Non-Duplicate,0,False,0.5,4
4390,1,0.9091,1.0,1.0,1.0,0.9615,0.9886,0.0,0.979,Easy,1,False,0.5,0
4391,0,0.55,0.3704,0.3283,0.325,0.0311,0.0327,0.0,0.2318,Non-Duplicate,0,False,0.5,4
4392,0,0.4545,0.3574,0.3374,0.3022,0.0184,0.0187,0.0,0.2127,Non-Duplicate,0,False,0.5,4
4393,1,0.8636,1.0,0.9201,1.0,0.9546,0.9619,0.0,0.9594,Easy,1,False,0.5,0
4394,0,0.4615,0.3518,0.4128,0.3317,0.0284,0.032,0.0,0.2241,Non-Duplicate,0,False,0.5,4
4395,1,0.9302,1.0,0.9256,1.0,0.9761,0.9758,0.0,0.9748,Easy,1,False,0.5,0
4396,0,0.45,0.4029,0.3977,0.3521,0.0273,0.0329,0.0,0.2392,Non-Duplicate,0,False,0.5,4
4397,1,0.8837,1.0,0.6667,1.0,0.9932,0.9996,0.0,0.9533,Medium,3,False,0.5,1
4398,0,0.3284,0.3314,0.5694,0.0194,0.0272,0.0322,0.0,0.219,Non-Duplicate,0,False,0.5,4
4399,1,0.8889,1.0,1.0,1.0,0.9613,0.9639,0.0,0.972,Easy,1,False,0.5,0
4400,0,0.5405,0.3829,0.368,0.3221,0.02,0.0217,0.0,0.2342,Non-Duplicate,0,False,0.5,4
4401,0,0.5641,0.315,0.2078,0.2718,0.0212,0.0234,0.0,0.1974,Non-Duplicate,0,False,0.5,4
4402,0,0.4231,0.2083,0.5548,0.0142,0.0381,0.0406,0.0,0.1883,Non-Duplicate,0,False,0.5,4
4403,1,0.8511,1.0,0.4333,1.0,0.9833,0.9831,0.0,0.9209,Hard,3,False,0.5,2
4404,1,0.7451,0.9959,0.626,1.0,0.9896,0.9989,0.0,0.9329,Medium,3,False,0.5,1
4405,1,0.8444,1.0,1.0,1.0,0.9864,0.9859,0.0,0.9782,Easy,1,False,0.5,0
4406,0,0.4737,0.4519,0.3895,0.9149,0.0164,0.0185,0.0,0.2523,Non-Duplicate,2,False,0.5,4
4407,0,0.6316,0.3996,0.4119,0.3527,0.0276,0.0276,0.0,0.2566,Non-Duplicate,0,False,0.5,4
4408,1,0.9268,1.0,1.0,1.0,0.9871,0.9982,0.0,0.9891,Easy,1,False,0.5,0
4409,0,0.55,0.3314,0.5553,0.2497,0.0228,0.0277,0.0,0.2378,Non-Duplicate,0,False,0.5,4
4410,1,0.8261,0.9853,0.4333,1.0,0.9435,0.9644,0.0,0.8996,Hard,3,False,0.5,2
4411,0,0.4878,0.4283,0.2521,0.7615,0.0158,0.0192,0.0,0.2317,Non-Duplicate,2,False,0.5,4
4412,0,0.4545,0.4332,0.3954,0.656,0.0117,0.0108,0.0,0.2417,Non-Duplicate,2,False,0.5,4
4413,0,0.375,0.2938,0.3174,0.0125,0.0167,0.0179,0.0,0.1798,Non-Duplicate,0,False,0.5,4
4414,0,0.5,0.4311,0.4174,0.7103,0.0192,0.0184,0.0,0.2511,Non-Duplicate,2,False,0.5,4
4415,1,0.76,0.9974,0.6306,1.0,0.952,0.9686,0.0,0.9198,Hard,3,False,0.5,2
4416,1,0.8065,0.9816,0.3338,1.0,0.9053,0.9314,0.0,0.8702,Hard,3,False,0.5,2
4417,1,0.7308,0.9667,0.6534,1.0,0.9124,0.9589,0.0,0.8967,Hard,3,False,0.5,2
4418,0,0.4878,0.397,0.3078,0.9217,0.0063,0.0063,0.0,0.2214,Non-Duplicate,2,False,0.5,4
4419,1,0.7797,1.0,0.4333,1.0,1.0,1.0,0.0,0.9213,Hard,3,False,0.5,2
4420,0,0.3929,0.405,0.3767,0.0483,0.0184,0.027,0.0,0.2287,Non-Duplicate,0,False,0.5,4
4421,0,0.3729,0.3573,0.3123,0.0161,0.0226,0.0282,0.0,0.2049,Non-Duplicate,0,False,0.5,4
4422,1,0.7636,1.0,0.6667,1.0,0.8665,0.8659,0.0,0.8828,Hard,3,False,0.5,2
4423,1,0.9268,1.0,0.6667,1.0,0.9886,0.9993,0.0,0.9564,Easy,3,False,0.5,0
4424,0,0.4286,0.7682,0.4676,0.9627,0.4384,0.4543,0.0,0.5589,Non-Duplicate,2,False,0.5,4
4425,0,0.5128,0.2554,0.232,0.2084,0.0189,0.0205,0.0,0.1727,Non-Duplicate,0,False,0.5,4
4426,1,0.8718,1.0,0.6434,1.0,0.9615,0.9963,0.0,0.9412,Medium,3,False,0.5,1
4427,0,0.5128,0.3235,0.5667,0.2898,0.0198,0.0192,0.0,0.2299,Non-Duplicate,0,False,0.5,4
4428,1,0.8889,1.0,0.684,1.0,0.9251,0.9245,0.0,0.9235,Hard,3,False,0.5,2
4429,1,0.8444,1.0,0.6868,1.0,0.9706,0.9739,0.0,0.9406,Medium,3,False,0.5,1
4430,0,0.5128,0.2808,0.5379,0.232,0.0195,0.0198,0.0,0.2122,Non-Duplicate,0,False,0.5,4
4431,0,0.3673,0.3159,0.3356,0.0201,0.0339,0.0367,0.0,0.1967,Non-Duplicate,0,False,0.5,4
4432,1,0.7742,1.0,1.0,1.0,0.9957,0.9995,0.0,0.9762,Easy,1,False,0.5,0
4433,0,0.4545,0.3929,0.2361,0.7126,0.0063,0.0076,0.0,0.2097,Non-Duplicate,2,False,0.5,4
4434,0,0.6,0.4326,0.3959,0.4032,0.0372,0.0417,0.0,0.2686,Non-Duplicate,0,False,0.5,4
4435,0,0.4615,0.3958,0.3525,0.7058,0.0105,0.0108,0.0,0.2247,Non-Duplicate,2,False,0.5,4
4436,0,0.55,0.4303,0.5338,0.4247,0.0265,0.0271,0.0,0.271,Non-Duplicate,0,False,0.5,4
4437,0,0.6818,0.7287,0.2493,0.9307,0.2225,0.2379,0.0,0.4514,Non-Duplicate,2,False,0.5,4
4438,1,0.8182,1.0,0.9721,1.0,0.8687,0.8565,0.0,0.9175,Hard,1,False,0.5,2
4439,1,0.9302,1.0,1.0,1.0,0.9583,0.9587,0.0,0.9743,Easy,1,False,0.5,0
4440,1,0.8,0.9708,0.4333,1.0,0.9903,1.0,0.0,0.9107,Hard,3,False,0.5,2
4441,1,0.7547,0.9926,1.0,1.0,0.9667,0.9954,0.0,0.9636,Easy,1,False,0.5,0
4442,1,0.8444,1.0,0.5594,1.0,0.9748,0.9823,0.0,0.9305,Hard,3,False,0.5,2
4443,1,0.8444,0.9884,1.0,1.0,0.9855,0.9853,0.0,0.9738,Easy,1,False,0.5,0
4444,1,0.8889,1.0,0.3027,1.0,0.9527,0.9554,0.0,0.8984,Hard,3,False,0.5,2
4445,1,0.9302,1.0,0.6667,1.0,0.9534,0.9509,0.0,0.9382,Medium,3,False,0.5,1
4446,1,0.8837,1.0,0.5543,1.0,1.0,1.0,0.0,0.9438,Medium,3,False,0.5,1
4447,0,0.55,0.421,0.4178,0.401,0.0305,0.0321,0.0,0.2582,Non-Duplicate,0,False,0.5,4
4448,1,0.7869,0.9664,0.7667,1.0,0.8573,0.9001,0.0,0.8879,Hard,1,False,0.5,2
4449,1,0.8889,1.0,0.6667,1.0,0.9526,0.9528,0.0,0.9343,Medium,3,False,0.5,1
4450,0,0.5128,0.2816,0.3845,0.2382,0.0195,0.0212,0.0,0.1974,Non-Duplicate,0,False,0.5,4
4451,1,0.7547,1.0,0.6667,1.0,0.9479,0.9514,0.0,0.9194,Hard,3,False,0.5,2
4452,0,0.6667,0.4201,0.4178,0.4035,0.0297,0.0305,0.0,0.269,Non-Duplicate,0,False,0.5,4
4453,1,0.8889,0.9951,1.0,1.0,0.9759,0.9875,0.0,0.9786,Easy,1,False,0.5,0
4454,1,0.7692,0.9457,0.4333,1.0,0.8782,0.9357,0.0,0.858,Hard,3,False,0.5,2
4455,0,0.4545,0.3671,0.4137,0.316,0.0154,0.0165,0.0,0.2224,Non-Duplicate,0,False,0.5,4
4456,1,0.9268,1.0,0.6667,1.0,1.0,1.0,0.0,0.9593,Easy,3,False,0.5,0
4457,1,0.9268,0.9698,1.0,1.0,0.9771,0.9849,0.0,0.9734,Easy,1,False,0.5,0
4458,1,0.8837,1.0,0.6667,1.0,0.9849,0.9872,0.0,0.9487,Medium,3,False,0.5,1
4459,0,0.5128,0.3126,0.2804,0.2631,0.023,0.0243,0.0,0.1993,Non-Duplicate,0,False,0.5,4
4460,0,0.5,0.3801,0.1817,0.3418,0.0187,0.022,0.0,0.2103,Non-Duplicate,0,False,0.5,4
4461,1,0.9302,1.0,0.3895,1.0,0.9907,0.9965,0.0,0.929,Hard,3,False,0.5,2
4462,0,0.6,0.3353,0.2205,0.2645,0.0159,0.0168,0.0,0.2067,Non-Duplicate,0,False,0.5,4
4463,1,0.8571,1.0,1.0,1.0,0.9511,0.9651,0.0,0.9665,Easy,1,False,0.5,0
4464,0,0.4545,0.4102,0.1758,0.8583,0.0065,0.0088,0.0,0.21,Non-Duplicate,2,False,0.5,4
4465,1,0.8814,1.0,1.0,1.0,0.9994,0.9993,0.0,0.9878,Easy,1,False,0.5,0
4466,1,0.918,0.9839,0.6667,1.0,0.9945,0.9991,0.0,0.9513,Medium,3,False,0.5,1
4467,0,0.4444,0.4375,0.2699,0.0541,0.018,0.0167,0.0,0.2324,Non-Duplicate,0,False,0.5,4
4468,0,0.5641,0.3477,0.2018,0.3441,0.022,0.0233,0.0,0.2085,Non-Duplicate,0,False,0.5,4
4469,0,0.55,0.3844,0.6292,0.9473,0.0065,0.0053,0.0,0.2552,Non-Duplicate,2,False,0.5,4
4470,0,0.4651,0.4368,0.3653,0.4386,0.0215,0.0225,0.0,0.2458,Non-Duplicate,0,False,0.5,4
4471,0,0.4286,0.9011,0.2735,0.59,0.4093,0.4243,0.0,0.5728,Non-Duplicate,2,False,0.5,4
4472,1,0.8785,0.9703,0.6667,1.0,0.9921,0.9999,0.0,0.9422,Medium,3,False,0.5,1
4473,1,0.7451,1.0,1.0,1.0,0.9846,0.9976,0.0,0.9702,Easy,1,False,0.5,0
4474,0,0.4615,0.3402,0.3977,0.2966,0.0234,0.023,0.0,0.2154,Non-Duplicate,0,False,0.5,4
4475,0,0.4615,0.4072,0.4735,0.4064,0.0203,0.0205,0.0,0.2452,Non-Duplicate,0,False,0.5,4
4476,1,0.8837,1.0,0.5484,1.0,0.9922,0.9995,0.0,0.9412,Medium,3,False,0.5,1
4477,1,0.8511,1.0,0.6667,1.0,1.0,1.0,0.0,0.9518,Medium,3,False,0.5,1
4478,1,0.7667,0.9634,0.9895,1.0,0.9391,0.983,0.0,0.9442,Medium,1,False,0.5,1
4479,0,0.5946,0.3714,0.6534,0.3001,0.0223,0.0235,0.0,0.2651,Non-Duplicate,0,False,0.5,4
4480,1,0.7407,1.0,1.0,1.0,0.963,0.9626,0.0,0.9573,Easy,1,False,0.5,0
4481,0,0.3721,0.4353,0.3648,0.6558,0.0279,0.0283,0.0,0.2387,Non-Duplicate,2,False,0.5,4
4482,1,0.7719,0.9813,0.4927,1.0,0.9518,0.9949,0.0,0.9068,Hard,3,False,0.5,2
4483,0,0.4651,0.3753,0.3758,0.31,0.0188,0.0198,0.0,0.2241,Non-Duplicate,0,False,0.5,4
4484,1,0.7308,1.0,1.0,1.0,0.9824,0.9942,0.0,0.9675,Easy,1,False,0.5,0
4485,0,0.4651,0.4054,0.1904,0.3895,0.0192,0.0213,0.0,0.2165,Non-Duplicate,0,False,0.5,4
4486,0,0.5641,0.2772,0.3904,0.209,0.0201,0.0197,0.0,0.2014,Non-Duplicate,0,False,0.5,4
4487,0,0.4615,0.358,0.2151,0.3336,0.0226,0.026,0.0,0.2038,Non-Duplicate,0,False,0.5,4
4488,0,0.4444,0.4421,0.6151,0.7562,0.0135,0.018,0.0,0.2677,Non-Duplicate,2,False,0.5,4
4489,0,0.8163,0.6797,0.3909,0.8261,0.2094,0.2113,0.0,0.4532,Non-Duplicate,2,False,0.5,4
4490,0,0.4878,0.3935,0.1909,0.7956,0.0067,0.0049,0.0,0.2083,Non-Duplicate,2,False,0.5,4
4491,0,0.4651,0.3956,0.5114,0.3624,0.0187,0.0185,0.0,0.2445,Non-Duplicate,0,False,0.5,4
4492,1,0.8696,1.0,0.6667,1.0,0.9792,0.9836,0.0,0.9451,Medium,3,False,0.5,1
4493,0,0.4615,0.3059,0.3498,0.2911,0.018,0.0194,0.0,0.1966,Non-Duplicate,0,False,0.5,4
4494,1,0.8889,1.0,0.5648,1.0,0.9797,0.9872,0.0,0.9377,Medium,3,False,0.5,1
4495,0,0.7234,0.6017,0.3525,0.941,0.2532,0.2638,0.0,0.4343,Non-Duplicate,2,False,0.5,4
4496,0,0.55,0.4073,0.3137,0.382,0.0335,0.0351,0.0,0.2443,Non-Duplicate,0,False,0.5,4
4497,1,0.7308,0.9973,0.8658,1.0,0.9902,0.9952,0.0,0.9553,Easy,1,False,0.5,0
4498,1,0.7636,1.0,0.6667,1.0,1.0,1.0,0.0,0.943,Medium,3,False,0.5,1
4499,1,0.902,1.0,0.7667,1.0,0.9429,0.9415,0.0,0.9409,Medium,1,False,0.5,1
4500,0,0.619,0.3611,0.1804,0.3013,0.0247,0.0287,0.0,0.2182,Non-Duplicate,0,False,0.5,4
4501,1,0.7407,0.9554,0.4333,1.0,0.8459,0.8838,0.0,0.84,Hard,3,False,0.5,2
4502,0,0.5128,0.3973,0.2918,0.3382,0.0221,0.0238,0.0,0.2298,Non-Duplicate,0,False,0.5,4
4503,1,0.8889,1.0,1.0,1.0,1.0,1.0,0.0,0.9889,Easy,1,False,0.5,0
4504,1,0.8261,1.0,1.0,1.0,1.0,1.0,0.0,0.9826,Easy,1,False,0.5,0
4505,1,0.7308,0.9939,0.4333,1.0,0.9783,0.9989,0.0,0.9086,Hard,3,False,0.5,2
4506,1,0.9189,1.0,0.6667,1.0,0.9914,0.999,0.0,0.9562,Easy,3,False,0.5,0
4507,0,0.3571,0.4048,0.3548,0.0532,0.0183,0.0274,0.0,0.2229,Non-Duplicate,0,False,0.5,4
4508,0,0.4082,0.2198,0.279,0.0163,0.0432,0.0479,0.0,0.166,Non-Duplicate,0,False,0.5,4
4509,0,0.55,0.4165,0.4425,0.4076,0.0201,0.0222,0.0,0.2545,Non-Duplicate,0,False,0.5,4
4510,1,0.9302,1.0,1.0,1.0,0.9648,0.9674,0.0,0.9777,Easy,1,False,0.5,0
4511,1,0.8923,0.9964,0.4333,1.0,0.9998,1.0,0.0,0.9312,Hard,3,False,0.5,2
4512,0,0.4878,0.413,0.3658,0.4157,0.0177,0.0183,0.0,0.238,Non-Duplicate,0,False,0.5,4
4513,1,0.8889,1.0,0.7667,1.0,1.0,1.0,0.0,0.9656,Easy,1,False,0.5,0
4514,0,0.55,0.3615,0.2411,0.3106,0.0187,0.0203,0.0,0.2144,Non-Duplicate,0,False,0.5,4
4515,1,0.8837,1.0,1.0,1.0,0.9643,0.9794,0.0,0.9753,Easy,1,False,0.5,0
4516,0,0.5641,0.3409,0.3096,0.2342,0.0244,0.0271,0.0,0.2182,Non-Duplicate,0,False,0.5,4
4517,0,0.4737,0.4512,0.6091,0.7863,0.0107,0.0101,0.0,0.2709,Non-Duplicate,2,False,0.5,4
4518,0,0.4615,0.3252,0.3653,0.2782,0.0151,0.0163,0.0,0.2035,Non-Duplicate,0,False,0.5,4
4519,1,0.9048,0.9972,1.0,1.0,0.9728,0.9754,0.0,0.9778,Easy,1,False,0.5,0
4520,0,0.5714,0.4004,0.2708,0.3797,0.0231,0.0283,0.0,0.2358,Non-Duplicate,0,False,0.5,4
4521,0,0.4231,0.2787,0.4224,0.0135,0.0298,0.0275,0.0,0.1951,Non-Duplicate,0,False,0.5,4
4522,0,0.383,0.4298,0.6434,0.0527,0.03,0.0304,0.0,0.2666,Non-Duplicate,0,False,0.5,4
4523,0,0.6809,0.8025,0.5352,0.9976,0.3358,0.3501,0.0,0.5564,Non-Duplicate,2,False,0.5,4
4524,1,0.7547,0.9777,0.6667,1.0,0.8988,0.9277,0.0,0.8946,Hard,3,False,0.5,2
4525,1,0.9268,1.0,0.8703,1.0,0.99,0.9959,0.0,0.9764,Easy,1,False,0.5,0
4526,0,0.6111,0.3283,0.61,0.2302,0.0247,0.0259,0.0,0.2484,Non-Duplicate,0,False,0.5,4
4527,0,0.5,0.393,0.6196,0.7803,0.0073,0.0056,0.0,0.2525,Non-Duplicate,2,False,0.5,4
4528,0,0.4444,0.4062,0.411,0.6383,0.0121,0.012,0.0,0.2332,Non-Duplicate,2,False,0.5,4
4529,0,0.4762,0.9158,0.3256,0.6513,0.3678,0.3725,0.0,0.5672,Non-Duplicate,2,False,0.5,4
4530,1,0.9048,0.9839,0.7667,1.0,0.9774,0.998,0.0,0.9555,Easy,1,False,0.5,0
4531,1,0.7308,0.9583,0.8311,1.0,0.9334,0.9685,0.0,0.9186,Hard,1,False,0.5,2
4532,0,0.4878,0.4116,0.1735,0.3812,0.0221,0.0243,0.0,0.2206,Non-Duplicate,0,False,0.5,4
4533,1,0.8511,1.0,0.6667,1.0,1.0,1.0,0.0,0.9518,Medium,3,False,0.5,1
4534,0,0.5128,0.3566,0.2457,0.3491,0.0216,0.0215,0.0,0.2104,Non-Duplicate,0,False,0.5,4
4535,1,0.8333,1.0,1.0,1.0,0.9857,0.9983,0.0,0.9794,Easy,1,False,0.5,0
4536,0,0.4762,0.4384,0.2973,0.9073,0.0108,0.011,0.0,0.2357,Non-Duplicate,2,False,0.5,4
4537,1,0.7692,0.9654,0.5196,1.0,0.889,0.9227,0.0,0.8736,Hard,3,False,0.5,2
4538,0,0.3125,0.34,0.4315,0.012,0.0292,0.034,0.0,0.2075,Non-Duplicate,0,False,0.5,4
4539,0,0.3729,0.2714,0.2658,0.0179,0.0479,0.0502,0.0,0.1809,Non-Duplicate,0,False,0.5,4
4540,1,0.8261,1.0,0.3128,1.0,0.9626,0.9631,0.0,0.8971,Hard,3,False,0.5,2
4541,1,0.8889,1.0,0.2032,1.0,1.0,1.0,0.0,0.9092,Hard,3,False,0.5,2
4542,1,0.7547,1.0,1.0,1.0,0.9495,0.9504,0.0,0.9529,Medium,1,False,0.5,1
4543,1,0.8889,1.0,0.9566,1.0,0.939,0.9406,0.0,0.9574,Easy,1,False,0.5,0
4544,0,0.6,0.415,0.305,0.4126,0.0243,0.0266,0.0,0.2472,Non-Duplicate,0,False,0.5,4
4545,1,0.8511,1.0,0.7667,1.0,1.0,1.0,0.0,0.9618,Easy,1,False,0.5,0
4546,1,0.7451,0.994,0.6667,1.0,0.9568,0.9957,0.0,0.9274,Hard,3,False,0.5,2
4547,0,0.5714,0.2865,0.4091,0.2044,0.02,0.0227,0.0,0.2079,Non-Duplicate,0,False,0.5,4
4548,0,0.6667,0.3714,0.4712,0.3026,0.0337,0.0351,0.0,0.2592,Non-Duplicate,0,False,0.5,4
4549,1,0.8837,0.9818,1.0,1.0,0.944,0.9705,0.0,0.9621,Easy,1,False,0.5,0
4550,0,0.4878,0.4736,0.3479,0.8674,0.0302,0.0336,0.0,0.2636,Non-Duplicate,2,False,0.5,4
4551,0,0.3913,0.2733,0.3361,0.0112,0.0321,0.0262,0.0,0.1817,Non-Duplicate,0,False,0.5,4
4552,1,0.8718,1.0,1.0,1.0,1.0,1.0,0.0,0.9872,Easy,1,False,0.5,0
4553,0,0.5128,0.3041,0.2995,0.2629,0.0212,0.0217,0.0,0.1973,Non-Duplicate,0,False,0.5,4
4554,0,0.5789,0.3319,0.1854,0.2589,0.0234,0.0257,0.0,0.2036,Non-Duplicate,0,False,0.5,4
4555,0,0.5128,0.3132,0.5402,0.2732,0.0237,0.0251,0.0,0.2259,Non-Duplicate,0,False,0.5,4
4556,1,0.7407,0.9979,0.6667,1.0,0.9798,0.9981,0.0,0.9346,Medium,3,False,0.5,1
4557,1,0.7451,0.9974,0.7667,1.0,0.9929,0.9997,0.0,0.9484,Medium,1,False,0.5,1
4558,0,0.5128,0.3426,0.2429,0.3106,0.0192,0.0196,0.0,0.2042,Non-Duplicate,0,False,0.5,4
4559,1,0.8837,1.0,0.9356,1.0,0.9252,0.9242,0.0,0.9481,Medium,1,False,0.5,1
4560,1,0.8511,1.0,0.4114,1.0,0.9689,0.9766,0.0,0.9138,Hard,3,False,0.5,2
4561,0,0.5333,0.9226,0.3489,0.6443,0.3292,0.3413,0.0,0.5617,Non-Duplicate,2,False,0.5,4
4562,1,0.7667,1.0,0.7667,1.0,0.9923,0.9998,0.0,0.9514,Medium,1,False,0.5,1
4563,1,0.7308,0.9982,0.4333,1.0,0.9941,0.9998,0.0,0.9143,Hard,3,False,0.5,2
4564,1,0.8261,1.0,0.379,1.0,0.9953,0.9999,0.0,0.9193,Hard,3,False,0.5,2
4565,0,0.4615,0.3647,0.3096,0.3916,0.0171,0.0184,0.0,0.2127,Non-Duplicate,0,False,0.5,4
4566,1,0.7869,0.9609,0.6667,1.0,0.9169,0.9439,0.0,0.8997,Hard,3,False,0.5,2
4567,1,0.8444,1.0,0.4333,1.0,1.0,1.0,0.0,0.9278,Hard,3,False,0.5,2
4568,0,0.6,0.3704,0.616,0.3292,0.0173,0.0178,0.0,0.2591,Non-Duplicate,0,False,0.5,4
4569,1,0.7636,1.0,0.9151,1.0,0.9984,1.0,0.0,0.9675,Easy,1,False,0.5,0
4570,0,0.4167,0.2403,0.5603,0.048,0.0265,0.0308,0.0,0.1946,Non-Duplicate,0,False,0.5,4
4571,0,0.4615,0.4338,0.1676,0.7273,0.0246,0.0243,0.0,0.2258,Non-Duplicate,2,False,0.5,4
4572,0,0.4615,0.34,0.3991,0.291,0.0272,0.0286,0.0,0.2176,Non-Duplicate,0,False,0.5,4
4573,0,0.3714,0.2972,0.3881,0.0124,0.0299,0.0354,0.0,0.1945,Non-Duplicate,0,False,0.5,4
4574,0,0.6154,0.3196,0.3005,0.2803,0.0274,0.0303,0.0,0.2164,Non-Duplicate,0,False,0.5,4
4575,0,0.6,0.3264,0.1484,0.2231,0.0235,0.0236,0.0,0.1997,Non-Duplicate,0,False,0.5,4
4576,0,0.439,0.4548,0.6553,0.8755,0.0131,0.0123,0.0,0.2744,Non-Duplicate,2,False,0.5,4
4577,1,0.7451,0.9972,0.4333,1.0,0.9894,0.9992,0.0,0.9141,Hard,3,False,0.5,2
4578,0,0.5128,0.3909,0.39,0.3218,0.0379,0.0402,0.0,0.2446,Non-Duplicate,0,False,0.5,4
4579,0,0.5,0.4012,0.3288,0.567,0.016,0.0164,0.0,0.2306,Non-Duplicate,2,False,0.5,4
4580,1,0.7719,1.0,0.6667,1.0,0.9974,0.9996,0.0,0.9431,Medium,3,False,0.5,1
4581,1,0.8627,1.0,1.0,1.0,0.9978,0.9999,0.0,0.9857,Easy,1,False,0.5,0
4582,1,0.8696,1.0,0.4333,1.0,1.0,1.0,0.0,0.9303,Hard,3,False,0.5,2
4583,1,0.8444,0.9981,0.5562,1.0,0.9652,0.9713,0.0,0.925,Hard,3,False,0.5,2
4584,1,0.9302,1.0,1.0,1.0,0.9741,0.9767,0.0,0.9819,Easy,1,False,0.5,0
4585,0,0.5128,0.433,0.6005,0.4426,0.028,0.0284,0.0,0.2756,Non-Duplicate,0,False,0.5,4
4586,1,0.8261,1.0,1.0,1.0,0.9733,0.9815,0.0,0.9722,Easy,1,False,0.5,0
4587,1,0.8679,1.0,1.0,1.0,0.9539,0.9537,0.0,0.966,Easy,1,False,0.5,0
4588,0,0.5714,0.2917,0.353,0.2215,0.0186,0.0189,0.0,0.203,Non-Duplicate,0,False,0.5,4
4589,0,0.85,0.7131,0.6155,0.6273,0.4136,0.4317,0.0,0.5859,Non-Duplicate,3,False,0.5,4
4590,0,0.95,0.6593,0.3237,0.888,0.2611,0.2718,0.0,0.4778,Non-Duplicate,2,False,0.5,4
4591,1,0.76,0.9743,0.6667,1.0,0.9541,0.9966,0.0,0.9215,Hard,3,False,0.5,2
4592,1,0.8837,1.0,0.6164,1.0,0.9869,0.9863,0.0,0.944,Medium,3,False,0.5,1
4593,1,0.8718,1.0,0.6055,1.0,0.975,0.9938,0.0,0.9402,Medium,3,False,0.5,1
4594,0,0.5128,0.2479,0.2269,0.1872,0.0209,0.0228,0.0,0.1705,Non-Duplicate,0,False,0.5,4
4595,0,0.95,0.7211,0.2813,0.9859,0.434,0.4442,0.0,0.5729,Non-Duplicate,3,False,0.5,4
4596,1,0.8261,0.9918,0.6667,1.0,0.9834,0.9959,0.0,0.9414,Medium,3,False,0.5,1
4597,1,0.8444,1.0,1.0,1.0,0.9938,0.997,0.0,0.9823,Easy,1,False,0.5,0
4598,1,0.9268,1.0,1.0,1.0,0.9317,0.9245,0.0,0.9605,Easy,1,False,0.5,0
4599,0,0.5789,0.3903,0.2256,0.3556,0.03,0.0281,0.0,0.2302,Non-Duplicate,0,False,0.5,4
4600,0,0.45,0.3237,0.6329,0.2411,0.0268,0.0253,0.0,0.2333,Non-Duplicate,0,False,0.5,4
4601,1,0.7407,0.9757,0.6667,1.0,0.9485,0.9927,0.0,0.9179,Hard,3,False,0.5,2
4602,0,0.5,0.4288,0.3831,0.9087,0.0081,0.0092,0.0,0.2423,Non-Duplicate,2,False,0.5,4
4603,0,0.55,0.359,0.647,0.2731,0.0248,0.0271,0.0,0.257,Non-Duplicate,0,False,0.5,4
4604,1,0.8,0.969,0.6667,1.0,0.9503,0.9972,0.0,0.9228,Hard,3,False,0.5,2
4605,0,0.3385,0.2356,0.3858,0.0116,0.0414,0.0509,0.0,0.1754,Non-Duplicate,0,False,0.5,4
4606,1,0.75,1.0,0.4333,1.0,0.9971,0.9998,0.0,0.9176,Hard,3,False,0.5,2
4607,1,0.84,0.9898,0.7667,1.0,0.9473,0.9756,0.0,0.939,Medium,1,False,0.5,1
4608,0,0.5116,0.4142,0.4936,0.3967,0.0226,0.0234,0.0,0.2558,Non-Duplicate,0,False,0.5,4
4609,0,0.5,0.4447,0.3712,0.7926,0.0163,0.0159,0.0,0.25,Non-Duplicate,2,False,0.5,4
4610,1,0.8372,1.0,0.3005,1.0,0.976,0.994,0.0,0.9066,Hard,3,False,0.5,2
4611,0,0.4528,0.1998,0.2288,0.0155,0.0421,0.0449,0.0,0.1576,Non-Duplicate,0,False,0.5,4
4612,0,0.4286,0.9146,0.4146,0.6686,0.3591,0.3706,0.0,0.5683,Non-Duplicate,2,False,0.5,4
4613,1,0.9412,0.9731,0.7667,1.0,0.9748,0.9977,0.0,0.9546,Medium,1,False,0.5,1
4614,1,0.8571,1.0,0.7667,1.0,0.8997,0.9284,0.0,0.923,Hard,1,False,0.5,2
4615,1,0.7451,0.9581,0.4333,1.0,0.9234,0.958,0.0,0.8756,Hard,3,False,0.5,2
4616,1,0.7308,0.9721,0.8941,1.0,0.9109,0.9906,0.0,0.9286,Hard,1,False,0.5,2
4617,1,0.8506,1.0,0.6667,1.0,0.9979,0.9989,0.0,0.951,Medium,3,False,0.5,1
4618,1,0.8261,0.9939,0.3804,1.0,0.9664,0.9718,0.0,0.9045,Hard,3,False,0.5,2
4619,1,0.8727,0.9951,0.7667,1.0,0.983,0.9979,0.0,0.9576,Easy,1,False,0.5,0
4620,0,0.7273,0.7826,0.4219,0.9851,0.376,0.3992,0.0,0.5627,Non-Duplicate,2,False,0.5,4
4621,1,0.8085,0.9764,0.6667,1.0,0.9458,0.9695,0.0,0.9196,Hard,3,False,0.5,2
4622,1,0.7407,1.0,0.6667,1.0,1.0,1.0,0.0,0.9407,Medium,3,False,0.5,1
4623,0,0.4314,0.0908,0.4064,0.052,0.0186,0.0256,0.0,0.1253,Non-Duplicate,0,False,0.5,4
4624,1,0.9302,1.0,1.0,1.0,0.9967,0.9998,0.0,0.9922,Easy,1,False,0.5,0
4625,1,0.8444,0.993,0.6667,1.0,0.9651,0.9856,0.0,0.937,Medium,3,False,0.5,1
4626,1,0.9268,0.9988,1.0,1.0,0.9645,0.9704,0.0,0.9775,Easy,1,False,0.5,0
4627,0,0.4082,0.2133,0.6653,0.015,0.0503,0.0555,0.0,0.2057,Non-Duplicate,0,False,0.5,4
4628,1,0.76,0.9968,0.4333,1.0,0.9581,0.9689,0.0,0.9015,Hard,3,False,0.5,2
4629,1,0.8511,1.0,1.0,1.0,0.9908,0.9947,0.0,0.9817,Easy,1,False,0.5,0
4630,1,0.9057,1.0,1.0,1.0,0.9466,0.9505,0.0,0.9673,Easy,1,False,0.5,0
4631,1,0.7407,0.9756,0.6667,1.0,0.9502,0.9922,0.0,0.9182,Hard,3,False,0.5,2
4632,1,0.8511,1.0,1.0,1.0,1.0,1.0,0.0,0.9851,Easy,1,False,0.5,0
4633,0,0.5366,0.3929,0.4187,0.3479,0.0194,0.0214,0.0,0.2422,Non-Duplicate,0,False,0.5,4
4634,0,0.5641,0.2691,0.1329,0.2031,0.0152,0.015,0.0,0.1707,Non-Duplicate,0,False,0.5,4
4635,0,0.5405,0.3989,0.2776,0.378,0.017,0.0177,0.0,0.2292,Non-Duplicate,0,False,0.5,4
4636,0,0.4651,0.4132,0.5881,0.0471,0.0132,0.0192,0.0,0.2571,Non-Duplicate,0,False,0.5,4
4637,1,0.7308,1.0,0.4333,1.0,0.9955,0.9998,0.0,0.9152,Hard,3,False,0.5,2
4638,1,0.7308,0.9777,0.7667,1.0,0.9625,0.9952,0.0,0.9316,Hard,1,False,0.5,2
4639,0,0.65,0.918,0.2795,0.6468,0.3531,0.3672,0.0,0.576,Non-Duplicate,2,False,0.5,4
4640,0,0.55,0.4257,0.2078,0.4022,0.0274,0.0306,0.0,0.2377,Non-Duplicate,0,False,0.5,4
4641,0,0.4,0.3245,0.426,0.2176,0.0163,0.0159,0.0,0.2034,Non-Duplicate,0,False,0.5,4
4642,1,0.7692,0.9905,1.0,1.0,0.9383,0.9545,0.0,0.9491,Medium,1,False,0.5,1
4643,1,0.8837,1.0,0.7146,1.0,0.9909,0.9994,0.0,0.9574,Easy,3,False,0.5,0
4644,0,0.5366,0.4065,0.4224,0.3983,0.019,0.0202,0.0,0.247,Non-Duplicate,0,False,0.5,4
4645,0,0.55,0.3994,0.4265,0.3282,0.0292,0.0292,0.0,0.2506,Non-Duplicate,0,False,0.5,4
4646,1,0.8163,1.0,1.0,1.0,0.9922,0.9964,0.0,0.979,Easy,1,False,0.5,0
4647,1,0.8837,0.9873,1.0,1.0,0.9722,0.998,0.0,0.9766,Easy,1,False,0.5,0
4648,1,0.8727,0.9939,0.6667,1.0,0.9809,0.9988,0.0,0.9468,Medium,3,False,0.5,1
4649,1,0.7547,0.9912,0.7452,1.0,0.973,0.9976,0.0,0.9397,Medium,1,False,0.5,1
4650,0,0.55,0.4236,0.2922,0.4117,0.0321,0.0343,0.0,0.2474,Non-Duplicate,0,False,0.5,4
4651,0,0.3793,0.3163,0.4183,0.0133,0.021,0.0279,0.0,0.2013,Non-Duplicate,0,False,0.5,4
4652,0,0.4348,0.2828,0.3685,0.0126,0.0352,0.0447,0.0,0.197,Non-Duplicate,0,False,0.5,4
4653,0,0.4103,0.4139,0.5155,0.9645,0.0143,0.017,0.0,0.2444,Non-Duplicate,2,False,0.5,4
4654,1,0.7547,1.0,0.7667,1.0,1.0,1.0,0.0,0.9521,Medium,1,False,0.5,1
4655,1,0.8936,0.9856,0.7132,1.0,0.972,0.9919,0.0,0.947,Medium,3,False,0.5,1
4656,0,0.5128,0.3617,0.3804,0.3462,0.0196,0.0192,0.0,0.2246,Non-Duplicate,0,False,0.5,4
4657,1,0.9362,1.0,0.6132,1.0,0.9597,0.9616,0.0,0.9372,Medium,3,False,0.5,1
4658,0,0.4,0.3367,0.3498,0.2651,0.0317,0.0315,0.0,0.2071,Non-Duplicate,0,False,0.5,4
4659,1,0.8837,1.0,0.6667,1.0,0.9773,0.9797,0.0,0.9453,Medium,3,False,0.5,1
4660,1,0.7407,0.9897,0.6667,1.0,0.9615,0.9933,0.0,0.9262,Hard,3,False,0.5,2
4661,1,0.7547,0.9913,0.4333,1.0,0.9974,0.9998,0.0,0.9151,Hard,3,False,0.5,2
4662,0,0.4615,0.3569,0.3644,0.341,0.0184,0.0186,0.0,0.2158,Non-Duplicate,0,False,0.5,4
4663,1,0.8182,0.9896,0.6667,1.0,0.9565,0.9554,0.0,0.925,Hard,3,False,0.5,2
4664,1,0.962,0.9958,0.6667,1.0,0.9996,0.9998,0.0,0.9612,Easy,3,False,0.5,0
4665,0,0.5,0.4144,0.1721,0.8098,0.0149,0.0156,0.0,0.2191,Non-Duplicate,2,False,0.5,4
4666,1,0.8444,0.9957,0.2274,1.0,0.9829,0.9974,0.0,0.9009,Hard,3,False,0.5,2
4667,1,0.7308,0.9951,0.6667,1.0,0.9776,0.9925,0.0,0.9309,Hard,3,False,0.5,2
4668,1,0.9302,1.0,0.7667,1.0,0.9787,0.9984,0.0,0.964,Easy,1,False,0.5,0
4669,1,0.9333,1.0,0.6667,1.0,0.9611,0.9935,0.0,0.949,Medium,3,False,0.5,1
4670,1,0.9268,1.0,0.4333,1.0,0.9976,0.9999,0.0,0.9354,Medium,3,False,0.5,1
4671,1,0.8837,1.0,0.3361,1.0,0.991,0.9954,0.0,0.9188,Hard,3,False,0.5,2
4672,1,0.7407,1.0,0.6667,1.0,0.9591,0.9642,0.0,0.9233,Hard,3,False,0.5,2
4673,1,0.7547,0.9486,1.0,1.0,0.9374,0.9759,0.0,0.937,Medium,1,False,0.5,1
4674,1,0.8444,0.9853,0.6667,1.0,0.9528,0.9672,0.0,0.9276,Hard,3,False,0.5,2
4675,0,0.4681,0.3446,0.6224,0.051,0.0273,0.0324,0.0,0.2429,Non-Duplicate,0,False,0.5,4
4676,1,0.8372,1.0,0.7667,1.0,0.9782,0.9979,0.0,0.9545,Medium,1,False,0.5,1
4677,0,0.4889,0.4161,0.2091,0.9086,0.0074,0.0079,0.0,0.2189,Non-Duplicate,2,False,0.5,4
4678,0,0.4615,0.351,0.3904,0.324,0.0284,0.0305,0.0,0.2213,Non-Duplicate,0,False,0.5,4
4679,0,0.55,0.3538,0.4799,0.2432,0.0288,0.0299,0.0,0.24,Non-Duplicate,0,False,0.5,4
4680,0,0.5128,0.3409,0.4904,0.3369,0.0228,0.0245,0.0,0.2302,Non-Duplicate,0,False,0.5,4
4681,0,0.4651,0.2904,0.5279,0.221,0.025,0.0257,0.0,0.2123,Non-Duplicate,0,False,0.5,4
4682,1,0.8444,1.0,0.8352,1.0,0.9855,0.9958,0.0,0.9635,Easy,1,False,0.5,0
4683,1,0.8511,0.9621,1.0,1.0,0.8647,0.9027,0.0,0.9186,Hard,1,False,0.5,2
4684,0,0.5128,0.3128,0.2963,0.2446,0.0293,0.0309,0.0,0.2039,Non-Duplicate,0,False,0.5,4
4685,1,0.9388,0.9827,0.7667,1.0,0.9847,0.9967,0.0,0.96,Easy,1,False,0.5,0
4686,0,0.4651,0.429,0.174,0.4173,0.0212,0.0223,0.0,0.2238,Non-Duplicate,0,False,0.5,4
4687,1,0.8519,1.0,0.4776,1.0,1.0,1.0,0.0,0.9329,Medium,3,False,0.5,1
4688,0,0.5128,0.3203,0.2922,0.2542,0.0242,0.0249,0.0,0.2036,Non-Duplicate,0,False,0.5,4
4689,0,0.5366,0.4364,0.6612,0.9137,0.0165,0.0168,0.0,0.28,Non-Duplicate,2,False,0.5,4
4690,0,0.4255,0.3835,0.4082,0.0196,0.0369,0.0471,0.0,0.2362,Non-Duplicate,0,False,0.5,4
4691,0,0.4091,0.3125,0.2365,0.0147,0.0489,0.0623,0.0,0.1986,Non-Duplicate,0,False,0.5,4
4692,1,0.8261,1.0,1.0,1.0,0.9951,0.9971,0.0,0.9808,Easy,1,False,0.5,0
4693,0,0.6316,0.3963,0.6525,0.3157,0.0249,0.0274,0.0,0.2788,Non-Duplicate,0,False,0.5,4
4694,0,0.5641,0.2582,0.3037,0.211,0.0232,0.0222,0.0,0.1874,Non-Duplicate,0,False,0.5,4
4695,1,0.8511,1.0,0.7667,1.0,0.9975,0.9997,0.0,0.9611,Easy,1,False,0.5,0
4696,1,0.8333,1.0,1.0,1.0,0.9885,0.9953,0.0,0.9795,Easy,1,False,0.5,0
4697,0,0.5,0.4398,0.3758,0.9097,0.03,0.0322,0.0,0.2554,Non-Duplicate,2,False,0.5,4
4698,0,0.5641,0.3173,0.4288,0.2315,0.0184,0.0187,0.0,0.2187,Non-Duplicate,0,False,0.5,4
4699,1,0.8837,0.9957,0.6667,1.0,1.0,1.0,0.0,0.9535,Medium,3,False,0.5,1
4700,0,0.7805,0.8089,0.4237,0.9189,0.3569,0.3715,0.0,0.5671,Non-Duplicate,2,False,0.5,4
4701,0,0.5641,0.3863,0.3539,0.3985,0.0183,0.0208,0.0,0.2357,Non-Duplicate,0,False,0.5,4
4702,0,0.6316,0.3781,0.5936,0.28,0.0268,0.0294,0.0,0.2674,Non-Duplicate,0,False,0.5,4
4703,0,0.3333,0.3594,0.232,0.0162,0.0376,0.0423,0.0,0.2002,Non-Duplicate,0,False,0.5,4
4704,0,0.9,0.7159,0.316,0.852,0.4476,0.457,0.0,0.5755,Non-Duplicate,3,False,0.5,4
4705,0,0.6111,0.3786,0.6361,0.2796,0.0206,0.0217,0.0,0.2667,Non-Duplicate,0,False,0.5,4
4706,1,0.8929,1.0,0.6119,1.0,0.9816,0.9917,0.0,0.9442,Medium,3,False,0.5,1
4707,0,0.4444,0.4483,0.3872,0.8535,0.0179,0.0183,0.0,0.2482,Non-Duplicate,2,False,0.5,4
4708,1,0.7451,0.9705,0.7667,1.0,0.9438,0.9855,0.0,0.9239,Hard,1,False,0.5,2
4709,1,0.8571,0.9912,0.7667,1.0,0.8213,0.8282,0.0,0.8802,Hard,1,False,0.5,2
4710,1,0.8889,1.0,0.6667,1.0,0.988,0.9929,0.0,0.9511,Medium,3,False,0.5,1
4711,0,0.5128,0.3083,0.2155,0.2467,0.0136,0.0121,0.0,0.1866,Non-Duplicate,0,False,0.5,4
4712,0,0.5405,0.4032,0.3557,0.3645,0.0184,0.02,0.0,0.2393,Non-Duplicate,0,False,0.5,4
4713,0,0.5641,0.2911,0.5658,0.2365,0.0197,0.0214,0.0,0.2241,Non-Duplicate,0,False,0.5,4
4714,1,0.7667,0.9959,1.0,1.0,0.9741,0.9961,0.0,0.968,Easy,1,False,0.5,0
4715,0,0.5128,0.3796,0.5292,0.2734,0.0237,0.0242,0.0,0.2478,Non-Duplicate,0,False,0.5,4
4716,0,0.5128,0.3849,0.6566,0.3666,0.0258,0.0263,0.0,0.2634,Non-Duplicate,0,False,0.5,4
4717,0,0.6667,0.3454,0.4721,0.2425,0.042,0.0452,0.0,0.2543,Non-Duplicate,0,False,0.5,4
4718,0,0.55,0.3287,0.3516,0.2614,0.0166,0.0159,0.0,0.2125,Non-Duplicate,0,False,0.5,4
4719,1,0.7636,0.9939,0.7667,1.0,0.9629,0.9903,0.0,0.9397,Medium,1,False,0.5,1
4720,1,0.9333,1.0,0.6667,1.0,0.9714,0.9977,0.0,0.9524,Medium,3,False,0.5,1
4721,0,0.3929,0.3985,0.363,0.0533,0.0168,0.0186,0.0,0.223,Non-Duplicate,0,False,0.5,4
4722,0,0.4865,0.4064,0.3068,0.3693,0.0203,0.0204,0.0,0.2307,Non-Duplicate,0,False,0.5,4
4723,1,0.8727,1.0,1.0,1.0,0.9565,0.9725,0.0,0.9709,Easy,1,False,0.5,0
4724,0,0.55,0.3397,0.2913,0.2655,0.0162,0.0158,0.0,0.2103,Non-Duplicate,0,False,0.5,4
4725,1,0.9091,0.9929,0.4333,1.0,0.9767,0.9906,0.0,0.924,Hard,3,False,0.5,2
4726,0,0.5641,0.3025,0.2995,0.264,0.0179,0.02,0.0,0.2007,Non-Duplicate,0,False,0.5,4
4727,1,0.7547,1.0,0.2507,1.0,0.9498,0.9482,0.0,0.8776,Hard,3,False,0.5,2
4728,0,0.5405,0.3892,0.1192,0.3284,0.0216,0.0233,0.0,0.2123,Non-Duplicate,0,False,0.5,4
4729,1,0.7308,0.9791,1.0,1.0,0.9522,0.9938,0.0,0.9526,Medium,1,False,0.5,1
4730,0,0.4545,0.4097,0.3091,0.8123,0.0081,0.0074,0.0,0.2232,Non-Duplicate,2,False,0.5,4
4731,1,0.8837,1.0,0.6667,1.0,0.9914,0.9963,0.0,0.9521,Medium,3,False,0.5,1
4732,1,0.8511,1.0,1.0,1.0,0.9574,0.9707,0.0,0.9686,Easy,1,False,0.5,0
4733,0,0.4878,0.3939,0.3429,0.3328,0.0251,0.0256,0.0,0.2323,Non-Duplicate,0,False,0.5,4
4734,1,0.8511,1.0,0.6667,1.0,0.9736,0.9887,0.0,0.9429,Medium,3,False,0.5,1
4735,1,0.9057,1.0,0.7667,1.0,0.9883,0.9995,0.0,0.9642,Easy,1,False,0.5,0
4736,1,0.9268,1.0,0.4333,1.0,0.9929,0.9969,0.0,0.9336,Medium,3,False,0.5,1
4737,1,0.9268,1.0,0.6667,1.0,0.9954,0.9984,0.0,0.9579,Easy,3,False,0.5,0
4738,0,0.5128,0.3356,0.3082,0.3061,0.0209,0.0219,0.0,0.2092,Non-Duplicate,0,False,0.5,4
4739,1,0.7234,1.0,0.8539,1.0,0.9511,0.9501,0.0,0.9355,Medium,1,False,0.5,1
4740,1,0.8889,1.0,0.6667,1.0,0.9203,0.9326,0.0,0.9221,Hard,3,False,0.5,2
4741,1,0.8444,0.9907,0.9685,1.0,0.9751,0.9886,0.0,0.9695,Easy,1,False,0.5,0
4742,0,0.4,0.4233,0.3078,0.419,0.024,0.0313,0.0,0.2312,Non-Duplicate,0,False,0.5,4
4743,0,0.6667,0.4332,0.3365,0.4473,0.0252,0.024,0.0,0.263,Non-Duplicate,0,False,0.5,4
4744,0,0.4091,0.3749,0.3201,0.3177,0.0242,0.0244,0.0,0.2151,Non-Duplicate,0,False,0.5,4
4745,1,0.9333,1.0,0.4333,1.0,1.0,1.0,0.0,0.9367,Medium,3,False,0.5,1
4746,0,0.5405,0.4205,0.4612,0.3961,0.0159,0.0155,0.0,0.2544,Non-Duplicate,0,False,0.5,4
4747,1,0.76,0.9715,1.0,1.0,0.9502,0.9895,0.0,0.9515,Medium,1,False,0.5,1
4748,0,0.383,0.4476,0.4046,0.0451,0.0203,0.0276,0.0,0.246,Non-Duplicate,0,False,0.5,4
4749,0,0.6316,0.4109,0.221,0.3969,0.0247,0.0303,0.0,0.2413,Non-Duplicate,0,False,0.5,4
4750,1,0.8837,1.0,0.6667,1.0,1.0,1.0,0.0,0.955,Medium,3,False,0.5,1
4751,0,0.5641,0.3579,0.4201,0.2451,0.0244,0.0265,0.0,0.2351,Non-Duplicate,0,False,0.5,4
4752,1,0.7308,0.9675,0.3813,1.0,0.9338,0.9672,0.0,0.8767,Hard,3,False,0.5,2
4753,1,0.7407,0.98,0.4333,1.0,0.9445,0.9907,0.0,0.8947,Hard,3,False,0.5,2
4754,1,0.9302,1.0,1.0,1.0,0.9715,0.9815,0.0,0.9822,Easy,1,False,0.5,0
4755,0,0.5116,0.3421,0.2333,0.2691,0.0144,0.0162,0.0,0.2011,Non-Duplicate,0,False,0.5,4
4756,1,0.7308,0.9982,0.7667,1.0,0.9882,0.9992,0.0,0.946,Medium,1,False,0.5,1
4757,1,0.8837,1.0,1.0,1.0,0.9756,0.9741,0.0,0.9771,Easy,1,False,0.5,0
4758,0,0.4878,0.4517,0.3256,0.8014,0.0156,0.0155,0.0,0.2464,Non-Duplicate,2,False,0.5,4
4759,1,0.8333,1.0,1.0,1.0,0.9325,0.9304,0.0,0.9525,Medium,1,False,0.5,1
4760,0,0.4615,0.3203,0.3479,0.2726,0.026,0.0249,0.0,0.2045,Non-Duplicate,0,False,0.5,4
4761,1,0.8261,0.986,0.6667,1.0,0.9785,0.9972,0.0,0.9384,Medium,3,False,0.5,1
4762,1,0.7812,0.9668,0.6142,1.0,0.9423,0.9932,0.0,0.9121,Hard,3,False,0.5,2
4763,1,0.9302,1.0,0.7667,1.0,0.966,0.9876,0.0,0.9587,Easy,1,False,0.5,0
4764,1,0.9412,1.0,0.4333,1.0,0.9442,0.9632,0.0,0.9161,Hard,3,False,0.5,2
4765,0,0.5405,0.4681,0.61,0.884,0.0333,0.0371,0.0,0.2946,Non-Duplicate,2,False,0.5,4
4766,1,0.8511,1.0,0.9315,1.0,0.9584,0.9716,0.0,0.9622,Easy,1,False,0.5,0
4767,0,0.5405,0.4154,0.3836,0.9484,0.0067,0.0075,0.0,0.241,Non-Duplicate,2,False,0.5,4
4768,0,0.5128,0.2821,0.2242,0.2117,0.0217,0.0225,0.0,0.1823,Non-Duplicate,0,False,0.5,4
4769,0,0.4762,0.455,0.3009,0.8417,0.0186,0.0196,0.0,0.2455,Non-Duplicate,2,False,0.5,4
4770,1,0.8095,1.0,0.6667,1.0,0.9966,0.9998,0.0,0.9467,Medium,3,False,0.5,1
4771,1,0.7797,1.0,0.6667,1.0,0.9485,0.975,0.0,0.9268,Hard,3,False,0.5,2
4772,0,0.4444,0.4082,0.5447,0.7968,0.0073,0.0057,0.0,0.2447,Non-Duplicate,2,False,0.5,4
4773,1,0.8889,1.0,0.4333,1.0,0.9388,0.937,0.0,0.9043,Hard,3,False,0.5,2
4774,1,0.9268,1.0,0.6667,1.0,0.9963,0.9998,0.0,0.9584,Easy,3,False,0.5,0
4775,1,0.7308,0.9557,0.7667,1.0,0.9175,0.9932,0.0,0.9122,Hard,1,False,0.5,2
4776,1,0.8511,1.0,0.7763,1.0,0.9843,0.9907,0.0,0.957,Easy,1,False,0.5,0
4777,1,0.9268,1.0,0.6667,1.0,0.9816,0.994,0.0,0.9535,Medium,3,False,0.5,1
4778,0,0.8947,0.8109,0.3744,1.0,0.3897,0.4064,0.0,0.5894,Non-Duplicate,3,False,0.5,4
4779,1,0.9091,1.0,0.7667,1.0,0.9187,0.9171,0.0,0.9307,Hard,1,False,0.5,2
4780,0,0.5641,0.3071,0.4279,0.2403,0.0199,0.0216,0.0,0.216,Non-Duplicate,0,False,0.5,4
4781,1,0.8636,0.9946,0.6667,1.0,0.929,0.9462,0.0,0.9226,Hard,3,False,0.5,2
4782,1,0.8444,0.9917,1.0,1.0,0.9849,0.9987,0.0,0.9775,Easy,1,False,0.5,0
4783,1,0.7451,0.9952,0.7566,1.0,0.9559,0.9646,0.0,0.9304,Hard,1,False,0.5,2
4784,1,0.7308,0.9733,1.0,1.0,0.9537,0.996,0.0,0.9514,Medium,1,False,0.5,1
4785,1,0.9167,1.0,1.0,1.0,1.0,1.0,0.0,0.9917,Easy,1,False,0.5,0
4786,0,0.4762,0.9192,0.6361,0.6486,0.3584,0.3743,0.0,0.5974,Non-Duplicate,2,False,0.5,4
4787,0,0.375,0.4638,0.2575,0.0548,0.0284,0.0286,0.0,0.2384,Non-Duplicate,0,False,0.5,4
4788,1,0.8444,1.0,0.4333,1.0,0.9838,0.9862,0.0,0.921,Hard,3,False,0.5,2
4789,0,0.5,0.4167,0.3219,0.8771,0.0084,0.0096,0.0,0.2321,Non-Duplicate,2,False,0.5,4
4790,0,0.5128,0.3318,0.2612,0.297,0.0207,0.0214,0.0,0.203,Non-Duplicate,0,False,0.5,4
4791,1,0.8889,1.0,1.0,1.0,0.9756,0.984,0.0,0.9796,Easy,1,False,0.5,0
4792,1,0.7692,1.0,0.6667,1.0,1.0,1.0,0.0,0.9436,Medium,3,False,0.5,1
4793,1,0.8333,1.0,1.0,1.0,0.98,0.9824,0.0,0.9748,Easy,1,False,0.5,0
4794,0,0.4186,0.4116,0.1699,0.3942,0.0236,0.0257,0.0,0.214,Non-Duplicate,0,False,0.5,4
4795,1,0.7547,1.0,0.6667,1.0,0.9963,0.9998,0.0,0.9412,Medium,3,False,0.5,1
4796,0,0.45,0.4112,0.6365,0.4083,0.0213,0.0215,0.0,0.2622,Non-Duplicate,0,False,0.5,4
4797,1,0.898,1.0,0.3671,1.0,0.8987,0.8979,0.0,0.8808,Hard,3,False,0.5,2
4798,0,0.45,0.3847,0.6356,0.3517,0.0172,0.0182,0.0,0.2511,Non-Duplicate,0,False,0.5,4
4799,1,0.7308,0.9944,1.0,1.0,0.9883,0.999,0.0,0.968,Easy,1,False,0.5,0
4800,0,0.5714,0.3618,0.4169,0.2876,0.0257,0.0284,0.0,0.2376,Non-Duplicate,0,False,0.5,4
4801,1,0.76,0.9751,0.7667,1.0,0.9469,0.9959,0.0,0.9299,Hard,1,False,0.5,2
4802,1,0.8571,0.9986,0.7667,1.0,0.9919,0.9995,0.0,0.9598,Easy,1,False,0.5,0
4803,1,0.8837,1.0,0.6667,1.0,0.9774,0.9778,0.0,0.9449,Medium,3,False,0.5,1
4804,0,0.3836,0.3386,0.3982,0.0151,0.0469,0.0532,0.0,0.2191,Non-Duplicate,0,False,0.5,4
4805,1,0.9552,1.0,0.6603,1.0,0.9957,0.9993,0.0,0.9603,Easy,3,False,0.5,0
4806,0,0.4865,0.4375,0.421,0.8217,0.0162,0.0161,0.0,0.2512,Non-Duplicate,2,False,0.5,4
4807,0,0.5128,0.3382,0.3694,0.29,0.0215,0.0227,0.0,0.2165,Non-Duplicate,0,False,0.5,4
4808,0,0.4103,0.4476,0.1872,0.7901,0.0231,0.0271,0.0,0.2276,Non-Duplicate,2,False,0.5,4
4809,0,0.4889,0.4135,0.6653,0.8091,0.0118,0.0115,0.0,0.2654,Non-Duplicate,2,False,0.5,4
4810,0,0.4545,0.4632,0.3557,0.9008,0.0247,0.0246,0.0,0.2542,Non-Duplicate,2,False,0.5,4
4811,0,0.9,0.5993,0.2635,0.8076,0.1416,0.1504,0.0,0.3916,Non-Duplicate,2,False,0.5,4
4812,0,0.5641,0.3149,0.2374,0.2907,0.019,0.0219,0.0,0.1995,Non-Duplicate,0,False,0.5,4
4813,1,0.8444,1.0,0.6667,1.0,0.9984,0.9999,0.0,0.9507,Medium,3,False,0.5,1
4814,1,0.7547,1.0,0.6667,1.0,1.0,1.0,0.0,0.9421,Medium,3,False,0.5,1
4815,0,0.5128,0.3496,0.3416,0.2805,0.0152,0.0158,0.0,0.2148,Non-Duplicate,0,False,0.5,4
4816,1,0.9048,0.9818,0.6667,1.0,0.918,0.9665,0.0,0.9236,Hard,3,False,0.5,2
4817,1,0.7451,0.9711,0.5557,1.0,0.9399,0.992,0.0,0.9033,Hard,3,False,0.5,2
4818,1,0.9167,1.0,0.6667,1.0,0.966,0.9889,0.0,0.9476,Medium,3,False,0.5,1
4819,1,0.8571,1.0,0.6667,1.0,0.9264,0.9358,0.0,0.9211,Hard,3,False,0.5,2
4820,0,0.439,0.4334,0.6379,0.7439,0.0249,0.0238,0.0,0.2704,Non-Duplicate,2,False,0.5,4
4821,0,0.3636,0.3727,0.2338,0.3304,0.0182,0.0185,0.0,0.1984,Non-Duplicate,0,False,0.5,4
4822,0,0.5714,0.4099,0.5233,0.4034,0.0248,0.0293,0.0,0.265,Non-Duplicate,0,False,0.5,4
4823,1,0.7407,0.9863,0.5954,1.0,0.9662,0.9958,0.0,0.9195,Hard,3,False,0.5,2
4824,0,0.6111,0.3503,0.5703,0.2681,0.0251,0.0278,0.0,0.2526,Non-Duplicate,0,False,0.5,4
4825,1,0.902,0.9877,1.0,1.0,0.9169,0.9231,0.0,0.9497,Medium,1,False,0.5,1
4826,1,0.8889,0.9827,0.7667,1.0,0.9373,0.9434,0.0,0.9325,Medium,1,False,0.5,1
4827,0,0.3333,0.4367,0.3461,0.044,0.0162,0.0223,0.0,0.2293,Non-Duplicate,0,False,0.5,4
4828,1,0.9268,1.0,0.6667,1.0,0.9559,0.958,0.0,0.9399,Medium,3,False,0.5,1
4829,1,0.8444,1.0,1.0,1.0,0.9845,0.9878,0.0,0.9781,Easy,1,False,0.5,0
4830,0,0.9,0.7626,0.3288,0.7669,0.2502,0.2662,0.0,0.5056,Non-Duplicate,2,False,0.5,4
4831,1,0.8837,1.0,0.7667,1.0,0.9912,0.9987,0.0,0.9626,Easy,1,False,0.5,0
4832,1,0.7636,1.0,1.0,1.0,0.9982,1.0,0.0,0.9759,Easy,1,False,0.5,0
4833,1,0.8837,1.0,0.6667,1.0,0.9086,0.9128,0.0,0.9148,Hard,3,False,0.5,2
4834,1,0.7778,0.9682,1.0,1.0,0.9566,0.9956,0.0,0.9549,Medium,1,False,0.5,1
4835,0,0.5641,0.3585,0.3836,0.2579,0.0218,0.0223,0.0,0.2301,Non-Duplicate,0,False,0.5,4
4836,0,0.5366,0.4403,0.3977,0.7982,0.0073,0.0092,0.0,0.2512,Non-Duplicate,2,False,0.5,4
4837,0,0.3279,0.3117,0.5078,0.0174,0.056,0.0683,0.0,0.2203,Non-Duplicate,0,False,0.5,4
4838,0,0.3333,0.3806,0.3662,0.02,0.029,0.0334,0.0,0.2171,Non-Duplicate,0,False,0.5,4
4839,0,0.6316,0.4165,0.405,0.4031,0.0227,0.0232,0.0,0.2598,Non-Duplicate,0,False,0.5,4
4840,0,0.4651,0.3794,0.3416,0.3358,0.0174,0.0183,0.0,0.2215,Non-Duplicate,0,False,0.5,4
4841,0,0.8421,0.8594,0.1868,0.9345,0.3842,0.423,0.0,0.5843,Non-Duplicate,3,False,0.5,4
4842,0,0.5641,0.3175,0.3594,0.2886,0.0237,0.025,0.0,0.2144,Non-Duplicate,0,False,0.5,4
4843,0,0.5,0.456,0.5338,0.6694,0.0156,0.0166,0.0,0.2702,Non-Duplicate,2,False,0.5,4
4844,1,0.7742,0.9597,0.4626,1.0,0.9227,0.9432,0.0,0.8789,Hard,3,False,0.5,2
4845,0,0.5405,0.4106,0.1539,0.4028,0.0196,0.0204,0.0,0.2221,Non-Duplicate,0,False,0.5,4
4846,1,0.8636,0.9833,0.8434,1.0,0.9683,0.9969,0.0,0.9563,Easy,1,False,0.5,0
4847,1,0.8837,1.0,0.7621,1.0,1.0,1.0,0.0,0.9646,Easy,1,False,0.5,0
4848,0,0.5128,0.2801,0.2283,0.2392,0.0164,0.0172,0.0,0.1797,Non-Duplicate,0,False,0.5,4
4849,1,0.8889,0.9707,0.6667,1.0,0.955,0.9563,0.0,0.9253,Hard,3,False,0.5,2
4850,0,0.5128,0.2869,0.3986,0.2168,0.0167,0.0167,0.0,0.1991,Non-Duplicate,0,False,0.5,4
4851,1,0.7451,0.9953,0.6667,1.0,0.9828,0.9983,0.0,0.9349,Medium,3,False,0.5,1
4852,1,0.7451,0.9984,0.4333,1.0,0.9639,0.9739,0.0,0.903,Hard,3,False,0.5,2
4853,1,0.8444,1.0,0.7151,1.0,0.9859,0.9888,0.0,0.9502,Medium,3,False,0.5,1
4854,0,0.45,0.4217,0.4137,0.4131,0.0197,0.0202,0.0,0.2429,Non-Duplicate,0,False,0.5,4
4855,1,0.8696,1.0,0.8881,1.0,0.9887,0.9922,0.0,0.9714,Easy,1,False,0.5,0
4856,1,0.8837,0.9928,0.6667,1.0,0.997,0.9998,0.0,0.9517,Medium,3,False,0.5,1
4857,0,0.7407,0.4987,0.2589,0.9963,0.573,0.7782,0.0,0.5734,Non-Duplicate,3,False,0.5,4
4858,0,0.4878,0.4028,0.2753,0.3745,0.0298,0.0311,0.0,0.231,Non-Duplicate,0,False,0.5,4
4859,1,0.9268,1.0,0.7616,1.0,0.9748,0.9879,0.0,0.9601,Easy,1,False,0.5,0
4860,1,0.9268,1.0,0.5954,1.0,0.9917,0.9996,0.0,0.9501,Medium,3,False,0.5,1
4861,0,0.5,0.3807,0.4073,0.947,0.0023,0.0,0.0,0.2246,Non-Duplicate,2,False,0.5,4
4862,1,0.8889,0.9888,1.0,1.0,0.9511,0.9509,0.0,0.9629,Easy,1,False,0.5,0
4863,0,0.381,0.4479,0.4055,0.0482,0.0218,0.0219,0.0,0.2452,Non-Duplicate,0,False,0.5,4
4864,1,0.9697,0.9997,0.6667,1.0,0.9992,0.9991,0.0,0.9632,Easy,3,False,0.5,0
4865,0,0.5128,0.3955,0.2078,0.3588,0.0218,0.023,0.0,0.2205,Non-Duplicate,0,False,0.5,4
4866,1,0.7308,0.9954,0.5132,1.0,0.987,0.9994,0.0,0.9194,Hard,3,False,0.5,2
4867,1,0.9302,1.0,0.4333,1.0,0.9445,0.9414,0.0,0.9108,Hard,3,False,0.5,2
4868,1,0.9216,0.9986,0.9078,1.0,0.9991,0.9992,0.0,0.9821,Easy,1,False,0.5,0
4869,0,0.4186,0.4407,0.6324,0.7092,0.0226,0.0219,0.0,0.2694,Non-Duplicate,2,False,0.5,4
4870,0,0.619,0.2987,0.4146,0.2223,0.0202,0.0228,0.0,0.2175,Non-Duplicate,0,False,0.5,4
4871,0,0.5238,0.3114,0.5068,0.2372,0.017,0.0163,0.0,0.2196,Non-Duplicate,0,False,0.5,4
4872,0,0.4878,0.3815,0.3434,0.3221,0.0208,0.0221,0.0,0.2263,Non-Duplicate,0,False,0.5,4
4873,0,0.3667,0.4217,0.3342,0.053,0.0176,0.0166,0.0,0.2254,Non-Duplicate,0,False,0.5,4
4874,0,0.619,0.4097,0.4279,0.3897,0.0263,0.0288,0.0,0.2604,Non-Duplicate,0,False,0.5,4
4875,0,0.5128,0.4023,0.3589,0.3961,0.0202,0.0197,0.0,0.237,Non-Duplicate,0,False,0.5,4
4876,1,0.8333,1.0,0.6667,1.0,0.9965,0.9999,0.0,0.9491,Medium,3,False,0.5,1
4877,1,0.75,1.0,1.0,1.0,0.9969,0.9994,0.0,0.9741,Easy,1,False,0.5,0
4878,1,0.7937,1.0,0.6667,1.0,0.9305,0.9319,0.0,0.915,Hard,3,False,0.5,2
4879,1,0.7451,0.9535,1.0,1.0,0.9097,0.9576,0.0,0.9272,Hard,1,False,0.5,2
4880,0,0.4865,0.4206,0.4228,0.4032,0.0213,0.0227,0.0,0.248,Non-Duplicate,0,False,0.5,4
4881,1,0.8696,1.0,0.495,1.0,0.9838,0.9919,0.0,0.9308,Hard,3,False,0.5,2
4882,1,0.9302,1.0,0.7667,1.0,0.9688,0.9695,0.0,0.9558,Easy,1,False,0.5,0
4883,0,0.7273,0.8062,0.2721,0.7047,0.3435,0.3582,0.0,0.5396,Non-Duplicate,2,False,0.5,4
4884,0,0.5,0.4125,0.1434,0.4117,0.0284,0.0309,0.0,0.222,Non-Duplicate,0,False,0.5,4
4885,0,0.5128,0.3262,0.3142,0.301,0.0173,0.0182,0.0,0.2048,Non-Duplicate,0,False,0.5,4
4886,0,0.5641,0.3376,0.3881,0.2342,0.0254,0.0267,0.0,0.2251,Non-Duplicate,0,False,0.5,4
4887,1,0.7308,0.9727,0.7667,1.0,0.9411,0.9937,0.0,0.9242,Hard,1,False,0.5,2
4888,1,0.9412,1.0,0.6667,1.0,0.9747,0.9974,0.0,0.9539,Medium,3,False,0.5,1
4889,1,0.8571,1.0,1.0,1.0,1.0,1.0,0.0,0.9857,Easy,1,False,0.5,0
4890,1,0.9091,1.0,0.8425,1.0,0.9418,0.9418,0.0,0.949,Medium,1,False,0.5,1
4891,0,0.381,0.4457,0.4402,0.0545,0.0234,0.0332,0.0,0.2506,Non-Duplicate,0,False,0.5,4
4892,1,0.9057,1.0,0.3557,1.0,1.0,1.0,0.0,0.9261,Hard,3,False,0.5,2
4893,1,0.8511,0.9522,0.5808,1.0,0.9457,0.9528,0.0,0.9035,Hard,3,False,0.5,2
4894,0,0.5128,0.3551,0.2822,0.3438,0.0244,0.0262,0.0,0.2151,Non-Duplicate,0,False,0.5,4
4895,0,0.5641,0.3589,0.19,0.3535,0.0243,0.024,0.0,0.2119,Non-Duplicate,0,False,0.5,4
4896,1,0.9268,1.0,0.5895,1.0,0.9982,0.9999,0.0,0.9512,Medium,3,False,0.5,1
4897,0,0.5366,0.3755,0.5909,0.5464,0.0077,0.0103,0.0,0.2481,Non-Duplicate,0,False,0.5,4
4898,1,0.72,1.0,1.0,1.0,0.9868,0.996,0.0,0.9679,Easy,1,False,0.5,0
4899,1,0.7308,0.9939,1.0,1.0,0.9872,0.9991,0.0,0.9676,Easy,1,False,0.5,0
4900,1,0.84,1.0,0.4333,1.0,0.9862,0.9986,0.0,0.9236,Hard,3,False,0.5,2
4901,1,0.9057,1.0,1.0,1.0,0.9665,0.9713,0.0,0.9764,Easy,1,False,0.5,0
4902,1,0.8511,1.0,0.6667,1.0,0.9936,0.9996,0.0,0.9501,Medium,3,False,0.5,1
4903,1,0.7308,0.9979,1.0,1.0,0.9597,0.9731,0.0,0.9569,Easy,1,False,0.5,0
4904,1,0.8,0.9965,1.0,1.0,0.9988,1.0,0.0,0.9785,Easy,1,False,0.5,0
4905,1,0.8261,0.9968,1.0,1.0,0.9407,0.9393,0.0,0.9545,Medium,1,False,0.5,1
4906,1,0.7812,1.0,0.6667,1.0,0.9894,0.9983,0.0,0.9418,Medium,3,False,0.5,1
4907,0,0.4,0.3674,0.3553,0.0196,0.0259,0.0289,0.0,0.2164,Non-Duplicate,0,False,0.5,4
4908,1,0.8837,1.0,0.7785,1.0,0.9894,0.9925,0.0,0.9621,Easy,1,False,0.5,0
4909,1,0.7692,0.9986,0.4333,1.0,0.9891,0.9993,0.0,0.9169,Hard,3,False,0.5,2
4910,0,0.4651,0.4265,0.5877,0.957,0.0065,0.0054,0.0,0.2573,Non-Duplicate,2,False,0.5,4
4911,0,0.5366,0.433,0.3918,0.897,0.0134,0.0123,0.0,0.2502,Non-Duplicate,2,False,0.5,4
4912,0,0.4878,0.406,0.1575,0.3743,0.0199,0.0199,0.0,0.2156,Non-Duplicate,0,False,0.5,4
4913,1,0.8333,1.0,0.7667,1.0,0.9379,0.9352,0.0,0.9315,Hard,1,False,0.5,2
4914,1,0.9268,1.0,1.0,1.0,0.9955,0.9984,0.0,0.9912,Easy,1,False,0.5,0
4915,1,0.898,1.0,0.6616,1.0,0.9791,0.998,0.0,0.9503,Medium,3,False,0.5,1
4916,0,0.95,0.6993,0.3009,0.6882,0.4985,0.5166,0.0,0.5978,Non-Duplicate,3,False,0.5,4
4917,0,0.4878,0.431,0.5256,0.8759,0.0178,0.0124,0.0,0.2591,Non-Duplicate,2,False,0.5,4
4918,0,0.6154,0.3073,0.2484,0.2697,0.0201,0.0212,0.0,0.2032,Non-Duplicate,0,False,0.5,4
4919,0,0.5,0.3569,0.5014,0.2948,0.0228,0.0249,0.0,0.2357,Non-Duplicate,0,False,0.5,4
4920,0,0.5366,0.8029,0.2671,0.7512,0.3745,0.3787,0.0,0.5308,Non-Duplicate,2,False,0.5,4
4921,0,0.5,0.4013,0.2836,0.3574,0.0291,0.0306,0.0,0.2322,Non-Duplicate,0,False,0.5,4
4922,0,0.6316,0.415,0.3927,0.4097,0.0256,0.0257,0.0,0.2592,Non-Duplicate,0,False,0.5,4
4923,1,0.7407,0.9949,0.6667,1.0,0.9907,0.9986,0.0,0.9364,Medium,3,False,0.5,1
4924,1,0.8727,1.0,0.9443,1.0,0.9823,0.9951,0.0,0.9763,Easy,1,False,0.5,0
4925,0,0.4878,0.4225,0.6164,0.4077,0.0256,0.0276,0.0,0.2702,Non-Duplicate,0,False,0.5,4
4926,1,0.8837,1.0,0.5991,1.0,0.9899,0.9923,0.0,0.9442,Medium,3,False,0.5,1
4927,0,0.45,0.4133,0.6338,0.3839,0.0219,0.0241,0.0,0.2633,Non-Duplicate,0,False,0.5,4
4928,0,0.5366,0.43,0.6365,0.8529,0.0155,0.0162,0.0,0.2749,Non-Duplicate,2,False,0.5,4
4929,0,0.3636,0.3906,0.3562,0.37,0.0189,0.021,0.0,0.2176,Non-Duplicate,0,False,0.5,4
4930,0,0.4615,0.2436,0.6457,0.1845,0.0168,0.0201,0.0,0.2042,Non-Duplicate,0,False,0.5,4
4931,0,0.386,0.2716,0.4018,0.0127,0.0328,0.041,0.0,0.1902,Non-Duplicate,0,False,0.5,4
4932,1,0.8696,1.0,0.7667,1.0,0.9224,0.9313,0.0,0.9305,Hard,1,False,0.5,2
4933,0,0.4286,0.8059,0.3534,0.7648,0.3702,0.3939,0.0,0.5316,Non-Duplicate,2,False,0.5,4
4934,1,0.8511,0.9907,0.6667,1.0,0.9856,0.9983,0.0,0.9446,Medium,3,False,0.5,1
4935,0,0.5641,0.3122,0.2164,0.2557,0.0174,0.0196,0.0,0.1956,Non-Duplicate,0,False,0.5,4
4936,0,0.5405,0.3241,0.1635,0.2365,0.0198,0.0168,0.0,0.1921,Non-Duplicate,0,False,0.5,4
4937,0,0.5789,0.3734,0.5429,0.3184,0.0236,0.0204,0.0,0.2528,Non-Duplicate,0,False,0.5,4
4938,0,0.5455,0.4364,0.3712,0.7485,0.0115,0.0185,0.0,0.251,Non-Duplicate,2,False,0.5,4
4939,0,0.5263,0.411,0.3845,0.8582,0.0081,0.0084,0.0,0.2386,Non-Duplicate,2,False,0.5,4
4940,1,0.8511,1.0,0.4333,1.0,0.9847,0.9885,0.0,0.9223,Hard,3,False,0.5,2
4941,0,0.6111,0.352,0.3324,0.263,0.0248,0.0257,0.0,0.2289,Non-Duplicate,0,False,0.5,4
4942,0,0.5128,0.3411,0.4347,0.3335,0.0184,0.0209,0.0,0.2229,Non-Duplicate,0,False,0.5,4
4943,1,0.9268,1.0,0.6283,1.0,0.9864,0.9857,0.0,0.9493,Medium,3,False,0.5,1
4944,1,0.878,1.0,0.5466,1.0,0.9594,0.9662,0.0,0.9256,Hard,3,False,0.5,2
4945,1,0.8889,1.0,0.7667,1.0,0.9969,0.9999,0.0,0.9648,Easy,1,False,0.5,0
4946,0,0.5405,0.446,0.2712,0.8593,0.0179,0.019,0.0,0.2455,Non-Duplicate,2,False,0.5,4
4947,0,0.4,0.4352,0.3434,0.0457,0.0275,0.0297,0.0,0.2395,Non-Duplicate,0,False,0.5,4
4948,0,0.55,0.4119,0.7201,0.4076,0.0242,0.0242,0.0,0.2821,Non-Duplicate,0,False,0.5,4
4949,0,0.4651,0.8133,0.3361,0.9648,0.4741,0.4917,0.0,0.5817,Non-Duplicate,2,False,0.5,4
4950,1,0.72,0.9728,0.6667,1.0,0.9235,0.9403,0.0,0.8981,Hard,3,False,0.5,2
4951,1,0.8511,1.0,0.7068,1.0,0.9609,0.9699,0.0,0.94,Medium,3,False,0.5,1
4952,1,0.9048,1.0,0.6639,1.0,0.97,0.9683,0.0,0.943,Medium,3,False,0.5,1
4953,0,0.439,0.4334,0.2858,0.4481,0.0162,0.0173,0.0,0.2317,Non-Duplicate,0,False,0.5,4
4954,1,0.76,0.995,0.4333,1.0,0.9875,0.9984,0.0,0.9141,Hard,3,False,0.5,2
4955,1,0.7308,0.9971,1.0,1.0,0.9766,0.979,0.0,0.962,Easy,1,False,0.5,0
4956,0,0.4615,0.3421,0.2831,0.2372,0.0218,0.0217,0.0,0.204,Non-Duplicate,0,False,0.5,4
4957,1,0.8889,1.0,0.6667,1.0,0.9814,0.9806,0.0,0.947,Medium,3,False,0.5,1
4958,1,0.8444,1.0,0.6667,1.0,0.9983,0.9999,0.0,0.9507,Medium,3,False,0.5,1
4959,1,0.8636,1.0,0.9132,1.0,0.9972,0.9997,0.0,0.9769,Easy,1,False,0.5,0
4960,0,0.5128,0.2783,0.2986,0.2329,0.0212,0.0235,0.0,0.1885,Non-Duplicate,0,False,0.5,4
4961,0,0.5714,0.3163,0.1566,0.244,0.0183,0.0185,0.0,0.1918,Non-Duplicate,0,False,0.5,4
4962,0,0.4651,0.4067,0.3648,0.4047,0.0206,0.0217,0.0,0.2348,Non-Duplicate,0,False,0.5,4
4963,0,0.4444,0.4203,0.3662,0.0469,0.0206,0.0241,0.0,0.2381,Non-Duplicate,0,False,0.5,4
4964,0,0.4186,0.4003,0.389,0.3673,0.0208,0.0223,0.0,0.2305,Non-Duplicate,0,False,0.5,4
4965,0,0.3279,0.3055,0.5479,0.0148,0.0545,0.0569,0.0,0.2195,Non-Duplicate,0,False,0.5,4
4966,1,0.7308,0.9941,0.5749,1.0,0.9868,0.9961,0.0,0.9244,Hard,3,False,0.5,2
4967,0,0.5789,0.3342,0.2845,0.2612,0.0193,0.0198,0.0,0.2121,Non-Duplicate,0,False,0.5,4
4968,1,0.7869,1.0,1.0,1.0,0.9947,0.9995,0.0,0.9772,Easy,1,False,0.5,0
4969,1,0.8889,1.0,0.6301,1.0,0.9676,0.9705,0.0,0.9379,Medium,3,False,0.5,1
4970,1,0.8679,1.0,0.4333,1.0,0.9022,0.9035,0.0,0.8864,Hard,3,False,0.5,2
4971,1,0.7308,0.9656,0.6667,1.0,0.9126,0.9554,0.0,0.8969,Hard,3,False,0.5,2
4972,1,0.8372,0.9726,1.0,1.0,0.8789,0.8968,0.0,0.9232,Hard,1,False,0.5,2
4973,1,0.8889,0.9887,0.7667,1.0,0.9749,0.9972,0.0,0.9548,Medium,1,False,0.5,1
4974,0,0.4186,0.2947,0.2653,0.23,0.0137,0.0119,0.0,0.1773,Non-Duplicate,0,False,0.5,4
4975,1,0.8511,1.0,1.0,1.0,0.9568,0.9572,0.0,0.9657,Easy,1,False,0.5,0
4976,1,0.7308,0.9979,1.0,1.0,0.9949,0.9997,0.0,0.971,Easy,1,False,0.5,0
4977,0,0.5263,0.4669,0.3205,0.88,0.0206,0.0206,0.0,0.2574,Non-Duplicate,2,False,0.5,4
4978,1,0.7451,1.0,0.9215,1.0,0.995,0.9992,0.0,0.9653,Easy,1,False,0.5,0
4979,1,0.7879,1.0,0.4119,1.0,0.9991,1.0,0.0,0.9197,Hard,3,False,0.5,2
4980,1,0.8,1.0,0.4333,1.0,1.0,1.0,0.0,0.9233,Hard,3,False,0.5,2
4981,0,0.5128,0.2855,0.1941,0.2193,0.0259,0.0259,0.0,0.1823,Non-Duplicate,0,False,0.5,4
4982,1,0.8889,0.9866,0.6667,1.0,0.9655,0.9882,0.0,0.9399,Medium,3,False,0.5,1
4983,1,0.8814,0.9988,1.0,1.0,0.9987,0.9989,0.0,0.9872,Easy,1,False,0.5,0
4984,1,0.9091,0.988,0.8868,1.0,0.9947,0.9991,0.0,0.9739,Easy,1,False,0.5,0
4985,1,0.8837,1.0,0.6667,1.0,0.9904,0.9988,0.0,0.9524,Medium,3,False,0.5,1
4986,1,0.95,0.9989,0.5726,1.0,0.9977,0.9986,0.0,0.951,Medium,3,False,0.5,1
4987,0,0.4082,0.2013,0.2073,0.0124,0.0372,0.04,0.0,0.1493,Non-Duplicate,0,False,0.5,4
4988,1,0.8511,1.0,0.6347,1.0,0.9896,0.9989,0.0,0.9458,Medium,3,False,0.5,1
4989,0,0.4783,0.3374,0.4301,0.0163,0.0401,0.0436,0.0,0.2277,Non-Duplicate,0,False,0.5,4
4990,1,0.8837,0.9952,1.0,1.0,0.9859,0.9987,0.0,0.9829,Easy,1,False,0.5,0
4991,1,0.8837,1.0,0.8055,1.0,0.9983,0.9999,0.0,0.9685,Easy,1,False,0.5,0
4992,1,0.8511,1.0,0.2703,1.0,0.9925,0.9996,0.0,0.9102,Hard,3,False,0.5,2
4993,0,0.4615,0.3247,0.2484,0.2895,0.0276,0.03,0.0,0.1975,Non-Duplicate,0,False,0.5,4
4994,1,0.8444,0.9802,0.4333,1.0,0.9665,0.9957,0.0,0.9116,Hard,3,False,0.5,2
4995,1,0.8889,1.0,0.6667,1.0,0.9994,1.0,0.0,0.9554,Easy,3,False,0.5,0
4996,1,0.7451,1.0,0.9927,1.0,0.9678,0.9774,0.0,0.9612,Easy,1,False,0.5,0
4997,0,0.6316,0.3514,0.5658,0.2694,0.0177,0.0173,0.0,0.2506,Non-Duplicate,0,False,0.5,4
4998,1,0.9302,1.0,1.0,1.0,0.9783,0.9941,0.0,0.9864,Easy,1,False,0.5,0
4999,0,0.439,0.4323,0.284,0.7006,0.0179,0.0183,0.0,0.2317,Non-Duplicate,2,False,0.5,4
5000,1,0.8444,1.0,1.0,1.0,0.9844,0.9878,0.0,0.9781,Easy,1,False,0.5,0
5001,0,0.5,0.3991,0.5511,0.5681,0.0147,0.0138,0.0,0.2512,Non-Duplicate,2,False,0.5,4
5002,1,0.8627,1.0,0.7667,1.0,0.9833,0.9869,0.0,0.9561,Easy,1,False,0.5,0
5003,1,0.7308,1.0,0.6667,1.0,0.9962,0.9998,0.0,0.9388,Medium,3,False,0.5,1
5004,1,0.8889,1.0,0.6667,1.0,0.9581,0.9623,0.0,0.9375,Medium,3,False,0.5,1
5005,0,0.4651,0.3878,0.4005,0.3291,0.0173,0.0171,0.0,0.23,Non-Duplicate,0,False,0.5,4
5006,0,0.5116,0.3043,0.4995,0.2408,0.0165,0.0164,0.0,0.2151,Non-Duplicate,0,False,0.5,4
5007,0,0.6111,0.3448,0.5571,0.2496,0.0221,0.0206,0.0,0.2472,Non-Duplicate,0,False,0.5,4
5008,0,0.4103,0.3951,0.2945,0.6284,0.0103,0.0094,0.0,0.2132,Non-Duplicate,2,False,0.5,4
5009,1,0.7869,1.0,1.0,1.0,0.9956,0.9997,0.0,0.9775,Easy,1,False,0.5,0
5010,0,0.6316,0.3904,0.6411,0.3461,0.0264,0.029,0.0,0.2763,Non-Duplicate,0,False,0.5,4
5011,1,0.7547,0.9687,1.0,1.0,0.935,0.9816,0.0,0.9446,Medium,1,False,0.5,1
5012,1,0.8261,0.9988,0.6306,1.0,0.9908,0.9963,0.0,0.9422,Medium,3,False,0.5,1
5013,0,0.439,0.4447,0.2324,0.7774,0.0202,0.0216,0.0,0.2322,Non-Duplicate,2,False,0.5,4
5014,1,0.7407,0.9765,1.0,1.0,0.9563,0.9941,0.0,0.9537,Medium,1,False,0.5,1
5015,1,0.9048,1.0,0.1475,1.0,0.9662,0.9711,0.0,0.891,Hard,3,False,0.5,2
5016,0,0.5641,0.3266,0.342,0.2528,0.0181,0.0192,0.0,0.2133,Non-Duplicate,0,False,0.5,4
5017,0,0.9091,0.9197,0.21,0.6231,0.3508,0.3609,0.0,0.5937,Non-Duplicate,3,False,0.5,4
5018,0,0.4651,0.4298,0.5945,0.4085,0.0166,0.0168,0.0,0.2639,Non-Duplicate,0,False,0.5,4
5019,1,0.75,0.9662,1.0,1.0,0.9529,0.9906,0.0,0.9495,Medium,1,False,0.5,1
5020,0,0.5128,0.2955,0.3489,0.214,0.022,0.024,0.0,0.1999,Non-Duplicate,0,False,0.5,4
5021,1,0.9268,1.0,0.7667,1.0,0.9961,0.9998,0.0,0.9683,Easy,1,False,0.5,0
5022,0,0.5128,0.3562,0.3575,0.3582,0.02,0.0223,0.0,0.2212,Non-Duplicate,0,False,0.5,4
5023,0,0.5,0.4228,0.3703,0.7035,0.0176,0.0168,0.0,0.2428,Non-Duplicate,2,False,0.5,4
5024,1,0.7547,0.9939,0.6667,1.0,0.9599,0.9708,0.0,0.9241,Hard,3,False,0.5,2
5025,0,0.3902,0.3235,0.2484,0.0124,0.0254,0.0334,0.0,0.1901,Non-Duplicate,0,False,0.5,4
5026,1,0.8889,0.9912,0.3146,1.0,0.9974,0.9996,0.0,0.9166,Hard,3,False,0.5,2
5027,1,0.9091,1.0,1.0,1.0,0.9693,0.9693,0.0,0.9771,Easy,1,False,0.5,0
5028,1,0.8889,0.9923,0.7667,1.0,0.9875,0.9974,0.0,0.9592,Easy,1,False,0.5,0
5029,0,0.4545,0.3869,0.6269,0.6785,0.0085,0.0079,0.0,0.2473,Non-Duplicate,2,False,0.5,4
5030,1,0.7719,1.0,0.5306,1.0,0.9905,0.998,0.0,0.9275,Hard,3,False,0.5,2
5031,1,0.8261,0.9984,0.7877,1.0,0.9339,0.9471,0.0,0.9337,Medium,1,False,0.5,1
5032,1,0.875,0.9782,0.6667,1.0,0.8577,0.8777,0.0,0.8865,Hard,3,False,0.5,2
5033,1,0.8947,1.0,0.7667,1.0,0.9772,0.987,0.0,0.9578,Easy,1,False,0.5,0
5034,1,0.8511,1.0,0.6667,1.0,0.992,0.9996,0.0,0.9497,Medium,3,False,0.5,1
5035,0,0.5128,0.3279,0.3639,0.2687,0.021,0.0229,0.0,0.2123,Non-Duplicate,0,False,0.5,4
5036,1,0.8511,1.0,0.4333,1.0,0.9358,0.9372,0.0,0.8998,Hard,3,False,0.5,2
5037,1,0.8511,1.0,0.7667,1.0,0.9864,0.988,0.0,0.956,Easy,1,False,0.5,0
5038,0,0.3333,0.338,0.3406,0.0162,0.0308,0.0381,0.0,0.201,Non-Duplicate,0,False,0.5,4
5039,1,0.9231,0.9945,0.6059,1.0,0.9914,0.9994,0.0,0.9487,Medium,3,False,0.5,1
5040,0,0.9,0.7279,0.3872,0.9971,0.4196,0.4491,0.0,0.5782,Non-Duplicate,3,False,0.5,4
5041,1,0.8444,0.9795,0.6667,1.0,0.9517,0.9651,0.0,0.9249,Hard,3,False,0.5,2
5042,0,0.6316,0.3946,0.4146,0.3805,0.0184,0.0183,0.0,0.251,Non-Duplicate,0,False,0.5,4
5043,1,0.898,1.0,0.6667,1.0,0.9844,0.9903,0.0,0.9506,Medium,3,False,0.5,1
5044,0,0.5641,0.3665,0.4018,0.3468,0.0314,0.033,0.0,0.2393,Non-Duplicate,0,False,0.5,4
5045,0,0.3571,0.3313,0.3781,0.0461,0.0253,0.0354,0.0,0.2029,Non-Duplicate,0,False,0.5,4
5046,0,0.4615,0.2708,0.5767,0.2058,0.0177,0.0186,0.0,0.2068,Non-Duplicate,0,False,0.5,4
5047,1,0.76,1.0,0.6667,1.0,0.9787,0.9986,0.0,0.9371,Medium,3,False,0.5,1
5048,0,0.5946,0.3816,0.5342,0.3279,0.0193,0.0211,0.0,0.2555,Non-Duplicate,0,False,0.5,4
5049,1,0.8696,1.0,0.9055,1.0,0.9671,0.9822,0.0,0.9657,Easy,1,False,0.5,0
5050,0,0.5128,0.2949,0.1626,0.2389,0.017,0.0184,0.0,0.1787,Non-Duplicate,0,False,0.5,4
5051,1,0.8889,0.9905,0.6557,1.0,0.9699,0.979,0.0,0.9394,Medium,3,False,0.5,1
5052,1,0.7451,1.0,0.7667,1.0,0.9906,0.9995,0.0,0.9487,Medium,1,False,0.5,1
5053,0,0.383,0.423,0.3749,0.0518,0.0217,0.025,0.0,0.2343,Non-Duplicate,0,False,0.5,4
5054,0,0.4545,0.463,0.49,0.8933,0.0323,0.0369,0.0,0.2719,Non-Duplicate,2,False,0.5,4
5055,1,0.8889,0.9704,0.2128,1.0,0.9051,0.9252,0.0,0.8611,Hard,3,False,0.5,2
5056,0,0.4444,0.4115,0.2279,0.7167,0.0092,0.0152,0.0,0.2166,Non-Duplicate,2,False,0.5,4
5057,0,0.9,0.7237,0.1566,0.7727,0.384,0.4111,0.0,0.5372,Non-Duplicate,2,False,0.5,4
5058,0,0.55,0.328,0.3242,0.2444,0.0245,0.0242,0.0,0.2132,Non-Duplicate,0,False,0.5,4
5059,1,0.8889,1.0,1.0,1.0,0.9468,0.9514,0.0,0.9659,Easy,1,False,0.5,0
5060,0,0.4186,0.4263,0.3543,0.7712,0.0117,0.0132,0.0,0.2321,Non-Duplicate,2,False,0.5,4
5061,1,0.76,1.0,0.6667,1.0,0.9697,0.9983,0.0,0.9347,Medium,3,False,0.5,1
5062,0,0.4186,0.3534,0.3927,0.2902,0.0215,0.0232,0.0,0.2148,Non-Duplicate,0,False,0.5,4
5063,0,0.45,0.3308,0.4475,0.2206,0.024,0.0242,0.0,0.2164,Non-Duplicate,0,False,0.5,4
5064,0,0.5128,0.2782,0.2868,0.2133,0.0159,0.0181,0.0,0.185,Non-Duplicate,0,False,0.5,4
5065,0,0.4615,0.3085,0.4132,0.2741,0.0213,0.0204,0.0,0.2049,Non-Duplicate,0,False,0.5,4
5066,0,0.5128,0.3236,0.4059,0.2653,0.029,0.0323,0.0,0.2189,Non-Duplicate,0,False,0.5,4
5067,0,0.5128,0.4021,0.3744,0.3457,0.0345,0.0378,0.0,0.2456,Non-Duplicate,0,False,0.5,4
5068,1,0.8444,1.0,0.4333,1.0,0.9822,0.9917,0.0,0.9217,Hard,3,False,0.5,2
5069,0,0.4186,0.4309,0.1534,0.4303,0.0214,0.0209,0.0,0.2176,Non-Duplicate,0,False,0.5,4
5070,0,0.95,0.7367,0.3201,0.9539,0.4444,0.4743,0.0,0.5908,Non-Duplicate,3,False,0.5,4
5071,0,0.5641,0.2895,0.2571,0.2269,0.0186,0.0194,0.0,0.192,Non-Duplicate,0,False,0.5,4
5072,0,0.4444,0.407,0.6397,0.7153,0.0066,0.0068,0.0,0.2539,Non-Duplicate,2,False,0.5,4
5073,1,0.7308,0.9972,0.6233,1.0,0.9559,0.965,0.0,0.9164,Hard,3,False,0.5,2
5074,1,0.76,0.9802,0.6667,1.0,0.9499,0.9918,0.0,0.9216,Hard,3,False,0.5,2
5075,1,0.9268,1.0,0.4333,1.0,0.9948,0.9969,0.0,0.9341,Medium,3,False,0.5,1
5076,0,0.4186,0.3352,0.4653,0.2538,0.0189,0.0201,0.0,0.2144,Non-Duplicate,0,False,0.5,4
5077,0,0.5,0.368,0.4146,0.5381,0.008,0.0069,0.0,0.2236,Non-Duplicate,0,False,0.5,4
5078,1,0.8444,0.9983,0.6667,1.0,0.9881,0.9995,0.0,0.9474,Medium,3,False,0.5,1
5079,0,0.4651,0.3647,0.2826,0.2921,0.0176,0.0185,0.0,0.2105,Non-Duplicate,0,False,0.5,4
5080,1,0.8444,1.0,0.6667,1.0,0.9865,0.9962,0.0,0.947,Medium,3,False,0.5,1
5081,1,0.8627,1.0,1.0,1.0,0.9462,0.9505,0.0,0.9629,Easy,1,False,0.5,0
5082,0,0.5128,0.2926,0.5849,0.2342,0.02,0.0222,0.0,0.2216,Non-Duplicate,0,False,0.5,4
5083,1,0.9333,0.9858,0.4333,1.0,0.9904,0.9929,0.0,0.9279,Hard,3,False,0.5,2
5084,0,0.5,0.3856,0.1826,0.6306,0.0074,0.0074,0.0,0.2065,Non-Duplicate,2,False,0.5,4
5085,0,0.4651,0.332,0.3251,0.2622,0.0146,0.0154,0.0,0.202,Non-Duplicate,0,False,0.5,4
5086,0,0.5405,0.3354,0.3169,0.2663,0.0213,0.0241,0.0,0.2133,Non-Duplicate,0,False,0.5,4
5087,1,0.9302,1.0,1.0,1.0,0.9743,0.9746,0.0,0.9815,Easy,1,False,0.5,0
5088,0,0.4074,0.3385,0.3813,0.0163,0.0253,0.0287,0.0,0.2094,Non-Duplicate,0,False,0.5,4
5089,1,0.8065,0.9721,0.4333,1.0,0.9094,0.9384,0.0,0.8792,Hard,3,False,0.5,2
5090,1,0.9268,1.0,0.4881,1.0,0.9826,0.9869,0.0,0.9345,Medium,3,False,0.5,1
5091,1,0.9362,1.0,0.4333,1.0,0.9667,0.9672,0.0,0.9221,Hard,3,False,0.5,2
5092,1,0.8889,0.9956,0.4333,1.0,0.9867,0.9922,0.0,0.9258,Hard,3,False,0.5,2
5093,1,0.8571,0.9936,0.389,1.0,0.9007,0.9107,0.0,0.8797,Hard,3,False,0.5,2
5094,0,0.5581,0.7012,0.3055,0.8431,0.3065,0.3247,0.0,0.4734,Non-Duplicate,2,False,0.5,4
5095,1,0.8837,0.9934,0.6667,1.0,0.9804,0.9966,0.0,0.9472,Medium,3,False,0.5,1
5096,0,0.4545,0.416,0.3977,0.8285,0.0052,0.0048,0.0,0.2331,Non-Duplicate,2,False,0.5,4
5097,0,0.4762,0.4009,0.3493,0.6944,0.0043,0.0036,0.0,0.2247,Non-Duplicate,2,False,0.5,4
5098,1,0.9268,1.0,0.6667,1.0,0.9896,0.9927,0.0,0.9553,Easy,3,False,0.5,0
5099,1,0.7451,0.9701,1.0,1.0,0.953,0.9866,0.0,0.9496,Medium,1,False,0.5,1
5100,0,0.4545,0.4095,0.3105,0.3346,0.0221,0.0222,0.0,0.2298,Non-Duplicate,0,False,0.5,4
5101,0,0.5641,0.3197,0.3571,0.2356,0.0169,0.0186,0.0,0.212,Non-Duplicate,0,False,0.5,4
5102,0,0.5128,0.2801,0.3525,0.2133,0.0252,0.0285,0.0,0.1966,Non-Duplicate,0,False,0.5,4
5103,1,0.8444,1.0,0.6046,1.0,0.987,0.9861,0.0,0.9389,Medium,3,False,0.5,1
5104,1,0.7869,0.9984,0.4333,1.0,0.9979,1.0,0.0,0.9209,Hard,3,False,0.5,2
5105,1,0.7347,1.0,0.6667,1.0,0.9482,0.9518,0.0,0.9175,Hard,3,False,0.5,2
5106,1,0.9091,1.0,1.0,1.0,0.9336,0.9327,0.0,0.9609,Easy,1,False,0.5,0
5107,0,0.5128,0.3658,0.321,0.3676,0.0252,0.0274,0.0,0.2232,Non-Duplicate,0,False,0.5,4
5108,1,0.75,0.9898,0.6973,1.0,0.8935,0.9903,0.0,0.9126,Hard,3,False,0.5,2
5109,0,0.6111,0.3407,0.3438,0.2268,0.0204,0.0216,0.0,0.2242,Non-Duplicate,0,False,0.5,4
5110,1,0.8444,1.0,0.4333,1.0,0.9779,0.9983,0.0,0.9219,Hard,3,False,0.5,2
5111,0,0.4865,0.4122,0.379,0.972,0.0071,0.0078,0.0,0.2342,Non-Duplicate,2,False,0.5,4
5112,0,0.5405,0.4328,0.179,0.4382,0.0201,0.0232,0.0,0.2331,Non-Duplicate,0,False,0.5,4
5113,1,0.8837,0.9804,0.7667,1.0,0.9435,0.97,0.0,0.9381,Medium,1,False,0.5,1
5114,0,0.4186,0.4478,0.4886,0.9058,0.012,0.0124,0.0,0.2529,Non-Duplicate,2,False,0.5,4
5115,0,0.439,0.3585,0.2146,0.2947,0.0183,0.0184,0.0,0.1991,Non-Duplicate,0,False,0.5,4
5116,0,0.5366,0.4144,0.6416,0.3732,0.0199,0.0205,0.0,0.2719,Non-Duplicate,0,False,0.5,4
5117,1,0.8837,1.0,0.9534,1.0,0.989,0.9947,0.0,0.9799,Easy,1,False,0.5,0
5118,1,0.8889,0.9951,0.4018,1.0,0.9363,0.9422,0.0,0.8999,Hard,3,False,0.5,2
5119,1,0.8636,0.9983,0.6667,1.0,0.9686,0.9705,0.0,0.9387,Medium,3,False,0.5,1
5120,0,0.4878,0.3699,0.374,0.295,0.0213,0.0222,0.0,0.2254,Non-Duplicate,0,False,0.5,4
5121,1,0.7451,0.9648,0.6205,1.0,0.9402,0.9943,0.0,0.9081,Hard,3,False,0.5,2
5122,0,0.5,0.39,0.4283,0.7163,0.0079,0.007,0.0,0.2327,Non-Duplicate,2,False,0.5,4
5123,0,0.45,0.4294,0.3338,0.4028,0.0223,0.0241,0.0,0.2391,Non-Duplicate,0,False,0.5,4
5124,0,0.4615,0.3564,0.6032,0.3603,0.0218,0.0229,0.0,0.2412,Non-Duplicate,0,False,0.5,4
5125,1,0.7547,0.9944,0.6667,1.0,0.9481,0.9549,0.0,0.9182,Hard,3,False,0.5,2
5126,0,0.45,0.4156,0.605,0.3967,0.0214,0.024,0.0,0.2611,Non-Duplicate,0,False,0.5,4
5127,0,0.5128,0.339,0.4872,0.3038,0.0211,0.0242,0.0,0.2288,Non-Duplicate,0,False,0.5,4
5128,1,0.8889,0.9751,1.0,1.0,0.9334,0.9543,0.0,0.9544,Medium,1,False,0.5,1
5129,0,0.5116,0.8252,0.2881,0.9687,0.413,0.4245,0.0,0.5569,Non-Duplicate,2,False,0.5,4
5130,1,0.9268,1.0,0.8721,1.0,0.9958,0.9999,0.0,0.9788,Easy,1,False,0.5,0
5131,1,0.7308,0.9521,0.4333,1.0,0.8985,0.9863,0.0,0.8715,Hard,3,False,0.5,2
5132,1,0.7636,1.0,0.6466,1.0,0.9462,0.9447,0.0,0.9165,Hard,3,False,0.5,2
5133,1,0.7407,1.0,0.6667,1.0,1.0,1.0,0.0,0.9407,Medium,3,False,0.5,1
5134,0,0.3636,0.2565,0.6009,0.0123,0.0192,0.0208,0.0,0.1952,Non-Duplicate,0,False,0.5,4
5135,0,0.4444,0.4318,0.1662,0.8364,0.0146,0.0134,0.0,0.2185,Non-Duplicate,2,False,0.5,4
5136,1,0.8444,1.0,0.7484,1.0,1.0,1.0,0.0,0.9593,Easy,1,False,0.5,0
5137,1,0.8837,1.0,0.6667,1.0,0.9528,0.9503,0.0,0.9333,Medium,3,False,0.5,1
5138,0,0.5641,0.3504,0.4251,0.2338,0.0228,0.024,0.0,0.2321,Non-Duplicate,0,False,0.5,4
5139,0,0.4167,0.2988,0.4146,0.0143,0.0538,0.062,0.0,0.2136,Non-Duplicate,0,False,0.5,4
5140,1,0.7451,0.9693,1.0,1.0,0.9387,0.9929,0.0,0.947,Medium,1,False,0.5,1
5141,0,0.4091,0.3856,0.5877,0.351,0.0226,0.0216,0.0,0.2446,Non-Duplicate,0,False,0.5,4
5142,1,0.8525,0.9928,0.4023,1.0,0.9957,0.9999,0.0,0.9219,Hard,3,False,0.5,2
5143,1,0.7451,0.9787,0.9607,1.0,0.9637,0.9963,0.0,0.9533,Medium,1,False,0.5,1
5144,0,0.5641,0.2978,0.2804,0.2272,0.0243,0.0263,0.0,0.2,Non-Duplicate,0,False,0.5,4
5145,0,0.4615,0.2937,0.2265,0.2394,0.0173,0.0215,0.0,0.1802,Non-Duplicate,0,False,0.5,4
5146,1,0.9552,0.9993,0.6667,1.0,0.9998,0.9999,0.0,0.9619,Easy,3,False,0.5,0
5147,0,0.4865,0.3863,0.263,0.3351,0.0247,0.0295,0.0,0.2222,Non-Duplicate,0,False,0.5,4
5148,0,0.5128,0.3364,0.326,0.2968,0.0252,0.0246,0.0,0.2129,Non-Duplicate,0,False,0.5,4
5149,0,0.9,0.6889,0.3553,0.7595,0.3483,0.3644,0.0,0.5266,Non-Duplicate,2,False,0.5,4
5150,1,0.9268,0.992,0.6667,1.0,0.9883,0.9946,0.0,0.9526,Medium,3,False,0.5,1
5151,0,0.45,0.4041,0.3329,0.3746,0.0179,0.0185,0.0,0.2279,Non-Duplicate,0,False,0.5,4
5152,1,0.9057,0.9686,0.6667,1.0,0.9995,0.9995,0.0,0.946,Medium,3,False,0.5,1
5153,0,0.9,0.625,0.2667,0.62,0.2905,0.2983,0.0,0.4677,Non-Duplicate,2,False,0.5,4
5154,1,0.7451,0.9991,0.6667,1.0,0.9956,0.9997,0.0,0.9397,Medium,3,False,0.5,1
5155,1,0.84,1.0,0.6667,1.0,0.9847,0.9876,0.0,0.9444,Medium,3,False,0.5,1
5156,0,0.4444,0.4248,0.1575,0.0536,0.0237,0.0357,0.0,0.2219,Non-Duplicate,0,False,0.5,4
5157,1,0.8,0.9809,0.7667,1.0,0.9215,0.9897,0.0,0.9283,Hard,1,False,0.5,2
5158,1,0.9268,1.0,1.0,1.0,1.0,1.0,0.0,0.9927,Easy,1,False,0.5,0
5159,0,0.5405,0.419,0.3311,0.9328,0.0093,0.0099,0.0,0.2381,Non-Duplicate,2,False,0.5,4
5160,0,0.55,0.4067,0.3648,0.3768,0.0253,0.027,0.0,0.2455,Non-Duplicate,0,False,0.5,4
5161,1,0.8333,0.9961,0.6667,1.0,0.9789,0.9987,0.0,0.9431,Medium,3,False,0.5,1
5162,0,0.5641,0.3467,0.6091,0.3223,0.0224,0.0234,0.0,0.249,Non-Duplicate,0,False,0.5,4
5163,0,0.5128,0.2965,0.5767,0.2639,0.0157,0.0159,0.0,0.2198,Non-Duplicate,0,False,0.5,4
5164,1,0.76,1.0,0.7667,1.0,0.965,0.9816,0.0,0.9402,Medium,1,False,0.5,1
5165,1,0.8444,0.9915,0.7963,1.0,0.9877,0.9944,0.0,0.9569,Easy,1,False,0.5,0
5166,0,0.5641,0.3108,0.6059,0.2804,0.0158,0.0185,0.0,0.2334,Non-Duplicate,0,False,0.5,4
5167,0,0.5,0.4125,0.4,0.3892,0.0341,0.0357,0.0,0.25,Non-Duplicate,0,False,0.5,4
5168,1,0.9048,1.0,1.0,1.0,0.9954,0.9998,0.0,0.9893,Easy,1,False,0.5,0
5169,1,0.8636,0.9852,1.0,1.0,0.9632,0.9884,0.0,0.9697,Easy,1,False,0.5,0
5170,1,0.8696,0.9825,0.605,1.0,0.9038,0.9159,0.0,0.9005,Hard,3,False,0.5,2
5171,1,0.8511,1.0,0.7667,1.0,0.9731,0.982,0.0,0.9514,Medium,1,False,0.5,1
5172,1,0.8293,0.9751,0.4306,1.0,0.8607,0.8998,0.0,0.8624,Hard,3,False,0.5,2
5173,0,0.4889,0.1484,0.5507,0.046,0.0171,0.019,0.0,0.164,Non-Duplicate,0,False,0.5,4
5174,1,0.7547,1.0,0.6648,1.0,0.9865,0.9905,0.0,0.9367,Medium,3,False,0.5,1
5175,1,0.7407,0.9936,1.0,1.0,0.9771,0.996,0.0,0.9653,Easy,1,False,0.5,0
5176,1,0.9302,1.0,0.9411,1.0,0.9883,0.9917,0.0,0.9826,Easy,1,False,0.5,0
5177,0,0.3562,0.3007,0.589,0.0163,0.0202,0.0195,0.0,0.2087,Non-Duplicate,0,False,0.5,4
5178,0,0.4615,0.3573,0.4146,0.3267,0.0226,0.0253,0.0,0.2234,Non-Duplicate,0,False,0.5,4
5179,0,0.4615,0.3362,0.1977,0.2809,0.0256,0.0271,0.0,0.1954,Non-Duplicate,0,False,0.5,4
5180,0,0.3636,0.3393,0.1644,0.2781,0.0174,0.0197,0.0,0.1798,Non-Duplicate,0,False,0.5,4
5181,1,0.7308,0.9783,0.9192,1.0,0.9619,0.996,0.0,0.9471,Medium,1,False,0.5,1
5182,1,0.898,1.0,1.0,1.0,0.9855,0.9917,0.0,0.9845,Easy,1,False,0.5,0
5183,1,0.76,0.9985,0.6461,1.0,0.9861,0.9985,0.0,0.9363,Medium,3,False,0.5,1
5184,1,0.76,0.9546,0.4854,1.0,0.9022,0.9581,0.0,0.8758,Hard,3,False,0.5,2
5185,0,0.95,0.6834,0.3913,0.7914,0.3845,0.3806,0.0,0.5456,Non-Duplicate,3,False,0.5,4
5186,0,0.5263,0.4662,0.5635,0.8111,0.0193,0.0203,0.0,0.2811,Non-Duplicate,2,False,0.5,4
5187,0,0.5641,0.3508,0.311,0.326,0.0251,0.0278,0.0,0.2221,Non-Duplicate,0,False,0.5,4
5188,0,0.5128,0.3306,0.1836,0.2865,0.0233,0.0247,0.0,0.1961,Non-Duplicate,0,False,0.5,4
5189,0,0.3793,0.4269,0.4909,0.0712,0.0194,0.0178,0.0,0.2448,Non-Duplicate,0,False,0.5,4
5190,1,0.8444,1.0,0.6667,1.0,0.9864,0.9958,0.0,0.9469,Medium,3,False,0.5,1
5191,0,0.3582,0.3772,0.2671,0.0478,0.0201,0.0163,0.0,0.2029,Non-Duplicate,0,False,0.5,4
5192,0,0.3478,0.2621,0.3438,0.0108,0.0388,0.0491,0.0,0.1804,Non-Duplicate,0,False,0.5,4
5193,1,0.7742,1.0,0.6667,1.0,0.9094,0.9086,0.0,0.9032,Hard,3,False,0.5,2
5194,1,0.7547,1.0,1.0,1.0,0.9863,0.9878,0.0,0.9696,Easy,1,False,0.5,0
5195,1,0.7857,1.0,0.6667,1.0,0.9255,0.9364,0.0,0.9139,Hard,3,False,0.5,2
5196,0,0.5641,0.321,0.326,0.2625,0.0179,0.0193,0.0,0.2097,Non-Duplicate,0,False,0.5,4
5197,1,0.8772,0.9816,0.658,1.0,0.9838,0.9907,0.0,0.9412,Medium,3,False,0.5,1
5198,0,0.4103,0.4552,0.2511,0.9159,0.0189,0.0215,0.0,0.2345,Non-Duplicate,2,False,0.5,4
5199,1,0.8837,1.0,0.7667,1.0,0.9962,0.9995,0.0,0.964,Easy,1,False,0.5,0
5200,1,0.9412,1.0,0.6667,1.0,0.9891,0.9989,0.0,0.9578,Easy,3,False,0.5,0
5201,0,0.6,0.3738,0.3105,0.2132,0.1347,0.1436,0.0,0.2842,Non-Duplicate,0,False,0.5,4
5202,1,0.7308,0.9971,1.0,1.0,0.9889,0.9944,0.0,0.9682,Easy,1,False,0.5,0
5203,1,0.8333,0.9691,0.4333,1.0,0.9557,0.9884,0.0,0.9024,Hard,3,False,0.5,2
5204,1,0.8444,1.0,1.0,1.0,0.9938,0.9978,0.0,0.9825,Easy,1,False,0.5,0
5205,1,0.9091,1.0,1.0,1.0,0.9666,0.9898,0.0,0.9805,Easy,1,False,0.5,0
5206,1,0.8636,1.0,0.9849,1.0,0.8866,0.8839,0.0,0.9333,Medium,1,False,0.5,1
5207,0,0.5405,0.3945,0.3005,0.9643,0.0087,0.0085,0.0,0.226,Non-Duplicate,2,False,0.5,4
5208,1,0.7797,1.0,0.6667,1.0,0.9947,0.9992,0.0,0.9432,Medium,3,False,0.5,1
5209,0,0.5641,0.4023,0.6434,0.3636,0.0208,0.0196,0.0,0.2707,Non-Duplicate,0,False,0.5,4
5210,0,0.95,0.6783,0.3064,0.903,0.2863,0.2979,0.0,0.4942,Non-Duplicate,2,False,0.5,4
5211,0,0.5,0.4141,0.4475,0.6947,0.0202,0.0204,0.0,0.2488,Non-Duplicate,2,False,0.5,4
5212,0,0.3793,0.3188,0.2466,0.018,0.0556,0.0686,0.0,0.2018,Non-Duplicate,0,False,0.5,4
5213,0,0.85,0.6096,0.3658,0.7638,0.2259,0.2416,0.0,0.4397,Non-Duplicate,2,False,0.5,4
5214,0,0.3438,0.3431,0.2868,0.0175,0.0545,0.0577,0.0,0.2083,Non-Duplicate,0,False,0.5,4
5215,1,0.8444,1.0,0.4333,1.0,0.974,0.9748,0.0,0.9162,Hard,3,False,0.5,2
5216,0,0.5128,0.2733,0.3384,0.2285,0.0211,0.0214,0.0,0.1903,Non-Duplicate,0,False,0.5,4
5217,0,0.9048,0.9137,0.4027,0.6631,0.3238,0.3264,0.0,0.5968,Non-Duplicate,3,False,0.5,4
5218,1,0.76,0.9984,0.3954,1.0,0.9925,0.9995,0.0,0.913,Hard,3,False,0.5,2
5219,1,0.8293,1.0,0.4064,1.0,0.9535,0.9542,0.0,0.9028,Hard,3,False,0.5,2
5220,1,0.8929,1.0,0.4333,1.0,0.9532,0.9687,0.0,0.9147,Hard,3,False,0.5,2
5221,0,0.4615,0.3063,0.2712,0.2645,0.0271,0.0287,0.0,0.193,Non-Duplicate,0,False,0.5,4
5222,1,0.7308,0.9983,0.4333,1.0,0.9682,0.975,0.0,0.9028,Hard,3,False,0.5,2
5223,1,0.8696,1.0,0.4333,1.0,0.9265,0.9296,0.0,0.8978,Hard,3,False,0.5,2
5224,1,0.7407,1.0,0.6667,1.0,0.9868,0.9903,0.0,0.9355,Medium,3,False,0.5,1
5225,1,0.7636,0.9822,0.6667,1.0,0.9099,0.9293,0.0,0.9001,Hard,3,False,0.5,2
5226,0,0.55,0.3346,0.2621,0.2309,0.024,0.0256,0.0,0.2094,Non-Duplicate,0,False,0.5,4
5227,0,0.4878,0.421,0.2484,0.4021,0.0189,0.0194,0.0,0.2296,Non-Duplicate,0,False,0.5,4
5228,1,0.7636,0.9748,0.484,1.0,0.939,0.9864,0.0,0.898,Hard,3,False,0.5,2
5229,0,0.5128,0.2805,0.3543,0.2123,0.0175,0.0179,0.0,0.1929,Non-Duplicate,0,False,0.5,4
5230,0,0.3478,0.2762,0.4059,0.0122,0.0393,0.0444,0.0,0.1908,Non-Duplicate,0,False,0.5,4
5231,0,0.5128,0.2806,0.3817,0.217,0.0181,0.0215,0.0,0.1965,Non-Duplicate,0,False,0.5,4
5232,1,0.7692,1.0,0.4333,1.0,0.9926,0.9997,0.0,0.9183,Hard,3,False,0.5,2
5233,0,0.4889,0.3865,0.1808,0.771,0.0053,0.0035,0.0,0.2043,Non-Duplicate,2,False,0.5,4
5234,1,0.8372,1.0,1.0,1.0,0.9744,0.9765,0.0,0.9726,Easy,1,False,0.5,0
5235,1,0.8837,1.0,0.6667,1.0,0.9843,0.9839,0.0,0.9479,Medium,3,False,0.5,1
5236,0,0.383,0.4515,0.2616,0.0551,0.0217,0.0298,0.0,0.2339,Non-Duplicate,0,False,0.5,4
5237,1,0.8085,1.0,0.6667,1.0,0.9967,0.9996,0.0,0.9466,Medium,3,False,0.5,1
5238,0,0.4615,0.3841,0.3543,0.3633,0.0236,0.0247,0.0,0.2269,Non-Duplicate,0,False,0.5,4
5239,0,0.5128,0.3618,0.2489,0.3419,0.0262,0.0282,0.0,0.215,Non-Duplicate,0,False,0.5,4
5240,1,0.8636,1.0,0.6667,1.0,0.9576,0.9715,0.0,0.9367,Medium,3,False,0.5,1
5241,1,0.9268,1.0,0.7667,1.0,0.9594,0.9662,0.0,0.9524,Medium,1,False,0.5,1
5242,0,0.5128,0.339,0.2726,0.2718,0.0227,0.0233,0.0,0.2075,Non-Duplicate,0,False,0.5,4
5243,1,0.76,0.9941,1.0,1.0,0.9921,0.999,0.0,0.9717,Easy,1,False,0.5,0
5244,0,0.4878,0.4492,0.2151,0.8781,0.0201,0.0248,0.0,0.2375,Non-Duplicate,2,False,0.5,4
5245,1,0.7636,1.0,1.0,1.0,0.9488,0.9478,0.0,0.9531,Medium,1,False,0.5,1
5246,1,0.7869,1.0,0.6009,1.0,0.9544,0.9559,0.0,0.9186,Hard,3,False,0.5,2
5247,0,0.5128,0.2978,0.3502,0.2465,0.0218,0.0224,0.0,0.2004,Non-Duplicate,0,False,0.5,4
5248,1,0.8511,0.9912,1.0,1.0,0.9966,0.9999,0.0,0.9812,Easy,1,False,0.5,0
5249,1,0.8667,1.0,0.879,1.0,0.9981,0.9988,0.0,0.9738,Easy,1,False,0.5,0
5250,1,0.9302,1.0,0.6521,1.0,0.981,0.9979,0.0,0.953,Medium,3,False,0.5,1
5251,0,0.4651,0.3597,0.2959,0.2942,0.0168,0.0179,0.0,0.2098,Non-Duplicate,0,False,0.5,4
5252,1,0.8293,1.0,0.6845,1.0,0.9846,0.9985,0.0,0.9472,Medium,3,False,0.5,1
5253,0,0.5946,0.4307,0.4174,0.4411,0.0189,0.0197,0.0,0.2606,Non-Duplicate,0,False,0.5,4
5254,1,0.7692,0.9161,0.6667,1.0,0.8653,0.9181,0.0,0.8642,Hard,3,False,0.5,2
5255,1,0.8889,1.0,0.9927,1.0,0.966,0.9709,0.0,0.9739,Easy,1,False,0.5,0
5256,0,0.5128,0.4163,0.4219,0.419,0.019,0.0186,0.0,0.2476,Non-Duplicate,0,False,0.5,4
5257,1,0.7308,1.0,1.0,1.0,0.9597,0.9722,0.0,0.9574,Easy,1,False,0.5,0
5258,1,0.7407,1.0,1.0,1.0,0.9894,0.9904,0.0,0.9695,Easy,1,False,0.5,0
5259,0,0.4545,0.4104,0.253,0.6566,0.0092,0.011,0.0,0.2189,Non-Duplicate,2,False,0.5,4
5260,0,0.5238,0.368,0.3982,0.3157,0.0275,0.0283,0.0,0.2335,Non-Duplicate,0,False,0.5,4
5261,0,0.3284,0.251,0.458,0.0137,0.0386,0.0436,0.0,0.1849,Non-Duplicate,0,False,0.5,4
5262,0,0.4878,0.4305,0.4228,0.9737,0.0088,0.0089,0.0,0.2457,Non-Duplicate,2,False,0.5,4
5263,0,0.4762,0.4375,0.5886,0.8531,0.0162,0.0159,0.0,0.2668,Non-Duplicate,2,False,0.5,4
5264,0,0.3929,0.4056,0.2703,0.0519,0.0163,0.0179,0.0,0.2159,Non-Duplicate,0,False,0.5,4
5265,0,0.4737,0.4218,0.6251,0.6492,0.012,0.0136,0.0,0.2632,Non-Duplicate,2,False,0.5,4
5266,0,0.45,0.4138,0.6347,0.3859,0.0294,0.0325,0.0,0.2672,Non-Duplicate,0,False,0.5,4
5267,0,0.4615,0.3868,0.158,0.306,0.0226,0.024,0.0,0.2078,Non-Duplicate,0,False,0.5,4
5268,0,0.4186,0.4457,0.3594,0.0557,0.0192,0.0235,0.0,0.2433,Non-Duplicate,0,False,0.5,4
5269,0,0.4,0.413,0.595,0.3924,0.0263,0.0294,0.0,0.2565,Non-Duplicate,0,False,0.5,4
5270,1,0.7308,1.0,0.6667,1.0,0.9351,0.9342,0.0,0.9104,Hard,3,False,0.5,2
5271,1,0.8261,0.9973,0.6667,1.0,0.9537,0.972,0.0,0.9312,Hard,3,False,0.5,2
5272,0,0.6842,0.3906,0.2785,0.3517,0.0284,0.0284,0.0,0.2458,Non-Duplicate,0,False,0.5,4
5273,0,0.5128,0.3124,0.2963,0.2797,0.0236,0.0279,0.0,0.2017,Non-Duplicate,0,False,0.5,4
5274,0,0.5366,0.387,0.1758,0.5559,0.0072,0.0114,0.0,0.2107,Non-Duplicate,2,False,0.5,4
5275,1,0.961,1.0,0.4333,1.0,0.9994,0.9998,0.0,0.9392,Medium,3,False,0.5,1
5276,0,0.4651,0.4114,0.3461,0.3711,0.0225,0.0234,0.0,0.2354,Non-Duplicate,0,False,0.5,4
5277,0,0.4103,0.414,0.3342,0.7052,0.0173,0.0209,0.0,0.2279,Non-Duplicate,2,False,0.5,4
5278,0,0.5116,0.3831,0.4292,0.3358,0.0179,0.0193,0.0,0.2365,Non-Duplicate,0,False,0.5,4
5279,0,0.5238,0.4637,0.5128,0.9436,0.0204,0.0217,0.0,0.2754,Non-Duplicate,2,False,0.5,4
5280,0,0.5405,0.3732,0.2918,0.3234,0.0156,0.0171,0.0,0.2212,Non-Duplicate,0,False,0.5,4
5281,0,0.5641,0.2832,0.3708,0.2485,0.0137,0.0174,0.0,0.1995,Non-Duplicate,0,False,0.5,4
5282,0,0.5128,0.334,0.5283,0.2688,0.0147,0.0155,0.0,0.2278,Non-Duplicate,0,False,0.5,4
5283,0,0.4878,0.3657,0.3982,0.2987,0.02,0.0215,0.0,0.2259,Non-Duplicate,0,False,0.5,4
5284,1,0.7797,1.0,0.6256,1.0,1.0,1.0,0.0,0.9405,Medium,3,False,0.5,1
5285,1,0.7407,0.9985,0.5644,1.0,0.9493,0.9502,0.0,0.9073,Hard,3,False,0.5,2
5286,0,0.4103,0.416,0.3986,0.6881,0.0271,0.0263,0.0,0.2385,Non-Duplicate,2,False,0.5,4
5287,1,0.8936,1.0,1.0,1.0,1.0,1.0,0.0,0.9894,Easy,1,False,0.5,0
5288,1,0.9302,0.9753,0.7667,1.0,0.9602,0.9642,0.0,0.944,Medium,1,False,0.5,1
5289,0,0.4615,0.2936,0.2539,0.2366,0.0131,0.0133,0.0,0.1802,Non-Duplicate,0,False,0.5,4
5290,0,0.95,0.7116,0.3402,0.8545,0.4542,0.4715,0.0,0.5859,Non-Duplicate,3,False,0.5,4
5291,0,0.4878,0.3949,0.2406,0.3284,0.0211,0.0221,0.0,0.2208,Non-Duplicate,0,False,0.5,4
5292,1,0.7308,0.9969,0.6667,1.0,0.9625,0.9729,0.0,0.9239,Hard,3,False,0.5,2
5293,0,0.5128,0.3117,0.3301,0.2755,0.0142,0.0147,0.0,0.1999,Non-Duplicate,0,False,0.5,4
5294,0,0.4762,0.4276,0.4041,0.6167,0.0101,0.0108,0.0,0.2424,Non-Duplicate,2,False,0.5,4
5295,1,0.9268,1.0,1.0,1.0,0.988,0.9873,0.0,0.9871,Easy,1,False,0.5,0
5296,0,0.4651,0.4044,0.3959,0.3673,0.0213,0.0212,0.0,0.2372,Non-Duplicate,0,False,0.5,4
5297,1,0.8889,1.0,1.0,1.0,0.9792,0.9966,0.0,0.983,Easy,1,False,0.5,0
5298,0,0.6842,0.4189,0.5484,0.4369,0.0186,0.0177,0.0,0.2781,Non-Duplicate,0,False,0.5,4
5299,0,0.4615,0.3302,0.3224,0.2289,0.0205,0.0213,0.0,0.2033,Non-Duplicate,0,False,0.5,4
5300,1,0.7407,1.0,0.6991,1.0,0.943,0.9407,0.0,0.9179,Hard,3,False,0.5,2
5301,1,0.8936,1.0,0.4763,1.0,0.9814,0.9977,0.0,0.9319,Medium,3,False,0.5,1
5302,1,0.9302,1.0,0.6105,1.0,1.0,1.0,0.0,0.9541,Medium,3,False,0.5,1
5303,1,0.9302,1.0,0.6434,1.0,0.9761,0.9758,0.0,0.9466,Medium,3,False,0.5,1
5304,1,0.8444,1.0,0.6667,1.0,0.9817,0.9863,0.0,0.9438,Medium,3,False,0.5,1
5305,0,0.5902,0.4522,0.2689,0.9845,0.6403,0.8637,0.0,0.577,Non-Duplicate,2,False,0.5,4
5306,1,0.7451,0.969,0.7667,1.0,0.9614,0.9923,0.0,0.9292,Hard,1,False,0.5,2
5307,0,0.4091,0.4335,0.3009,0.4443,0.0304,0.0325,0.0,0.2368,Non-Duplicate,0,False,0.5,4
5308,1,0.8444,1.0,1.0,1.0,0.9778,0.9864,0.0,0.9762,Easy,1,False,0.5,0
5309,0,0.5366,0.9111,0.2635,0.6321,0.3379,0.3498,0.0,0.5534,Non-Duplicate,2,False,0.5,4
5310,0,0.7755,0.7978,0.3539,0.9422,0.2977,0.312,0.0,0.529,Non-Duplicate,2,False,0.5,4
5311,1,0.75,0.9918,1.0,1.0,0.9785,0.9987,0.0,0.9665,Easy,1,False,0.5,0
5312,1,0.8444,1.0,0.7397,1.0,0.9975,0.9997,0.0,0.9577,Easy,1,False,0.5,0
5313,1,0.7869,1.0,0.6667,1.0,0.9394,0.9482,0.0,0.9198,Hard,3,False,0.5,2
5314,1,0.7451,1.0,0.3995,1.0,0.9749,0.9757,0.0,0.9033,Hard,3,False,0.5,2
5315,0,0.5128,0.3945,0.2662,0.3482,0.0263,0.029,0.0,0.2283,Non-Duplicate,0,False,0.5,4
5316,0,0.4651,0.3581,0.3393,0.298,0.0214,0.0224,0.0,0.2156,Non-Duplicate,0,False,0.5,4
5317,1,0.9268,0.9857,0.9808,1.0,0.979,0.9862,0.0,0.9778,Easy,1,False,0.5,0
5318,1,0.8889,1.0,1.0,1.0,0.9628,0.9712,0.0,0.9738,Easy,1,False,0.5,0
5319,0,0.4651,0.3745,0.3288,0.2994,0.0193,0.0218,0.0,0.2197,Non-Duplicate,0,False,0.5,4
5320,0,0.439,0.454,0.5055,0.8742,0.02,0.0216,0.0,0.2627,Non-Duplicate,2,False,0.5,4
5321,0,0.4528,0.211,0.5831,0.0165,0.032,0.0313,0.0,0.1917,Non-Duplicate,0,False,0.5,4
5322,1,0.7407,1.0,0.6667,1.0,0.9441,0.9497,0.0,0.9167,Hard,3,False,0.5,2
5323,0,0.4878,0.4654,0.4932,0.874,0.0187,0.0206,0.0,0.2698,Non-Duplicate,2,False,0.5,4
5324,0,0.4651,0.4449,0.5397,0.8991,0.0275,0.0287,0.0,0.2688,Non-Duplicate,2,False,0.5,4
5325,0,0.4651,0.4004,0.2037,0.9831,0.0178,0.0161,0.0,0.2147,Non-Duplicate,2,False,0.5,4
5326,0,0.4878,0.3629,0.2689,0.3218,0.0134,0.0144,0.0,0.2089,Non-Duplicate,0,False,0.5,4
5327,1,0.7797,1.0,1.0,1.0,0.9063,0.9052,0.0,0.9356,Medium,1,False,0.5,1
5328,0,0.5,0.3237,0.3667,0.2419,0.0178,0.0185,0.0,0.2081,Non-Duplicate,0,False,0.5,4
5329,0,0.5714,0.417,0.5539,0.4249,0.0186,0.0227,0.0,0.2677,Non-Duplicate,0,False,0.5,4
5330,1,0.8696,1.0,0.5338,1.0,0.9521,0.9494,0.0,0.9182,Hard,3,False,0.5,2
5331,1,0.9057,1.0,0.5986,1.0,0.9723,0.9755,0.0,0.9386,Medium,3,False,0.5,1
5332,0,0.439,0.4345,0.3726,0.4472,0.0162,0.0162,0.0,0.2405,Non-Duplicate,0,False,0.5,4
5333,0,0.4651,0.3646,0.411,0.3039,0.0184,0.0191,0.0,0.2236,Non-Duplicate,0,False,0.5,4
5334,0,0.4545,0.4247,0.5274,0.8801,0.0076,0.0073,0.0,0.2502,Non-Duplicate,2,False,0.5,4
5335,0,0.4737,0.3781,0.1648,0.6111,0.0086,0.0105,0.0,0.2004,Non-Duplicate,2,False,0.5,4
5336,1,0.9268,1.0,1.0,1.0,0.9761,0.9832,0.0,0.9834,Easy,1,False,0.5,0
5337,1,0.8837,0.9973,0.6667,1.0,0.9798,0.9984,0.0,0.9487,Medium,3,False,0.5,1
5338,0,0.5128,0.7941,0.2269,0.7567,0.3817,0.3876,0.0,0.5249,Non-Duplicate,2,False,0.5,4
5339,0,0.5128,0.3825,0.421,0.3188,0.0612,0.0644,0.0,0.2554,Non-Duplicate,0,False,0.5,4
5340,1,0.9412,1.0,0.4333,1.0,0.9593,0.9589,0.0,0.9191,Hard,3,False,0.5,2
5341,1,0.9048,1.0,0.6667,1.0,0.9952,0.9997,0.0,0.9559,Easy,3,False,0.5,0
5342,0,0.4651,0.3623,0.3256,0.3063,0.0204,0.0217,0.0,0.2153,Non-Duplicate,0,False,0.5,4
5343,0,0.4545,0.4513,0.1352,0.9378,0.014,0.0143,0.0,0.2233,Non-Duplicate,2,False,0.5,4
5344,1,0.8571,1.0,0.7667,1.0,0.9437,0.9552,0.0,0.9394,Medium,1,False,0.5,1
5345,1,0.8519,1.0,0.5406,1.0,0.9631,0.9617,0.0,0.9224,Hard,3,False,0.5,2
5346,1,0.7308,0.9951,1.0,1.0,0.9553,0.9965,0.0,0.9595,Easy,1,False,0.5,0
5347,1,0.8889,1.0,0.6667,1.0,0.9453,0.9442,0.0,0.9307,Hard,3,False,0.5,2
5348,0,0.45,0.404,0.6315,0.3912,0.0193,0.0173,0.0,0.2578,Non-Duplicate,0,False,0.5,4
5349,1,0.8333,1.0,1.0,1.0,0.9523,0.9509,0.0,0.9616,Easy,1,False,0.5,0
5350,0,0.5128,0.3094,0.2817,0.2775,0.0207,0.0205,0.0,0.197,Non-Duplicate,0,False,0.5,4
5351,1,0.7692,1.0,0.4333,1.0,1.0,1.0,0.0,0.9203,Hard,3,False,0.5,2
5352,1,0.9275,1.0,0.6667,1.0,1.0,1.0,0.0,0.9594,Easy,3,False,0.5,0
5353,1,0.9492,0.9982,0.6667,1.0,0.9996,1.0,0.0,0.9608,Easy,3,False,0.5,0
5354,0,0.4737,0.4304,0.3836,0.9422,0.0137,0.0153,0.0,0.2429,Non-Duplicate,2,False,0.5,4
5355,1,0.8679,1.0,0.4333,1.0,0.877,0.8979,0.0,0.879,Hard,3,False,0.5,2
5356,1,0.9268,1.0,1.0,1.0,0.9885,0.992,0.0,0.9882,Easy,1,False,0.5,0
5357,1,0.898,1.0,1.0,1.0,1.0,1.0,0.0,0.9898,Easy,1,False,0.5,0
5358,1,0.8727,0.9964,0.7667,1.0,0.9717,0.9753,0.0,0.9507,Medium,1,False,0.5,1
5359,0,0.5,0.4265,0.7393,0.7349,0.0116,0.0115,0.0,0.2784,Non-Duplicate,2,False,0.5,4
5360,0,0.5128,0.3258,0.4279,0.2849,0.0197,0.0216,0.0,0.2173,Non-Duplicate,0,False,0.5,4
5361,0,0.4651,0.3685,0.4023,0.311,0.02,0.0205,0.0,0.2248,Non-Duplicate,0,False,0.5,4
5362,0,0.5641,0.4115,0.3822,0.3869,0.0255,0.0273,0.0,0.2505,Non-Duplicate,0,False,0.5,4
5363,1,0.8333,0.9884,0.6667,1.0,0.9647,0.9727,0.0,0.9316,Hard,3,False,0.5,2
5364,0,0.5946,0.4068,0.4315,0.3601,0.0199,0.0202,0.0,0.254,Non-Duplicate,0,False,0.5,4
5365,1,0.8837,1.0,1.0,1.0,0.9775,0.9775,0.0,0.9783,Easy,1,False,0.5,0
5366,1,0.8095,1.0,0.6667,1.0,0.9706,0.9725,0.0,0.9348,Medium,3,False,0.5,1
5367,0,0.5556,0.3323,0.232,0.2358,0.0218,0.0228,0.0,0.205,Non-Duplicate,0,False,0.5,4
5368,1,0.9268,0.995,1.0,1.0,0.9889,0.9994,0.0,0.9881,Easy,1,False,0.5,0
5369,0,0.4186,0.4441,0.4416,0.059,0.0198,0.0186,0.0,0.2501,Non-Duplicate,0,False,0.5,4
5370,1,0.8261,1.0,0.6667,1.0,0.9613,0.9592,0.0,0.9314,Hard,3,False,0.5,2
5371,0,0.4186,0.4021,0.4123,0.3478,0.0279,0.0308,0.0,0.2369,Non-Duplicate,0,False,0.5,4
5372,1,0.7308,0.9703,0.7507,1.0,0.9311,0.9646,0.0,0.9135,Hard,1,False,0.5,2
5373,0,0.4651,0.3715,0.4324,0.3261,0.0213,0.0219,0.0,0.2295,Non-Duplicate,0,False,0.5,4
5374,0,0.4651,0.821,0.2315,0.9769,0.4343,0.4536,0.0,0.5563,Non-Duplicate,2,False,0.5,4
5375,1,0.7692,0.9885,0.7667,1.0,0.9391,0.9464,0.0,0.9236,Hard,1,False,0.5,2
5376,1,0.8837,0.9832,0.7667,1.0,0.9739,0.9985,0.0,0.9523,Medium,1,False,0.5,1
5377,0,0.4,0.4164,0.3667,0.3952,0.0265,0.0259,0.0,0.2342,Non-Duplicate,0,False,0.5,4
5378,1,0.9268,1.0,0.6667,1.0,0.9903,0.9994,0.0,0.9568,Easy,3,False,0.5,0
5379,0,0.4186,0.4278,0.6703,0.7639,0.0093,0.0083,0.0,0.2626,Non-Duplicate,2,False,0.5,4
5380,0,0.9,0.7173,0.3763,0.8991,0.4543,0.4712,0.0,0.5865,Non-Duplicate,3,False,0.5,4
5381,0,0.36,0.3824,0.5676,0.0195,0.0318,0.0358,0.0,0.2417,Non-Duplicate,0,False,0.5,4
5382,1,0.7308,1.0,0.4333,1.0,0.9657,0.997,0.0,0.9072,Hard,3,False,0.5,2
5383,0,0.5128,0.3377,0.4137,0.3129,0.0223,0.0237,0.0,0.2212,Non-Duplicate,0,False,0.5,4
5384,1,0.9302,1.0,0.9123,1.0,0.967,0.9673,0.0,0.9695,Easy,1,False,0.5,0
5385,0,0.4186,0.4499,0.2785,0.8393,0.0161,0.0191,0.0,0.235,Non-Duplicate,2,False,0.5,4
5386,0,0.5128,0.3138,0.4808,0.2833,0.0201,0.0215,0.0,0.2185,Non-Duplicate,0,False,0.5,4
5387,1,0.7407,1.0,0.9388,1.0,0.9465,0.9495,0.0,0.9445,Medium,1,False,0.5,1
5388,0,0.5789,0.3752,0.2708,0.3069,0.024,0.0242,0.0,0.2272,Non-Duplicate,0,False,0.5,4
5389,0,0.4103,0.4359,0.3995,0.7106,0.0214,0.0227,0.0,0.2435,Non-Duplicate,2,False,0.5,4
5390,1,0.8444,0.9845,0.6667,1.0,0.9553,0.9859,0.0,0.9317,Medium,3,False,0.5,1
5391,0,0.4651,0.4047,0.2224,0.3721,0.0203,0.0209,0.0,0.2196,Non-Duplicate,0,False,0.5,4
5392,1,0.7451,0.9751,0.6247,1.0,0.9534,0.9954,0.0,0.9157,Hard,3,False,0.5,2
5393,0,0.5128,0.2739,0.4612,0.2241,0.019,0.0202,0.0,0.202,Non-Duplicate,0,False,0.5,4
5394,0,0.4615,0.2849,0.3429,0.2225,0.0266,0.0285,0.0,0.1925,Non-Duplicate,0,False,0.5,4
5395,0,0.4186,0.3257,0.3676,0.252,0.0175,0.019,0.0,0.2008,Non-Duplicate,0,False,0.5,4
5396,1,0.8511,1.0,0.4119,1.0,0.9804,0.9977,0.0,0.9209,Hard,3,False,0.5,2
5397,0,0.5128,0.3152,0.3566,0.2785,0.0213,0.0216,0.0,0.2069,Non-Duplicate,0,False,0.5,4
5398,1,0.7308,0.9676,1.0,1.0,0.9504,0.995,0.0,0.9484,Medium,1,False,0.5,1
5399,0,0.5128,0.2743,0.5461,0.2212,0.0198,0.0217,0.0,0.2112,Non-Duplicate,0,False,0.5,4
5400,0,0.4545,0.4156,0.5146,0.6848,0.0165,0.0184,0.0,0.2502,Non-Duplicate,2,False,0.5,4
5401,1,0.7407,0.9895,0.6667,1.0,0.9645,0.9955,0.0,0.9273,Hard,3,False,0.5,2
5402,1,0.9268,0.9972,0.7667,1.0,0.9707,0.9717,0.0,0.9554,Easy,1,False,0.5,0
5403,1,0.8889,1.0,0.4333,1.0,0.9805,0.9904,0.0,0.9254,Hard,3,False,0.5,2
5404,1,0.76,0.9984,0.5872,1.0,0.9631,0.9724,0.0,0.9194,Hard,3,False,0.5,2
5405,1,0.8837,0.9834,0.6416,1.0,0.9663,0.9824,0.0,0.9348,Medium,3,False,0.5,1
5406,0,0.7027,0.7708,0.5776,0.7596,0.3782,0.4186,0.0,0.5761,Non-Duplicate,2,False,0.5,4
5407,0,0.4186,0.4552,0.4671,0.938,0.011,0.0145,0.0,0.2535,Non-Duplicate,2,False,0.5,4
5408,1,0.7586,0.9744,1.0,1.0,0.8981,0.9396,0.0,0.9293,Hard,1,False,0.5,2
5409,1,0.7451,0.9929,1.0,1.0,0.9806,0.9989,0.0,0.9669,Easy,1,False,0.5,0
5410,1,0.9057,1.0,0.4333,1.0,0.9249,0.9295,0.0,0.901,Hard,3,False,0.5,2
5411,1,0.8444,0.9972,0.6667,1.0,1.0,1.0,0.0,0.9501,Medium,3,False,0.5,1
5412,0,0.5128,0.2986,0.3032,0.25,0.0172,0.0178,0.0,0.194,Non-Duplicate,0,False,0.5,4
5413,1,0.7347,1.0,0.6667,1.0,0.94,0.9402,0.0,0.9132,Hard,3,False,0.5,2
5414,1,0.8889,1.0,0.7406,1.0,0.9538,0.9619,0.0,0.9438,Medium,3,False,0.5,1
5415,1,0.8636,1.0,0.6667,1.0,0.9754,0.9859,0.0,0.9441,Medium,3,False,0.5,1
5416,0,0.4186,0.3262,0.3489,0.2543,0.0156,0.0165,0.0,0.1981,Non-Duplicate,0,False,0.5,4
5417,1,0.8889,1.0,0.8658,1.0,0.9876,0.9992,0.0,0.9722,Easy,1,False,0.5,0
5418,1,0.9091,0.9895,0.6667,1.0,0.9748,0.997,0.0,0.947,Medium,3,False,0.5,1
5419,0,0.5128,0.3745,0.2667,0.3033,0.0196,0.0205,0.0,0.2181,Non-Duplicate,0,False,0.5,4
5420,1,0.8444,1.0,1.0,1.0,0.9704,0.9741,0.0,0.9719,Easy,1,False,0.5,0
5421,1,0.8182,0.9921,0.7667,1.0,0.9213,0.9381,0.0,0.9236,Hard,1,False,0.5,2
5422,1,0.878,1.0,1.0,1.0,0.9227,0.9222,0.0,0.9529,Medium,1,False,0.5,1
5423,1,0.7347,0.9797,0.5886,1.0,0.9491,0.9969,0.0,0.9119,Hard,3,False,0.5,2
5424,1,0.9333,1.0,1.0,1.0,0.9937,0.9991,0.0,0.9916,Easy,1,False,0.5,0
5425,1,0.8814,0.9975,0.4333,1.0,0.9999,1.0,0.0,0.9306,Hard,3,False,0.5,2
5426,0,0.439,0.4065,0.5831,0.7047,0.0159,0.0145,0.0,0.2514,Non-Duplicate,2,False,0.5,4
5427,1,0.8444,1.0,0.9667,1.0,0.9874,0.9992,0.0,0.9778,Easy,1,False,0.5,0
5428,1,0.76,0.9941,0.6333,1.0,0.9886,0.9988,0.0,0.9342,Medium,3,False,0.5,1
5429,0,0.4,0.4141,0.1689,0.4014,0.0219,0.0224,0.0,0.2118,Non-Duplicate,0,False,0.5,4
5430,1,0.9268,0.9915,0.7667,1.0,0.986,0.9852,0.0,0.9599,Easy,1,False,0.5,0
5431,0,0.6,0.4093,0.4945,0.7326,0.0135,0.0082,0.0,0.2578,Non-Duplicate,2,False,0.5,4
5432,1,0.7451,0.9668,0.6667,1.0,0.9326,0.9641,0.0,0.9055,Hard,3,False,0.5,2
5433,1,0.7451,0.9608,0.4333,1.0,0.9322,0.9939,0.0,0.8859,Hard,3,False,0.5,2
5434,1,0.9302,1.0,0.7667,1.0,0.8967,0.9041,0.0,0.9247,Hard,1,False,0.5,2
5435,1,0.8511,1.0,1.0,1.0,1.0,1.0,0.0,0.9851,Easy,1,False,0.5,0
5436,1,0.7667,1.0,0.7667,1.0,0.995,0.9993,0.0,0.9519,Medium,1,False,0.5,1
5437,1,0.8889,1.0,0.6667,1.0,0.9897,0.9988,0.0,0.9527,Medium,3,False,0.5,1
5438,0,0.4615,0.3084,0.3068,0.2602,0.0194,0.02,0.0,0.1936,Non-Duplicate,0,False,0.5,4
5439,1,0.8444,0.9968,0.6667,1.0,0.996,0.9999,0.0,0.949,Medium,3,False,0.5,1
5440,1,0.7719,1.0,0.4174,1.0,0.9106,0.9036,0.0,0.8773,Hard,3,False,0.5,2
5441,1,0.7407,0.978,1.0,1.0,0.9453,0.9889,0.0,0.9505,Medium,1,False,0.5,1
5442,1,0.7937,1.0,1.0,1.0,0.9953,0.9999,0.0,0.9782,Easy,1,False,0.5,0
5443,1,0.8444,1.0,0.589,1.0,0.9814,0.9985,0.0,0.9384,Medium,3,False,0.5,1
5444,1,0.9057,1.0,0.4333,1.0,0.9827,0.9951,0.0,0.9286,Hard,3,False,0.5,2
5445,0,0.5,0.4103,0.5635,0.5614,0.0168,0.016,0.0,0.2574,Non-Duplicate,2,False,0.5,4
5446,1,0.8085,1.0,0.4333,1.0,0.9868,0.9898,0.0,0.9189,Hard,3,False,0.5,2
5447,0,0.5128,0.2948,0.368,0.2312,0.0189,0.0203,0.0,0.2,Non-Duplicate,0,False,0.5,4
5448,0,0.4255,0.3405,0.6443,0.0503,0.0249,0.0211,0.0,0.2366,Non-Duplicate,0,False,0.5,4
5449,0,0.5128,0.3481,0.6183,0.2417,0.0229,0.0239,0.0,0.2455,Non-Duplicate,0,False,0.5,4
5450,0,0.55,0.367,0.4068,0.3113,0.0182,0.0209,0.0,0.2329,Non-Duplicate,0,False,0.5,4
5451,1,0.8511,1.0,1.0,1.0,1.0,1.0,0.0,0.9851,Easy,1,False,0.5,0
5452,1,0.7308,0.9971,1.0,1.0,0.9084,0.9522,0.0,0.9396,Medium,1,False,0.5,1
5453,1,0.7869,1.0,0.4333,1.0,0.9185,0.9174,0.0,0.8851,Hard,3,False,0.5,2
5454,0,0.4878,0.4393,0.6023,0.8986,0.0219,0.0223,0.0,0.2727,Non-Duplicate,2,False,0.5,4
5455,1,0.8889,0.4679,0.3475,1.0,0.9976,1.0,0.0,0.7368,Hard,3,False,0.5,2
5456,0,0.4878,0.4043,0.4297,0.7109,0.0129,0.0129,0.0,0.2391,Non-Duplicate,2,False,0.5,4
5457,0,0.4545,0.4187,0.3685,0.8191,0.0143,0.0143,0.0,0.2353,Non-Duplicate,2,False,0.5,4
5458,1,0.7636,1.0,0.6667,1.0,0.9906,0.999,0.0,0.9405,Medium,3,False,0.5,1
5459,1,0.8696,0.9885,1.0,1.0,0.939,0.9581,0.0,0.9593,Easy,1,False,0.5,0
5460,1,0.8936,1.0,0.4333,1.0,0.9095,0.9118,0.0,0.8924,Hard,3,False,0.5,2
5461,0,0.3214,0.3676,0.5539,0.0155,0.0387,0.0487,0.0,0.2356,Non-Duplicate,0,False,0.5,4
5462,1,0.8571,1.0,1.0,1.0,0.9523,0.9514,0.0,0.9641,Easy,1,False,0.5,0
5463,0,0.4865,0.4439,0.5621,0.9117,0.024,0.025,0.0,0.2712,Non-Duplicate,2,False,0.5,4
5464,1,0.7308,0.9586,1.0,1.0,0.9379,0.9699,0.0,0.9371,Medium,1,False,0.5,1
5465,0,0.5128,0.2583,0.3046,0.1935,0.018,0.0193,0.0,0.1805,Non-Duplicate,0,False,0.5,4
5466,1,0.8506,0.9678,1.0,1.0,0.9918,0.9991,0.0,0.9716,Easy,1,False,0.5,0
5467,1,0.75,1.0,1.0,1.0,1.0,1.0,0.0,0.975,Easy,1,False,0.5,0
5468,1,0.8571,1.0,0.6667,1.0,0.9802,0.9867,0.0,0.9448,Medium,3,False,0.5,1
5469,1,0.8444,1.0,0.7667,1.0,0.9772,0.9792,0.0,0.9513,Medium,1,False,0.5,1
5470,1,0.8936,1.0,1.0,1.0,0.9932,0.9986,0.0,0.9874,Easy,1,False,0.5,0
5471,1,0.9268,0.9972,1.0,1.0,0.987,0.9942,0.0,0.9873,Easy,1,False,0.5,0
5472,0,0.5128,0.3233,0.5881,0.2975,0.0246,0.0267,0.0,0.2347,Non-Duplicate,0,False,0.5,4
5473,1,0.8511,1.0,0.6667,1.0,0.98,0.9971,0.0,0.9462,Medium,3,False,0.5,1
5474,1,0.8889,1.0,0.7667,1.0,0.9831,0.9934,0.0,0.96,Easy,1,False,0.5,0
5475,1,0.8837,1.0,0.6667,1.0,0.9823,0.998,0.0,0.9502,Medium,3,False,0.5,1
5476,1,0.8511,0.9598,0.7667,1.0,0.8846,0.9138,0.0,0.9016,Hard,1,False,0.5,2
5477,0,0.439,0.4003,0.4233,0.3654,0.0195,0.0201,0.0,0.2352,Non-Duplicate,0,False,0.5,4
5478,1,0.7636,1.0,0.9009,1.0,0.9348,0.9512,0.0,0.9404,Medium,1,False,0.5,1
5479,1,0.8519,1.0,0.8872,1.0,0.8955,0.9041,0.0,0.9286,Hard,1,False,0.5,2
5480,1,0.9268,1.0,1.0,1.0,0.9546,0.9535,0.0,0.972,Easy,1,False,0.5,0
5481,1,0.878,1.0,1.0,1.0,0.8674,0.8759,0.0,0.9298,Hard,1,False,0.5,2
5482,1,0.9333,1.0,0.6667,1.0,1.0,1.0,0.0,0.96,Easy,3,False,0.5,0
5483,1,0.9362,1.0,1.0,1.0,0.9626,0.9693,0.0,0.9781,Easy,1,False,0.5,0
5484,0,0.5556,0.3448,0.4658,0.2335,0.0258,0.0251,0.0,0.2343,Non-Duplicate,0,False,0.5,4
5485,0,0.5263,0.4347,0.3447,0.9212,0.0121,0.012,0.0,0.2447,Non-Duplicate,2,False,0.5,4
5486,0,0.5128,0.3106,0.2826,0.2925,0.0155,0.0169,0.0,0.1955,Non-Duplicate,0,False,0.5,4
5487,1,0.875,0.9932,1.0,1.0,0.9947,0.9999,0.0,0.9838,Easy,1,False,0.5,0
5488,0,0.4545,0.434,0.3845,0.8724,0.0081,0.0085,0.0,0.2395,Non-Duplicate,2,False,0.5,4
5489,0,0.4103,0.367,0.4219,0.5386,0.0106,0.0108,0.0,0.2165,Non-Duplicate,0,False,0.5,4
5490,1,0.8837,0.9887,0.6667,1.0,0.9711,0.9973,0.0,0.9433,Medium,3,False,0.5,1
5491,0,0.4615,0.3389,0.3228,0.3228,0.0226,0.0242,0.0,0.2075,Non-Duplicate,0,False,0.5,4
5492,0,0.5128,0.3596,0.1393,0.265,0.0201,0.0214,0.0,0.2004,Non-Duplicate,0,False,0.5,4
5493,0,0.303,0.3153,0.2767,0.0197,0.0327,0.0362,0.0,0.1837,Non-Duplicate,0,False,0.5,4
5494,0,0.4545,0.402,0.3575,0.6663,0.0073,0.0095,0.0,0.2257,Non-Duplicate,2,False,0.5,4
5495,1,0.8511,1.0,1.0,1.0,0.9787,0.9808,0.0,0.9759,Easy,1,False,0.5,0
5496,0,0.3929,0.4003,0.3973,0.0537,0.0192,0.0158,0.0,0.2271,Non-Duplicate,0,False,0.5,4
5497,0,0.4651,0.3104,0.4228,0.2487,0.0124,0.0126,0.0,0.203,Non-Duplicate,0,False,0.5,4
5498,1,0.9268,1.0,0.6667,1.0,1.0,1.0,0.0,0.9593,Easy,3,False,0.5,0
5499,1,0.8837,0.9984,0.6667,1.0,0.9898,0.9958,0.0,0.9511,Medium,3,False,0.5,1
5500,0,0.4186,0.3565,0.3799,0.3058,0.0218,0.0217,0.0,0.2144,Non-Duplicate,0,False,0.5,4
5501,0,0.4651,0.7932,0.3982,0.7087,0.5095,0.5354,0.0,0.5984,Non-Duplicate,2,False,0.5,4
5502,1,0.7451,0.9968,0.6667,1.0,0.9585,0.9684,0.0,0.9234,Hard,3,False,0.5,2
5503,1,0.7308,0.9982,0.7667,1.0,0.9704,0.9753,0.0,0.9368,Medium,1,False,0.5,1
5504,0,0.5128,0.3716,0.3219,0.319,0.0262,0.0277,0.0,0.2256,Non-Duplicate,0,False,0.5,4
5505,1,0.7547,0.9613,0.3927,1.0,0.9124,0.9405,0.0,0.8674,Hard,3,False,0.5,2
5506,1,0.7547,0.9963,1.0,1.0,0.9817,0.9974,0.0,0.9691,Easy,1,False,0.5,0
5507,0,0.5538,0.4468,0.5721,0.6419,0.5786,0.7569,0.0,0.565,Non-Duplicate,2,False,0.5,4
5508,1,0.7547,1.0,0.7667,1.0,0.9458,0.9431,0.0,0.9272,Hard,1,False,0.5,2
5509,1,0.8837,1.0,1.0,1.0,0.9944,0.9999,0.0,0.987,Easy,1,False,0.5,0
5510,1,0.8085,1.0,0.7667,1.0,1.0,1.0,0.0,0.9575,Easy,1,False,0.5,0
5511,1,0.9268,1.0,0.4333,1.0,0.9911,0.9961,0.0,0.933,Medium,3,False,0.5,1
5512,0,0.6842,0.9146,0.337,0.7976,0.358,0.3706,0.0,0.5858,Non-Duplicate,2,False,0.5,4
5513,1,0.76,0.9984,0.4333,1.0,0.9929,0.9995,0.0,0.9169,Hard,3,False,0.5,2
5514,0,0.45,0.337,0.6557,0.2557,0.0227,0.0206,0.0,0.2383,Non-Duplicate,0,False,0.5,4
5515,0,0.619,0.3548,0.4877,0.2808,0.031,0.0326,0.0,0.2491,Non-Duplicate,0,False,0.5,4
5516,0,0.4091,0.3625,0.5776,0.3181,0.0148,0.0156,0.0,0.2324,Non-Duplicate,0,False,0.5,4
5517,0,0.4091,0.3562,0.3132,0.2868,0.0145,0.0152,0.0,0.2035,Non-Duplicate,0,False,0.5,4
5518,0,0.5641,0.3684,0.3831,0.3411,0.0254,0.0269,0.0,0.2354,Non-Duplicate,0,False,0.5,4
5519,0,0.4091,0.3902,0.3799,0.3426,0.0288,0.0334,0.0,0.2293,Non-Duplicate,0,False,0.5,4
5520,1,0.8444,1.0,0.9922,1.0,0.9913,0.9994,0.0,0.9814,Easy,1,False,0.5,0
5521,1,0.8571,1.0,1.0,1.0,1.0,1.0,0.0,0.9857,Easy,1,False,0.5,0
5522,1,0.8444,1.0,1.0,1.0,0.9917,0.999,0.0,0.9822,Easy,1,False,0.5,0
5523,0,0.359,0.4604,0.2872,0.898,0.0234,0.0243,0.0,0.2365,Non-Duplicate,2,False,0.5,4
5524,0,0.4651,0.3827,0.2785,0.3276,0.0205,0.0218,0.0,0.2178,Non-Duplicate,0,False,0.5,4
5525,1,0.8772,1.0,0.4333,1.0,0.9905,0.9991,0.0,0.9285,Hard,3,False,0.5,2
5526,0,0.5128,0.3179,0.3247,0.2598,0.0182,0.0187,0.0,0.2033,Non-Duplicate,0,False,0.5,4
5527,0,0.5581,0.3705,0.1753,0.3078,0.0143,0.0153,0.0,0.2097,Non-Duplicate,0,False,0.5,4
5528,0,0.5128,0.3351,0.5662,0.2746,0.022,0.0247,0.0,0.2356,Non-Duplicate,0,False,0.5,4
5529,0,0.5128,0.3466,0.4215,0.3194,0.0265,0.0293,0.0,0.2272,Non-Duplicate,0,False,0.5,4
5530,0,0.4615,0.3288,0.3968,0.3079,0.0179,0.0181,0.0,0.209,Non-Duplicate,0,False,0.5,4
5531,0,0.6316,0.4013,0.6288,0.3478,0.027,0.0285,0.0,0.2789,Non-Duplicate,0,False,0.5,4
5532,1,0.7742,0.9895,0.4315,1.0,0.9851,0.9866,0.0,0.9105,Hard,3,False,0.5,2
5533,0,0.95,0.748,0.2142,0.9819,0.4532,0.4819,0.0,0.5879,Non-Duplicate,3,False,0.5,4
5534,0,0.5128,0.332,0.4877,0.2728,0.0244,0.026,0.0,0.2275,Non-Duplicate,0,False,0.5,4
5535,0,0.3438,0.3145,0.2708,0.0143,0.0489,0.0518,0.0,0.1941,Non-Duplicate,0,False,0.5,4
5536,1,0.7407,1.0,1.0,1.0,1.0,1.0,0.0,0.9741,Easy,1,False,0.5,0
5537,1,0.9302,1.0,1.0,1.0,0.9765,0.9955,0.0,0.9862,Easy,1,False,0.5,0
5538,1,0.7407,0.9974,0.6648,1.0,0.9591,0.9588,0.0,0.9212,Hard,3,False,0.5,2
5539,1,0.8462,1.0,1.0,1.0,0.9194,0.9192,0.0,0.9483,Medium,1,False,0.5,1
5540,1,0.7547,1.0,0.6826,1.0,1.0,1.0,0.0,0.9437,Medium,3,False,0.5,1
5541,1,0.9412,1.0,0.7667,1.0,0.9522,0.9516,0.0,0.9491,Medium,1,False,0.5,1
5542,0,0.5128,0.3282,0.3881,0.2745,0.0252,0.0266,0.0,0.2166,Non-Duplicate,0,False,0.5,4
5543,1,0.8889,1.0,1.0,1.0,1.0,1.0,0.0,0.9889,Easy,1,False,0.5,0
5544,1,0.7451,1.0,0.4333,1.0,0.8775,0.8825,0.0,0.8637,Hard,3,False,0.5,2
5545,0,0.4255,0.1065,0.3575,0.0201,0.0335,0.0356,0.0,0.1311,Non-Duplicate,0,False,0.5,4
5546,1,0.7547,0.9971,0.753,1.0,0.9841,0.9969,0.0,0.9452,Medium,1,False,0.5,1
5547,0,0.4,0.4213,0.3279,0.046,0.0317,0.0391,0.0,0.236,Non-Duplicate,0,False,0.5,4
5548,1,0.8837,1.0,0.6639,1.0,0.9946,0.9949,0.0,0.9524,Medium,3,False,0.5,1
5549,0,0.44,0.3616,0.2137,0.0195,0.033,0.0355,0.0,0.2073,Non-Duplicate,0,False,0.5,4
5550,1,0.9268,1.0,0.4215,1.0,0.9816,0.9826,0.0,0.9268,Hard,3,False,0.5,2
5551,1,0.8889,1.0,1.0,1.0,0.8952,0.9067,0.0,0.944,Medium,1,False,0.5,1
5552,1,0.8837,0.9984,1.0,1.0,0.9601,0.9695,0.0,0.9718,Easy,1,False,0.5,0
5553,0,0.4091,0.4196,0.4237,0.3968,0.0285,0.0316,0.0,0.2436,Non-Duplicate,0,False,0.5,4
5554,1,0.8627,1.0,0.6667,1.0,0.9862,0.9914,0.0,0.9478,Medium,3,False,0.5,1
5555,0,0.6111,0.3438,0.4575,0.2333,0.0255,0.0264,0.0,0.2389,Non-Duplicate,0,False,0.5,4
5556,1,0.9091,1.0,0.9941,1.0,0.966,0.9663,0.0,0.9751,Easy,1,False,0.5,0
5557,1,0.8936,1.0,0.3379,1.0,0.9246,0.9261,0.0,0.8895,Hard,3,False,0.5,2
5558,1,0.8,1.0,1.0,1.0,0.9481,0.9527,0.0,0.9576,Easy,1,False,0.5,0
5559,1,0.8889,1.0,0.6667,1.0,0.9965,0.9999,0.0,0.9547,Medium,3,False,0.5,1
5560,0,0.6667,0.3355,0.2393,0.2518,0.0158,0.0154,0.0,0.215,Non-Duplicate,0,False,0.5,4
5561,0,0.55,0.4249,0.5105,0.427,0.0251,0.0261,0.0,0.2663,Non-Duplicate,0,False,0.5,4
5562,0,0.5128,0.3516,0.5224,0.3026,0.0225,0.0226,0.0,0.2367,Non-Duplicate,0,False,0.5,4
5563,1,0.8444,0.9922,0.5425,1.0,0.9916,0.9951,0.0,0.9329,Medium,3,False,0.5,1
5564,0,0.5128,0.4044,0.4324,0.3669,0.0197,0.0223,0.0,0.2454,Non-Duplicate,0,False,0.5,4
5565,0,0.5263,0.4505,0.3352,0.7679,0.0332,0.0364,0.0,0.2594,Non-Duplicate,2,False,0.5,4
5566,1,0.8889,1.0,0.6667,1.0,0.9485,0.9465,0.0,0.932,Medium,3,False,0.5,1
5567,1,0.7547,1.0,0.6667,1.0,1.0,1.0,0.0,0.9421,Medium,3,False,0.5,1
5568,1,0.7547,0.9547,0.6945,1.0,0.907,0.9353,0.0,0.8929,Hard,3,False,0.5,2
5569,0,0.3273,0.3212,0.5059,0.0129,0.0264,0.0255,0.0,0.2074,Non-Duplicate,0,False,0.5,4
5570,1,0.8837,1.0,0.6667,1.0,0.9951,0.9983,0.0,0.9535,Medium,3,False,0.5,1
5571,0,0.4762,0.4229,0.2845,0.6915,0.009,0.0075,0.0,0.2278,Non-Duplicate,2,False,0.5,4
5572,1,0.7407,0.9449,0.4333,1.0,0.9074,0.9341,0.0,0.8618,Hard,3,False,0.5,2
5573,0,0.5641,0.273,0.2749,0.2091,0.0226,0.0248,0.0,0.1901,Non-Duplicate,0,False,0.5,4
5574,0,0.45,0.4113,0.3863,0.3736,0.025,0.0274,0.0,0.2393,Non-Duplicate,0,False,0.5,4
5575,0,0.5366,0.4197,0.4009,0.3912,0.0235,0.0252,0.0,0.2515,Non-Duplicate,0,False,0.5,4
5576,0,0.4167,0.3332,0.2886,0.0174,0.0472,0.0456,0.0,0.2081,Non-Duplicate,0,False,0.5,4
5577,0,0.5238,0.4261,0.3699,0.4255,0.0271,0.0277,0.0,0.2508,Non-Duplicate,0,False,0.5,4
5578,0,0.6,0.4079,0.2781,0.3747,0.1571,0.1722,0.0,0.3043,Non-Duplicate,0,False,0.5,4
5579,0,0.6316,0.402,0.332,0.3987,0.0266,0.0268,0.0,0.2491,Non-Duplicate,0,False,0.5,4
5580,1,0.7451,0.9952,1.0,1.0,0.9878,0.9989,0.0,0.9696,Easy,1,False,0.5,0
5581,0,0.5128,0.295,0.6333,0.2396,0.02,0.0224,0.0,0.2273,Non-Duplicate,0,False,0.5,4
5582,0,0.4186,0.4027,0.3868,0.4018,0.0188,0.0212,0.0,0.2304,Non-Duplicate,0,False,0.5,4
5583,0,0.4737,0.4312,0.5224,0.8098,0.011,0.0142,0.0,0.2561,Non-Duplicate,2,False,0.5,4
5584,1,0.9302,1.0,0.7667,1.0,0.9825,0.9899,0.0,0.9633,Easy,1,False,0.5,0
5585,0,0.4615,0.3698,0.6347,0.3204,0.0281,0.0305,0.0,0.2522,Non-Duplicate,0,False,0.5,4
5586,0,0.6111,0.4355,0.2973,0.4248,0.0311,0.0311,0.0,0.2573,Non-Duplicate,0,False,0.5,4
5587,0,0.5789,0.3883,0.4995,0.3266,0.0236,0.0255,0.0,0.2547,Non-Duplicate,0,False,0.5,4
5588,0,0.5405,0.4226,0.5749,0.3898,0.0157,0.0177,0.0,0.2669,Non-Duplicate,0,False,0.5,4
5589,1,0.7308,0.9965,1.0,1.0,0.9827,0.9972,0.0,0.967,Easy,1,False,0.5,0
5590,1,0.9263,0.9956,0.7667,1.0,0.9993,0.9992,0.0,0.9674,Easy,1,False,0.5,0
5591,0,0.439,0.3924,0.3566,0.6528,0.0107,0.012,0.0,0.222,Non-Duplicate,2,False,0.5,4
5592,1,0.84,0.9929,0.5767,1.0,0.9231,0.9312,0.0,0.9062,Hard,3,False,0.5,2
5593,1,0.7869,1.0,0.6566,1.0,1.0,1.0,0.0,0.9444,Medium,3,False,0.5,1
5594,0,0.3333,0.3531,0.305,0.0467,0.0168,0.0218,0.0,0.196,Non-Duplicate,0,False,0.5,4
5595,0,0.439,0.4568,0.2233,0.9065,0.0204,0.0186,0.0,0.2349,Non-Duplicate,2,False,0.5,4
5596,0,0.5405,0.4187,0.3123,0.3937,0.0243,0.0258,0.0,0.2431,Non-Duplicate,0,False,0.5,4
5597,0,0.5128,0.2852,0.1575,0.2211,0.0137,0.0162,0.0,0.1735,Non-Duplicate,0,False,0.5,4
5598,1,0.9268,1.0,1.0,1.0,0.9963,0.9998,0.0,0.9917,Easy,1,False,0.5,0
5599,0,0.4615,0.4214,0.1288,0.8098,0.0127,0.0111,0.0,0.2119,Non-Duplicate,2,False,0.5,4
5600,1,0.7451,0.9623,0.6667,1.0,0.9315,0.9863,0.0,0.9081,Hard,3,False,0.5,2
5601,1,0.75,1.0,0.7114,1.0,0.8875,0.8863,0.0,0.8953,Hard,3,False,0.5,2
5602,0,0.3279,0.3148,0.5543,0.0171,0.0413,0.0474,0.0,0.2182,Non-Duplicate,0,False,0.5,4
5603,1,0.8409,1.0,0.6667,1.0,0.9981,0.9992,0.0,0.9501,Medium,3,False,0.5,1
5604,0,0.5128,0.3174,0.3164,0.2811,0.0222,0.0255,0.0,0.2047,Non-Duplicate,0,False,0.5,4
5605,0,0.3913,0.3209,0.6557,0.0127,0.0289,0.0336,0.0,0.231,Non-Duplicate,0,False,0.5,4
5606,0,0.5238,0.449,0.4041,0.7646,0.0145,0.0126,0.0,0.2561,Non-Duplicate,2,False,0.5,4
5607,1,0.8889,1.0,1.0,1.0,0.994,0.9998,0.0,0.9874,Easy,1,False,0.5,0
5608,0,0.439,0.4506,0.6616,0.7044,0.0192,0.0226,0.0,0.2771,Non-Duplicate,2,False,0.5,4
5609,0,0.6316,0.3897,0.6475,0.3142,0.0252,0.0293,0.0,0.2765,Non-Duplicate,0,False,0.5,4
5610,1,0.8837,0.9987,0.3776,1.0,0.9814,0.9939,0.0,0.9198,Hard,3,False,0.5,2
5611,1,0.9268,0.9816,0.8781,1.0,0.9796,0.9864,0.0,0.9662,Easy,1,False,0.5,0
5612,1,0.9268,1.0,0.8247,1.0,0.9913,0.9995,0.0,0.9729,Easy,1,False,0.5,0
5613,1,0.9268,1.0,0.7667,1.0,0.9899,0.9994,0.0,0.9667,Easy,1,False,0.5,0
5614,0,0.6111,0.3407,0.3137,0.2555,0.0218,0.0232,0.0,0.2218,Non-Duplicate,0,False,0.5,4
5615,0,0.359,0.4289,0.3621,0.8883,0.015,0.0145,0.0,0.2289,Non-Duplicate,2,False,0.5,4
5616,1,0.7407,1.0,0.4333,1.0,1.0,1.0,0.0,0.9174,Hard,3,False,0.5,2
5617,0,0.5,0.4001,0.5269,0.3292,0.0221,0.0222,0.0,0.2527,Non-Duplicate,0,False,0.5,4
5618,0,0.4737,0.3893,0.1607,0.5716,0.0074,0.0082,0.0,0.2032,Non-Duplicate,2,False,0.5,4
5619,0,0.5128,0.3804,0.3155,0.3207,0.0611,0.0644,0.0,0.2441,Non-Duplicate,0,False,0.5,4
5620,0,0.5641,0.3431,0.537,0.3068,0.0183,0.0179,0.0,0.2383,Non-Duplicate,0,False,0.5,4
5621,1,0.75,0.9528,0.4333,1.0,0.9228,0.9939,0.0,0.8813,Hard,3,False,0.5,2
5622,0,0.4615,0.3199,0.61,0.2334,0.059,0.0632,0.0,0.2465,Non-Duplicate,0,False,0.5,4
5623,0,0.5128,0.2628,0.232,0.2027,0.0124,0.0134,0.0,0.1723,Non-Duplicate,0,False,0.5,4
5624,1,0.8889,1.0,1.0,1.0,0.9686,0.9745,0.0,0.9759,Easy,1,False,0.5,0
5625,1,0.7547,0.9951,0.6521,1.0,0.9824,0.997,0.0,0.934,Medium,3,False,0.5,1
5626,1,0.7308,0.9959,0.6667,1.0,0.9671,0.9968,0.0,0.9295,Hard,3,False,0.5,2
5627,0,0.5128,0.2786,0.3863,0.224,0.0246,0.026,0.0,0.1988,Non-Duplicate,0,False,0.5,4
5628,0,0.55,0.3413,0.2329,0.2562,0.0233,0.0246,0.0,0.2085,Non-Duplicate,0,False,0.5,4
5629,0,0.5,0.3751,0.4443,0.3178,0.0209,0.0209,0.0,0.2351,Non-Duplicate,0,False,0.5,4
5630,1,0.8444,1.0,0.7667,1.0,0.9891,0.9994,0.0,0.9583,Easy,1,False,0.5,0
5631,1,0.8085,0.9753,0.637,1.0,0.9273,0.9582,0.0,0.9094,Hard,3,False,0.5,2
5632,0,0.9,0.7299,0.2096,0.848,0.4192,0.4361,0.0,0.5584,Non-Duplicate,3,False,0.5,4
5633,1,0.7451,0.9814,0.9041,1.0,0.9536,0.9961,0.0,0.946,Medium,1,False,0.5,1
5634,0,0.4615,0.3206,0.5708,0.281,0.0236,0.0278,0.0,0.2269,Non-Duplicate,0,False,0.5,4
5635,1,0.9515,0.9875,0.6667,1.0,0.9965,0.9999,0.0,0.9566,Easy,3,False,0.5,0
5636,1,0.8936,0.9976,0.4667,1.0,0.9316,0.938,0.0,0.9057,Hard,3,False,0.5,2
5637,1,0.8837,0.9995,0.7667,1.0,0.9968,0.9999,0.0,0.964,Easy,1,False,0.5,0
5638,0,0.4651,0.3777,0.3648,0.3022,0.0245,0.0249,0.0,0.2263,Non-Duplicate,0,False,0.5,4
5639,0,0.55,0.4063,0.2612,0.3582,0.0553,0.0611,0.0,0.2494,Non-Duplicate,0,False,0.5,4
5640,1,0.8261,0.9968,0.6667,1.0,0.9922,0.9993,0.0,0.9461,Medium,3,False,0.5,1
5641,1,0.8837,0.9957,0.6667,1.0,0.9793,0.9971,0.0,0.9478,Medium,3,False,0.5,1
5642,0,0.5128,0.3508,0.1315,0.348,0.024,0.0265,0.0,0.1985,Non-Duplicate,0,False,0.5,4
5643,1,0.8696,1.0,0.6667,1.0,0.9861,0.99,0.0,0.9482,Medium,3,False,0.5,1
5644,0,0.5641,0.344,0.7662,0.3095,0.0189,0.0207,0.0,0.2623,Non-Duplicate,0,False,0.5,4
5645,0,0.6842,0.7402,0.4927,0.7133,0.4544,0.4743,0.0,0.5852,Non-Duplicate,2,False,0.5,4
5646,0,0.5128,0.2729,0.3192,0.2349,0.0166,0.0199,0.0,0.1868,Non-Duplicate,0,False,0.5,4
5647,1,0.7451,0.9733,0.4333,1.0,0.944,0.9924,0.0,0.893,Hard,3,False,0.5,2
5648,1,0.8727,1.0,0.4333,1.0,1.0,1.0,0.0,0.9306,Hard,3,False,0.5,2
5649,1,0.8511,0.9571,0.4333,1.0,0.9452,0.9541,0.0,0.8905,Hard,3,False,0.5,2
5650,1,0.7451,0.9692,1.0,1.0,0.9452,0.9803,0.0,0.9461,Medium,1,False,0.5,1
5651,0,0.5641,0.4092,0.3447,0.3824,0.0234,0.0251,0.0,0.245,Non-Duplicate,0,False,0.5,4
5652,0,0.6316,0.3819,0.4201,0.3161,0.0257,0.0325,0.0,0.2517,Non-Duplicate,0,False,0.5,4
5653,1,0.9231,1.0,0.6667,1.0,1.0,1.0,0.0,0.959,Easy,3,False,0.5,0
5654,1,0.84,1.0,1.0,1.0,1.0,1.0,0.0,0.984,Easy,1,False,0.5,0
5655,0,0.9,0.6639,0.3233,0.7415,0.3989,0.4115,0.0,0.5367,Non-Duplicate,2,False,0.5,4
5656,1,0.7234,1.0,1.0,1.0,0.995,0.9997,0.0,0.971,Easy,1,False,0.5,0
5657,1,0.7857,0.9616,1.0,1.0,0.9147,0.9319,0.0,0.9302,Hard,1,False,0.5,2
5658,1,0.8511,1.0,0.9854,1.0,0.9604,0.9626,0.0,0.9663,Easy,1,False,0.5,0
5659,0,0.4,0.3418,0.3795,0.2706,0.0165,0.0217,0.0,0.2061,Non-Duplicate,0,False,0.5,4
5660,0,0.5,0.3516,0.5402,0.283,0.0278,0.0285,0.0,0.2397,Non-Duplicate,0,False,0.5,4
5661,1,0.76,0.9503,0.5731,1.0,0.9219,0.9656,0.0,0.8895,Hard,3,False,0.5,2
5662,1,0.9268,1.0,0.7557,1.0,0.9936,0.9995,0.0,0.9666,Easy,1,False,0.5,0
5663,0,0.4615,0.3458,0.3342,0.3175,0.0259,0.0272,0.0,0.2125,Non-Duplicate,0,False,0.5,4
5664,0,0.45,0.738,0.2712,0.8571,0.3067,0.3067,0.0,0.4684,Non-Duplicate,2,False,0.5,4
5665,1,0.8889,1.0,0.4333,1.0,0.9961,0.9998,0.0,0.9312,Hard,3,False,0.5,2
5666,0,0.4737,0.4211,0.4142,0.5726,0.0142,0.0126,0.0,0.2422,Non-Duplicate,2,False,0.5,4
5667,1,0.9333,1.0,0.9342,1.0,0.9806,0.9876,0.0,0.9794,Easy,1,False,0.5,0
5668,1,0.9268,0.9934,0.6667,1.0,0.9949,0.9983,0.0,0.9554,Easy,3,False,0.5,0
5669,1,0.7308,1.0,1.0,1.0,0.918,0.9149,0.0,0.9356,Medium,1,False,0.5,1
5670,0,0.55,0.3309,0.3685,0.2515,0.0232,0.0258,0.0,0.2186,Non-Duplicate,0,False,0.5,4
5671,0,0.619,0.3012,0.3877,0.2245,0.0218,0.0234,0.0,0.2162,Non-Duplicate,0,False,0.5,4
5672,0,0.45,0.3951,0.4091,0.3676,0.0164,0.0173,0.0,0.2317,Non-Duplicate,0,False,0.5,4
5673,1,0.9302,1.0,0.9785,1.0,0.9913,0.9992,0.0,0.9885,Easy,1,False,0.5,0
5674,0,0.95,0.7254,0.368,0.9562,0.4482,0.4776,0.0,0.5933,Non-Duplicate,3,False,0.5,4
5675,0,0.4615,0.2608,0.8306,0.2111,0.0199,0.0181,0.0,0.2291,Non-Duplicate,0,False,0.5,4
5676,1,0.8936,1.0,0.6667,1.0,1.0,1.0,0.0,0.956,Easy,3,False,0.5,0
5677,1,0.7451,0.9549,0.6667,1.0,0.916,0.9593,0.0,0.8963,Hard,3,False,0.5,2
5678,1,0.7869,1.0,0.8671,1.0,0.9484,0.9502,0.0,0.9425,Medium,1,False,0.5,1
5679,0,0.4545,0.4253,0.2484,0.753,0.0156,0.0167,0.0,0.2264,Non-Duplicate,2,False,0.5,4
5680,0,0.4615,0.3172,0.2183,0.2773,0.0171,0.0191,0.0,0.1871,Non-Duplicate,0,False,0.5,4
5681,0,0.5128,0.3577,0.3685,0.3097,0.0238,0.0269,0.0,0.2247,Non-Duplicate,0,False,0.5,4
5682,1,0.7547,0.9869,0.8055,1.0,0.9742,0.998,0.0,0.9446,Medium,1,False,0.5,1
5683,0,0.5128,0.3437,0.2457,0.3078,0.0199,0.0222,0.0,0.2055,Non-Duplicate,0,False,0.5,4
5684,1,0.7407,0.9793,0.8954,1.0,0.9696,0.9949,0.0,0.9477,Medium,1,False,0.5,1
5685,1,0.902,1.0,0.6667,1.0,0.9375,0.9524,0.0,0.9317,Medium,3,False,0.5,1
5686,0,0.5405,0.3935,0.5516,0.7817,0.0063,0.0078,0.0,0.2501,Non-Duplicate,2,False,0.5,4
5687,1,0.8261,0.9987,1.0,1.0,0.9977,0.9998,0.0,0.9815,Easy,1,False,0.5,0
5688,0,0.95,0.694,0.3507,0.9347,0.3734,0.3938,0.0,0.5451,Non-Duplicate,3,False,0.5,4
5689,0,0.4878,0.3463,0.1653,0.2803,0.031,0.0357,0.0,0.2014,Non-Duplicate,0,False,0.5,4
5690,0,0.5965,0.2553,0.3968,0.9911,0.5112,0.6183,0.0,0.4401,Non-Duplicate,2,False,0.5,4
5691,1,0.8889,1.0,0.6667,1.0,0.9876,0.9915,0.0,0.9508,Medium,3,False,0.5,1
5692,1,0.8837,1.0,1.0,1.0,0.9708,0.9743,0.0,0.9759,Easy,1,False,0.5,0
5693,0,0.5128,0.2956,0.6078,0.2575,0.0125,0.0127,0.0,0.2212,Non-Duplicate,0,False,0.5,4
5694,1,0.7308,1.0,0.9749,1.0,0.9904,0.9994,0.0,0.968,Easy,1,False,0.5,0
5695,1,0.8837,1.0,0.4333,1.0,0.9633,0.9612,0.0,0.9148,Hard,3,False,0.5,2
5696,0,0.55,0.3139,0.2877,0.2233,0.0261,0.0327,0.0,0.2067,Non-Duplicate,0,False,0.5,4
5697,0,0.4651,0.3452,0.3164,0.2817,0.0152,0.0175,0.0,0.2063,Non-Duplicate,0,False,0.5,4
5698,0,0.3922,0.0904,0.2626,0.049,0.0162,0.0184,0.0,0.1049,Non-Duplicate,0,False,0.5,4
5699,1,0.8125,0.9942,0.6667,1.0,0.9986,0.9997,0.0,0.9455,Medium,3,False,0.5,1
5700,1,0.8163,0.9872,0.6242,1.0,0.9724,0.9713,0.0,0.9269,Hard,3,False,0.5,2
5701,0,0.4651,0.4304,0.1954,0.4189,0.0239,0.0265,0.0,0.228,Non-Duplicate,0,False,0.5,4
5702,1,0.8889,1.0,0.6667,1.0,0.9965,0.9999,0.0,0.9547,Medium,3,False,0.5,1
5703,0,0.4615,0.2965,0.2959,0.2559,0.0136,0.014,0.0,0.1857,Non-Duplicate,0,False,0.5,4
5704,0,0.4615,0.3874,0.2356,0.571,0.0088,0.0078,0.0,0.2091,Non-Duplicate,2,False,0.5,4
5705,0,0.45,0.4189,0.6178,0.4333,0.0211,0.0221,0.0,0.2631,Non-Duplicate,0,False,0.5,4
5706,1,0.8372,1.0,0.4333,1.0,0.881,0.8866,0.0,0.8746,Hard,3,False,0.5,2
5707,0,0.4444,0.4386,0.6553,0.0481,0.018,0.0245,0.0,0.2729,Non-Duplicate,0,False,0.5,4
5708,1,0.8727,0.9878,1.0,1.0,0.9973,0.9996,0.0,0.9823,Easy,1,False,0.5,0
5709,0,0.4651,0.4283,0.3817,0.6722,0.0127,0.0145,0.0,0.2407,Non-Duplicate,2,False,0.5,4
5710,1,0.902,1.0,1.0,1.0,0.959,0.9582,0.0,0.9716,Easy,1,False,0.5,0
5711,1,0.8837,0.991,1.0,1.0,0.9798,0.9949,0.0,0.9792,Easy,1,False,0.5,0
5712,1,0.8444,0.9981,0.6667,1.0,0.9928,0.9963,0.0,0.9479,Medium,3,False,0.5,1
5713,0,0.3922,0.4082,0.3562,0.0521,0.0217,0.0232,0.0,0.2277,Non-Duplicate,0,False,0.5,4
5714,0,0.5128,0.3336,0.2046,0.3003,0.0246,0.0255,0.0,0.1998,Non-Duplicate,0,False,0.5,4
5715,0,0.4615,0.3138,0.384,0.2782,0.0244,0.0254,0.0,0.2056,Non-Duplicate,0,False,0.5,4
5716,0,0.95,0.6998,0.4699,0.9945,0.3969,0.4317,0.0,0.5725,Non-Duplicate,3,False,0.5,4
5717,1,0.8889,1.0,1.0,1.0,0.9479,0.9486,0.0,0.9656,Easy,1,False,0.5,0
5718,1,0.9268,1.0,0.61,1.0,0.9777,0.9764,0.0,0.9434,Medium,3,False,0.5,1
5719,0,0.5128,0.3253,0.5758,0.2935,0.0216,0.0212,0.0,0.2324,Non-Duplicate,0,False,0.5,4
5720,1,0.8837,1.0,0.4333,1.0,0.9959,0.9998,0.0,0.9306,Hard,3,False,0.5,2
5721,1,0.8837,0.9845,1.0,1.0,0.9695,0.9978,0.0,0.9749,Easy,1,False,0.5,0
5722,0,0.5128,0.3526,0.4005,0.3348,0.0282,0.0301,0.0,0.2278,Non-Duplicate,0,False,0.5,4
5723,0,0.4651,0.3338,0.274,0.2367,0.0204,0.0202,0.0,0.1999,Non-Duplicate,0,False,0.5,4
5724,1,0.7308,0.9709,0.4333,1.0,0.9283,0.993,0.0,0.8869,Hard,3,False,0.5,2
5725,1,0.9362,0.9856,1.0,1.0,0.9952,0.9999,0.0,0.9874,Easy,1,False,0.5,0
5726,0,0.439,0.4094,0.3886,0.9478,0.01,0.0104,0.0,0.2306,Non-Duplicate,2,False,0.5,4
5727,0,0.55,0.3889,0.5219,0.3577,0.0261,0.0281,0.0,0.2554,Non-Duplicate,0,False,0.5,4
5728,1,0.9057,0.9706,1.0,1.0,0.9786,0.9843,0.0,0.9718,Easy,1,False,0.5,0
5729,0,0.4762,0.9293,0.2297,0.8085,0.4317,0.4489,0.0,0.5935,Non-Duplicate,2,False,0.5,4
5730,0,0.5128,0.3255,0.4009,0.2894,0.0231,0.0264,0.0,0.2164,Non-Duplicate,0,False,0.5,4
5731,0,0.6111,0.3746,0.4128,0.2722,0.0236,0.0242,0.0,0.2442,Non-Duplicate,0,False,0.5,4
5732,1,0.7742,1.0,0.7667,1.0,0.9916,0.9992,0.0,0.9518,Medium,1,False,0.5,1
5733,1,0.9362,1.0,0.6667,1.0,0.9899,0.9931,0.0,0.9564,Easy,3,False,0.5,0
5734,0,0.4615,0.3496,0.1507,0.2998,0.0199,0.0197,0.0,0.1925,Non-Duplicate,0,False,0.5,4
5735,1,0.8889,0.9885,0.6667,1.0,0.9287,0.9534,0.0,0.9244,Hard,3,False,0.5,2
5736,1,0.7451,0.9698,1.0,1.0,0.9457,0.9962,0.0,0.9496,Medium,1,False,0.5,1
5737,0,0.3571,0.401,0.6059,0.0486,0.0154,0.0129,0.0,0.2431,Non-Duplicate,0,False,0.5,4
5738,0,0.45,0.4064,0.3854,0.3794,0.023,0.0286,0.0,0.2373,Non-Duplicate,0,False,0.5,4
5739,1,0.8444,1.0,0.7205,1.0,0.9826,0.9858,0.0,0.9493,Medium,3,False,0.5,1
5740,0,0.3768,0.2794,0.3703,0.0157,0.0235,0.0256,0.0,0.1835,Non-Duplicate,0,False,0.5,4
5741,0,0.5405,0.4212,0.2192,0.3948,0.0206,0.0202,0.0,0.2326,Non-Duplicate,0,False,0.5,4
5742,0,0.4545,0.4622,0.3826,0.9069,0.018,0.0186,0.0,0.2537,Non-Duplicate,2,False,0.5,4
5743,1,0.7407,0.9786,0.3858,1.0,0.9443,0.9935,0.0,0.8899,Hard,3,False,0.5,2
5744,0,0.7556,0.9094,0.221,0.6814,0.3516,0.3752,0.0,0.5789,Non-Duplicate,2,False,0.5,4
5745,0,0.5128,0.2921,0.4256,0.2221,0.0198,0.0207,0.0,0.2052,Non-Duplicate,0,False,0.5,4
5746,1,0.8837,1.0,0.8169,1.0,0.9953,0.9972,0.0,0.9683,Easy,1,False,0.5,0
5747,1,0.7407,0.988,0.7667,1.0,0.9676,0.9945,0.0,0.9374,Medium,1,False,0.5,1
5748,0,0.3509,0.3811,0.4895,0.0195,0.0294,0.0356,0.0,0.2319,Non-Duplicate,0,False,0.5,4
5749,0,0.4286,0.4369,0.316,0.8905,0.0118,0.0093,0.0,0.2322,Non-Duplicate,2,False,0.5,4
5750,0,0.5128,0.3022,0.2361,0.2686,0.0171,0.019,0.0,0.1887,Non-Duplicate,0,False,0.5,4
5751,1,0.8679,1.0,0.963,1.0,0.965,0.9818,0.0,0.9707,Easy,1,False,0.5,0
5752,0,0.619,0.2872,0.416,0.2131,0.0231,0.0232,0.0,0.2144,Non-Duplicate,0,False,0.5,4
5753,1,0.9136,0.9815,0.6059,1.0,0.9998,1.0,0.0,0.9454,Medium,3,False,0.5,1
5754,0,0.6667,0.4231,0.3922,0.3989,0.0256,0.0269,0.0,0.2657,Non-Duplicate,0,False,0.5,4
5755,0,0.439,0.4258,0.7151,0.4207,0.0265,0.0246,0.0,0.276,Non-Duplicate,0,False,0.5,4
5756,0,0.5128,0.3156,0.4009,0.2661,0.0237,0.0265,0.0,0.213,Non-Duplicate,0,False,0.5,4
5757,1,0.8837,1.0,0.7667,1.0,0.9984,0.9999,0.0,0.9646,Easy,1,False,0.5,0
5758,1,0.8889,1.0,0.4333,1.0,0.9896,0.9932,0.0,0.9283,Hard,3,False,0.5,2
5759,0,0.5128,0.384,0.2991,0.3812,0.0239,0.0252,0.0,0.2266,Non-Duplicate,0,False,0.5,4
5760,1,0.8333,1.0,0.4333,1.0,0.9349,0.9491,0.0,0.9002,Hard,3,False,0.5,2
5761,0,0.5128,0.3111,0.3959,0.1942,0.0294,0.0315,0.0,0.2134,Non-Duplicate,0,False,0.5,4
5762,0,0.4,0.4137,0.39,0.4018,0.0254,0.0249,0.0,0.2351,Non-Duplicate,0,False,0.5,4
5763,0,0.4615,0.2693,0.2973,0.2164,0.0153,0.0146,0.0,0.1769,Non-Duplicate,0,False,0.5,4
5764,1,0.8718,1.0,0.6256,1.0,0.9554,0.9593,0.0,0.9304,Hard,3,False,0.5,2
5765,1,0.8333,1.0,1.0,1.0,0.9794,0.9788,0.0,0.974,Easy,1,False,0.5,0
5766,0,0.5128,0.3147,0.3731,0.2128,0.016,0.0161,0.0,0.206,Non-Duplicate,0,False,0.5,4
5767,0,0.6,0.4115,0.4265,0.3982,0.0254,0.0236,0.0,0.2578,Non-Duplicate,0,False,0.5,4
5768,0,0.439,0.39,0.4178,0.3307,0.0174,0.0169,0.0,0.2299,Non-Duplicate,0,False,0.5,4
5769,0,0.5128,0.2722,0.384,0.2086,0.0211,0.0225,0.0,0.1947,Non-Duplicate,0,False,0.5,4
5770,0,0.5405,0.427,0.3749,0.8373,0.0245,0.026,0.0,0.2523,Non-Duplicate,2,False,0.5,4
5771,1,0.9302,0.9832,0.4333,1.0,0.96,0.9824,0.0,0.917,Hard,3,False,0.5,2
5772,0,0.5128,0.3945,0.3411,0.322,0.0267,0.0277,0.0,0.2357,Non-Duplicate,0,False,0.5,4
5773,1,0.8261,1.0,0.6667,1.0,0.9968,1.0,0.0,0.9485,Medium,3,False,0.5,1
5774,0,0.4615,0.3477,0.4918,0.3128,0.024,0.0243,0.0,0.2279,Non-Duplicate,0,False,0.5,4
5775,1,0.9302,1.0,1.0,1.0,1.0,1.0,0.0,0.993,Easy,1,False,0.5,0
5776,0,0.5714,0.3569,0.1521,0.2839,0.0223,0.0232,0.0,0.2075,Non-Duplicate,0,False,0.5,4
5777,1,0.9268,1.0,1.0,1.0,0.9605,0.9622,0.0,0.9752,Easy,1,False,0.5,0
5778,0,0.5238,0.4414,0.3169,0.9132,0.0131,0.0127,0.0,0.2444,Non-Duplicate,2,False,0.5,4
5779,1,0.8444,1.0,0.9868,1.0,0.989,0.9964,0.0,0.9797,Easy,1,False,0.5,0
5780,1,0.8889,1.0,0.6667,1.0,1.0,1.0,0.0,0.9556,Easy,3,False,0.5,0
5781,0,0.5641,0.3545,0.4963,0.3361,0.0161,0.0177,0.0,0.2377,Non-Duplicate,0,False,0.5,4
5782,1,0.8444,1.0,1.0,1.0,0.9846,0.9856,0.0,0.9777,Easy,1,False,0.5,0
5783,1,0.898,1.0,0.4333,1.0,0.9703,0.9701,0.0,0.9197,Hard,3,False,0.5,2
5784,0,0.4444,0.4385,0.3612,0.055,0.0181,0.0188,0.0,0.2423,Non-Duplicate,0,False,0.5,4
5785,1,0.9302,1.0,1.0,1.0,0.945,0.952,0.0,0.9697,Easy,1,False,0.5,0
5786,0,0.4545,0.439,0.3639,0.7034,0.0257,0.0263,0.0,0.2472,Non-Duplicate,2,False,0.5,4
5787,0,0.439,0.377,0.3963,0.3262,0.0147,0.0156,0.0,0.2223,Non-Duplicate,0,False,0.5,4
5788,1,0.7692,1.0,0.7667,1.0,0.9852,0.998,0.0,0.9495,Medium,1,False,0.5,1
5789,1,0.8511,1.0,1.0,1.0,0.9828,0.9934,0.0,0.9795,Easy,1,False,0.5,0
5790,1,0.8889,1.0,0.7379,1.0,0.9774,0.9864,0.0,0.9543,Medium,3,False,0.5,1
5791,0,0.3913,0.3253,0.4205,0.016,0.06,0.0654,0.0,0.2231,Non-Duplicate,0,False,0.5,4
5792,1,0.8333,1.0,0.7667,1.0,0.9865,0.9948,0.0,0.9556,Easy,1,False,0.5,0
5793,0,0.4878,0.4131,0.3662,0.3976,0.0216,0.0247,0.0,0.2403,Non-Duplicate,0,False,0.5,4
5794,0,0.4889,0.4171,0.1087,0.7398,0.0096,0.0097,0.0,0.2101,Non-Duplicate,2,False,0.5,4
5795,0,0.5,0.3094,0.2941,0.2341,0.0538,0.0576,0.0,0.2127,Non-Duplicate,0,False,0.5,4
5796,1,0.7547,1.0,0.8356,1.0,1.0,1.0,0.0,0.959,Easy,1,False,0.5,0
5797,0,0.3279,0.2299,0.2932,0.0101,0.0357,0.0408,0.0,0.1597,Non-Duplicate,0,False,0.5,4
5798,1,0.7692,1.0,0.7667,1.0,0.9966,0.9999,0.0,0.9527,Medium,1,False,0.5,1
5799,0,0.375,0.26,0.4297,0.0122,0.0252,0.0308,0.0,0.1839,Non-Duplicate,0,False,0.5,4
5800,0,0.4615,0.334,0.1968,0.2292,0.0209,0.021,0.0,0.1921,Non-Duplicate,0,False,0.5,4
5801,1,0.9268,1.0,1.0,1.0,0.9951,0.9999,0.0,0.9914,Easy,1,False,0.5,0
5802,0,0.5238,0.4006,0.2932,0.6014,0.0143,0.0125,0.0,0.228,Non-Duplicate,2,False,0.5,4
5803,1,0.8889,1.0,0.3005,1.0,0.973,0.9929,0.0,0.9108,Hard,3,False,0.5,2
5804,0,0.4878,0.3979,0.3795,0.3907,0.0156,0.0151,0.0,0.2329,Non-Duplicate,0,False,0.5,4
5805,0,0.5714,0.3778,0.3872,0.3114,0.026,0.0263,0.0,0.2399,Non-Duplicate,0,False,0.5,4
5806,0,0.4878,0.7663,0.2749,0.7853,0.4077,0.4124,0.0,0.5289,Non-Duplicate,2,False,0.5,4
5807,1,0.8163,1.0,1.0,1.0,0.9321,0.9494,0.0,0.9546,Medium,1,False,0.5,1
5808,1,0.8936,1.0,0.6667,1.0,0.9406,0.9444,0.0,0.9301,Hard,3,False,0.5,2
5809,1,0.7451,0.9778,0.7543,1.0,0.966,0.9947,0.0,0.9326,Medium,1,False,0.5,1
5810,0,0.5128,0.4145,0.263,0.3986,0.0233,0.025,0.0,0.2335,Non-Duplicate,0,False,0.5,4
5811,1,0.9091,0.9945,0.4333,1.0,0.9756,0.9976,0.0,0.9257,Hard,3,False,0.5,2
5812,1,0.9412,1.0,0.4333,1.0,0.971,0.9708,0.0,0.9244,Hard,3,False,0.5,2
5813,1,0.9091,0.9788,0.6667,1.0,0.9515,0.9686,0.0,0.9317,Medium,3,False,0.5,1
5814,1,0.7308,1.0,1.0,1.0,0.9743,0.9731,0.0,0.9613,Easy,1,False,0.5,0
5815,0,0.4091,0.3558,0.3,0.0159,0.0367,0.0449,0.0,0.2136,Non-Duplicate,0,False,0.5,4
5816,1,0.8837,1.0,0.6667,1.0,1.0,1.0,0.0,0.955,Medium,3,False,0.5,1
5817,0,0.5641,0.3605,0.289,0.3449,0.0292,0.0304,0.0,0.2249,Non-Duplicate,0,False,0.5,4
5818,1,0.9268,0.9971,1.0,1.0,0.9851,0.9993,0.0,0.9878,Easy,1,False,0.5,0
5819,0,0.4615,0.3599,0.3384,0.3494,0.0213,0.0218,0.0,0.2156,Non-Duplicate,0,False,0.5,4
5820,1,0.878,1.0,0.5055,1.0,0.9439,0.9606,0.0,0.9164,Hard,3,False,0.5,2
5821,0,0.5,0.4555,0.5662,0.8782,0.0268,0.0269,0.0,0.2781,Non-Duplicate,2,False,0.5,4
5822,0,0.55,0.4157,0.2959,0.3813,0.0347,0.0362,0.0,0.246,Non-Duplicate,0,False,0.5,4
5823,0,0.4314,0.0988,0.2452,0.0468,0.0173,0.0273,0.0,0.112,Non-Duplicate,0,False,0.5,4
5824,0,0.5128,0.3284,0.5858,0.2757,0.0223,0.0231,0.0,0.235,Non-Duplicate,0,False,0.5,4
5825,0,0.6809,0.7462,0.1676,0.7126,0.2823,0.2913,0.0,0.4748,Non-Duplicate,2,False,0.5,4
5826,0,0.45,0.4193,0.1443,0.4041,0.0221,0.0198,0.0,0.2157,Non-Duplicate,0,False,0.5,4
5827,0,0.5556,0.3455,0.316,0.281,0.0117,0.0133,0.0,0.2137,Non-Duplicate,0,False,0.5,4
5828,1,0.9231,0.9894,0.9772,1.0,0.9365,0.9422,0.0,0.9589,Easy,1,False,0.5,0
5829,0,0.5128,0.3758,0.3799,0.3397,0.0253,0.0273,0.0,0.2326,Non-Duplicate,0,False,0.5,4
5830,0,0.3333,0.3614,0.2849,0.0197,0.0292,0.038,0.0,0.2032,Non-Duplicate,0,False,0.5,4
5831,1,0.8889,1.0,1.0,1.0,0.9799,0.9819,0.0,0.9802,Easy,1,False,0.5,0
5832,0,0.55,0.4248,0.2863,0.4088,0.0269,0.0309,0.0,0.2452,Non-Duplicate,0,False,0.5,4
5833,1,0.9268,0.9887,0.6265,1.0,0.9464,0.9571,0.0,0.9294,Hard,3,False,0.5,2
5834,1,0.8261,1.0,0.7667,1.0,0.9638,0.9795,0.0,0.9461,Medium,1,False,0.5,1
5835,0,0.4186,0.4241,0.6384,0.6607,0.0132,0.0169,0.0,0.2608,Non-Duplicate,2,False,0.5,4
5836,1,0.9268,1.0,0.4333,1.0,0.9915,0.9986,0.0,0.9336,Medium,3,False,0.5,1
5837,1,0.9302,1.0,0.3744,1.0,0.9926,0.9991,0.0,0.9285,Hard,3,False,0.5,2
5838,0,0.5366,0.4431,0.3306,0.705,0.0156,0.0178,0.0,0.2493,Non-Duplicate,2,False,0.5,4
5839,0,0.5641,0.3695,0.3973,0.3643,0.0241,0.0248,0.0,0.2364,Non-Duplicate,0,False,0.5,4
5840,0,0.5128,0.293,0.647,0.234,0.0182,0.0175,0.0,0.2266,Non-Duplicate,0,False,0.5,4
5841,0,0.4615,0.3476,0.3283,0.3195,0.0179,0.018,0.0,0.2087,Non-Duplicate,0,False,0.5,4
5842,1,0.8511,1.0,0.4333,1.0,0.9578,0.9574,0.0,0.9094,Hard,3,False,0.5,2
5843,1,0.8511,1.0,0.6667,1.0,0.993,0.9996,0.0,0.95,Medium,3,False,0.5,1
5844,1,0.8837,1.0,0.6667,1.0,0.9833,0.9868,0.0,0.9482,Medium,3,False,0.5,1
5845,0,0.45,0.3265,0.2653,0.2207,0.0205,0.0222,0.0,0.1954,Non-Duplicate,0,False,0.5,4
5846,0,0.55,0.3735,0.4215,0.3173,0.0273,0.0281,0.0,0.2403,Non-Duplicate,0,False,0.5,4
5847,1,0.8444,1.0,1.0,1.0,0.9591,0.9677,0.0,0.9677,Easy,1,False,0.5,0
5848,0,0.4878,0.4053,0.4178,0.7699,0.0061,0.0045,0.0,0.2348,Non-Duplicate,2,False,0.5,4
5849,1,0.875,1.0,0.6667,1.0,0.9645,0.964,0.0,0.9381,Medium,3,False,0.5,1
5850,1,0.9268,1.0,1.0,1.0,0.9753,0.9831,0.0,0.9831,Easy,1,False,0.5,0
5851,0,0.4286,0.6998,0.3169,0.8486,0.231,0.2371,0.0,0.4246,Non-Duplicate,2,False,0.5,4
5852,1,0.9412,0.9858,0.4333,1.0,0.9279,0.9384,0.0,0.9021,Hard,3,False,0.5,2
5853,0,0.5128,0.4212,0.3735,0.4271,0.0178,0.0187,0.0,0.2442,Non-Duplicate,0,False,0.5,4
5854,0,0.6111,0.4042,0.1685,0.3597,0.0313,0.0334,0.0,0.2339,Non-Duplicate,0,False,0.5,4
5855,1,0.9492,1.0,0.7667,1.0,0.9999,1.0,0.0,0.9716,Easy,1,False,0.5,0
5856,1,0.8261,1.0,0.4333,1.0,0.9728,0.975,0.0,0.9142,Hard,3,False,0.5,2
5857,1,0.8837,1.0,1.0,1.0,0.9645,0.9793,0.0,0.9754,Easy,1,False,0.5,0
5858,0,0.9,0.6868,0.3607,0.7649,0.4023,0.4216,0.0,0.5514,Non-Duplicate,3,False,0.5,4
5859,0,0.4762,0.4441,0.2443,0.7311,0.0133,0.0155,0.0,0.2339,Non-Duplicate,2,False,0.5,4
5860,1,0.7547,0.9955,1.0,1.0,0.9742,0.9784,0.0,0.9631,Easy,1,False,0.5,0
5861,0,0.5128,0.3222,0.3703,0.275,0.0143,0.0138,0.0,0.2074,Non-Duplicate,0,False,0.5,4
5862,1,0.9057,0.9843,0.3457,1.0,0.9939,0.9996,0.0,0.918,Hard,3,False,0.5,2
5863,0,0.4737,0.4431,0.242,0.7237,0.0136,0.0139,0.0,0.2328,Non-Duplicate,2,False,0.5,4
5864,0,0.5556,0.4259,0.2425,0.4357,0.025,0.0273,0.0,0.2406,Non-Duplicate,0,False,0.5,4
5865,0,0.5714,0.4016,0.2845,0.3621,0.0239,0.0231,0.0,0.2367,Non-Duplicate,0,False,0.5,4
5866,1,0.9302,1.0,0.6667,1.0,0.9895,0.9987,0.0,0.9568,Easy,3,False,0.5,0
5867,0,0.4151,0.3426,0.4183,0.016,0.0469,0.0562,0.0,0.2262,Non-Duplicate,0,False,0.5,4
5868,1,0.8837,1.0,0.7667,1.0,0.9836,0.9855,0.0,0.958,Easy,1,False,0.5,0
5869,0,0.3667,0.4196,0.3658,0.0468,0.0232,0.0315,0.0,0.2322,Non-Duplicate,0,False,0.5,4
5870,1,0.7869,1.0,0.516,1.0,0.9913,0.9996,0.0,0.928,Hard,3,False,0.5,2
5871,0,0.95,0.6667,0.5854,0.9318,0.2997,0.3161,0.0,0.525,Non-Duplicate,3,False,0.5,4
5872,1,0.9268,1.0,0.6279,1.0,0.9961,0.9998,0.0,0.9544,Medium,3,False,0.5,1
5873,0,0.5366,0.4039,0.3461,0.3504,0.0243,0.0261,0.0,0.241,Non-Duplicate,0,False,0.5,4
5874,0,0.5128,0.3407,0.3822,0.2373,0.0172,0.0182,0.0,0.2167,Non-Duplicate,0,False,0.5,4
5875,1,0.8444,0.9827,0.6667,1.0,0.9691,0.9967,0.0,0.9367,Medium,3,False,0.5,1
5876,0,0.3611,0.3155,0.3142,0.0163,0.0287,0.0279,0.0,0.1907,Non-Duplicate,0,False,0.5,4
5877,0,0.55,0.7809,0.1699,0.7264,0.5024,0.5244,0.0,0.5758,Non-Duplicate,2,False,0.5,4
5878,0,0.4878,0.4123,0.184,0.3828,0.022,0.0236,0.0,0.2217,Non-Duplicate,0,False,0.5,4
5879,0,0.5128,0.3468,0.4205,0.3419,0.0196,0.0192,0.0,0.2235,Non-Duplicate,0,False,0.5,4
5880,0,0.4211,0.2577,0.2868,0.0143,0.0452,0.0521,0.0,0.1827,Non-Duplicate,0,False,0.5,4
5881,1,0.9412,1.0,0.4333,1.0,0.9371,0.9386,0.0,0.9095,Hard,3,False,0.5,2
5882,0,0.4878,0.8105,0.3288,0.9812,0.476,0.4888,0.0,0.5821,Non-Duplicate,2,False,0.5,4
5883,1,0.7451,0.9971,0.6667,1.0,0.9918,0.9997,0.0,0.9381,Medium,3,False,0.5,1
5884,0,0.4651,0.3628,0.2726,0.2921,0.022,0.0219,0.0,0.2106,Non-Duplicate,0,False,0.5,4
5885,0,0.4651,0.3808,0.3753,0.3279,0.0115,0.0121,0.0,0.2226,Non-Duplicate,0,False,0.5,4
5886,1,0.8444,1.0,0.7667,1.0,0.9923,0.9954,0.0,0.9583,Easy,1,False,0.5,0
5887,1,0.8261,0.9793,0.3817,1.0,0.9526,0.9733,0.0,0.8963,Hard,3,False,0.5,2
5888,1,0.9268,1.0,0.7667,1.0,0.9808,0.9885,0.0,0.9623,Easy,1,False,0.5,0
5889,1,0.7451,0.9927,0.7667,1.0,0.9827,0.9959,0.0,0.9435,Medium,1,False,0.5,1
5890,0,0.5,0.4298,0.3886,0.799,0.0117,0.0106,0.0,0.2443,Non-Duplicate,2,False,0.5,4
5891,0,0.4889,0.4603,0.6658,0.9387,0.009,0.0116,0.0,0.2811,Non-Duplicate,2,False,0.5,4
5892,1,0.925,1.0,1.0,1.0,0.999,0.9997,0.0,0.9922,Easy,1,False,0.5,0
5893,1,0.963,0.9973,1.0,1.0,0.9999,1.0,0.0,0.9953,Easy,1,False,0.5,0
5894,0,0.4651,0.424,0.2954,0.4164,0.0213,0.0237,0.0,0.2345,Non-Duplicate,0,False,0.5,4
5895,0,0.4651,0.3817,0.205,0.3495,0.0159,0.0154,0.0,0.2077,Non-Duplicate,0,False,0.5,4
5896,0,0.5641,0.3373,0.2763,0.2952,0.026,0.0288,0.0,0.2143,Non-Duplicate,0,False,0.5,4
5897,1,0.8837,1.0,1.0,1.0,0.994,0.9962,0.0,0.9861,Easy,1,False,0.5,0
5898,1,0.7308,0.9434,0.6667,1.0,0.8681,0.9274,0.0,0.8724,Hard,3,False,0.5,2
5899,0,0.55,0.3702,0.6557,0.3288,0.0124,0.0108,0.0,0.2554,Non-Duplicate,0,False,0.5,4
5900,0,0.5556,0.3421,0.3178,0.2438,0.0162,0.0138,0.0,0.2139,Non-Duplicate,0,False,0.5,4
5901,0,0.5366,0.445,0.4073,0.884,0.0199,0.0177,0.0,0.2587,Non-Duplicate,2,False,0.5,4
5902,0,0.5,0.3654,0.4991,0.3066,0.0203,0.0246,0.0,0.2378,Non-Duplicate,0,False,0.5,4
5903,1,0.8889,1.0,0.6667,1.0,1.0,1.0,0.0,0.9556,Easy,3,False,0.5,0
5904,0,0.3729,0.3138,0.3941,0.0242,0.0506,0.0578,0.0,0.2107,Non-Duplicate,0,False,0.5,4
5905,1,0.9189,1.0,0.7667,1.0,0.9569,0.9804,0.0,0.9539,Medium,1,False,0.5,1
5906,0,0.95,0.6946,0.4251,0.8958,0.4254,0.4385,0.0,0.5747,Non-Duplicate,3,False,0.5,4
5907,1,0.9302,0.9651,0.4333,1.0,0.9745,0.9741,0.0,0.9126,Hard,3,False,0.5,2
5908,0,0.5641,0.3497,0.3781,0.299,0.0238,0.0265,0.0,0.2279,Non-Duplicate,0,False,0.5,4
5909,1,0.7083,1.0,1.0,1.0,0.962,0.9961,0.0,0.9605,Easy,1,False,0.5,0
5910,0,0.55,0.4112,0.3781,0.4186,0.02,0.022,0.0,0.2461,Non-Duplicate,0,False,0.5,4
5911,1,0.76,0.947,0.279,1.0,0.8925,0.9504,0.0,0.8485,Hard,3,False,0.5,2
5912,1,0.85,1.0,0.7667,1.0,1.0,1.0,0.0,0.9617,Easy,1,False,0.5,0
5913,0,0.55,0.4183,0.3416,0.3937,0.028,0.0292,0.0,0.2484,Non-Duplicate,0,False,0.5,4
5914,0,0.5128,0.2718,0.3676,0.2252,0.0146,0.0165,0.0,0.1901,Non-Duplicate,0,False,0.5,4
5915,0,0.9,0.6616,0.3817,0.7914,0.3456,0.3707,0.0,0.5203,Non-Duplicate,2,False,0.5,4
5916,1,0.8636,0.9919,1.0,1.0,0.9832,0.9979,0.0,0.9789,Easy,1,False,0.5,0
5917,0,0.5,0.4221,0.1726,0.4142,0.0238,0.0255,0.0,0.226,Non-Duplicate,0,False,0.5,4
5918,0,0.6522,0.6832,0.642,0.8401,0.2838,0.2914,0.0,0.4978,Non-Duplicate,2,False,0.5,4
5919,0,0.4865,0.4412,0.3708,0.8923,0.015,0.0121,0.0,0.2463,Non-Duplicate,2,False,0.5,4
5920,1,0.9268,0.9896,0.7073,1.0,0.9843,0.9846,0.0,0.9528,Medium,3,False,0.5,1
5921,0,0.45,0.3869,0.2671,0.3562,0.0175,0.0185,0.0,0.2152,Non-Duplicate,0,False,0.5,4
5922,0,0.4103,0.4572,0.4142,0.8408,0.0331,0.0346,0.0,0.2577,Non-Duplicate,2,False,0.5,4
5923,1,0.9048,1.0,1.0,1.0,0.9901,0.9988,0.0,0.9878,Easy,1,False,0.5,0
5924,1,0.7451,0.9945,0.6265,1.0,0.9611,0.9972,0.0,0.925,Hard,3,False,0.5,2
5925,1,0.9268,1.0,0.6667,1.0,0.9843,0.984,0.0,0.9522,Medium,3,False,0.5,1
5926,1,0.9123,0.9878,0.6667,1.0,0.995,0.9986,0.0,0.9521,Medium,3,False,0.5,1
5927,1,0.9268,1.0,0.7667,1.0,0.983,0.9828,0.0,0.9617,Easy,1,False,0.5,0
5928,0,0.4545,0.32,0.3137,0.2379,0.0149,0.0143,0.0,0.1954,Non-Duplicate,0,False,0.5,4
5929,1,0.7407,1.0,0.6667,1.0,0.9951,0.9993,0.0,0.9394,Medium,3,False,0.5,1
5930,1,0.8936,0.9711,0.4868,1.0,0.9627,0.969,0.0,0.9124,Hard,3,False,0.5,2
5931,0,0.5128,0.2884,0.5269,0.2429,0.0082,0.0086,0.0,0.2087,Non-Duplicate,0,False,0.5,4
5932,1,0.7692,0.9876,1.0,1.0,0.9572,0.9948,0.0,0.9609,Easy,1,False,0.5,0
5933,0,0.4545,0.4648,0.3868,0.9381,0.0196,0.0184,0.0,0.2554,Non-Duplicate,2,False,0.5,4
5934,0,0.5641,0.3314,0.2082,0.2895,0.0198,0.0215,0.0,0.2025,Non-Duplicate,0,False,0.5,4
5935,1,0.878,1.0,1.0,1.0,0.9824,0.9961,0.0,0.9826,Easy,1,False,0.5,0
5936,1,0.8696,1.0,0.6667,1.0,0.9447,0.9439,0.0,0.9286,Hard,3,False,0.5,2
5937,0,0.3279,0.2791,0.4018,0.0133,0.0353,0.0387,0.0,0.1872,Non-Duplicate,0,False,0.5,4
5938,0,0.381,0.4401,0.3845,0.0515,0.0254,0.0273,0.0,0.2424,Non-Duplicate,0,False,0.5,4
5939,0,0.4091,0.3702,0.6626,0.3091,0.0247,0.0251,0.0,0.2479,Non-Duplicate,0,False,0.5,4
5940,1,0.7742,0.9769,0.6667,1.0,0.9088,0.9394,0.0,0.9011,Hard,3,False,0.5,2
5941,0,0.5641,0.4135,0.2689,0.3886,0.0167,0.0174,0.0,0.2357,Non-Duplicate,0,False,0.5,4
5942,1,0.9268,1.0,0.7667,1.0,0.9723,0.9837,0.0,0.9592,Easy,1,False,0.5,0
5943,0,0.4762,0.4322,0.5676,0.9353,0.0179,0.0195,0.0,0.264,Non-Duplicate,2,False,0.5,4
5944,0,0.5128,0.352,0.347,0.3369,0.0201,0.0203,0.0,0.2183,Non-Duplicate,0,False,0.5,4
5945,0,0.6154,0.3957,0.2616,0.3693,0.0181,0.0182,0.0,0.2344,Non-Duplicate,0,False,0.5,4
5946,0,0.9,0.6791,0.1826,0.8289,0.2886,0.3012,0.0,0.4783,Non-Duplicate,2,False,0.5,4
5947,1,0.7407,0.9795,0.6667,1.0,0.9223,0.9432,0.0,0.9028,Hard,3,False,0.5,2
5948,0,0.4103,0.3896,0.637,0.572,0.0078,0.0093,0.0,0.2449,Non-Duplicate,2,False,0.5,4
5949,0,0.4615,0.3279,0.5763,0.2489,0.0115,0.012,0.0,0.2238,Non-Duplicate,0,False,0.5,4
5950,1,0.7636,1.0,1.0,1.0,0.9956,0.9999,0.0,0.9752,Easy,1,False,0.5,0
5951,1,0.7547,0.9674,0.6667,1.0,0.9451,0.981,0.0,0.9132,Hard,3,False,0.5,2
5952,1,0.7308,0.9944,0.4333,1.0,0.988,0.9992,0.0,0.9113,Hard,3,False,0.5,2
5953,1,0.8333,1.0,0.8639,1.0,0.9614,0.9619,0.0,0.9524,Medium,1,False,0.5,1
5954,1,0.8936,1.0,0.6667,1.0,0.9142,0.9174,0.0,0.918,Hard,3,False,0.5,2
5955,0,0.4878,0.4332,0.3466,0.8236,0.0066,0.0074,0.0,0.2382,Non-Duplicate,2,False,0.5,4
5956,1,0.8837,1.0,1.0,1.0,0.9696,0.9683,0.0,0.9744,Easy,1,False,0.5,0
5957,1,0.8293,1.0,1.0,1.0,0.9937,0.9991,0.0,0.9812,Easy,1,False,0.5,0
5958,0,0.4878,0.4233,0.2854,0.4004,0.0254,0.0277,0.0,0.2373,Non-Duplicate,0,False,0.5,4
5959,1,0.7407,0.9911,0.6667,1.0,0.9827,0.998,0.0,0.9329,Medium,3,False,0.5,1
5960,1,0.902,1.0,0.6667,1.0,0.9497,0.9573,0.0,0.9358,Medium,3,False,0.5,1
5961,0,0.5641,0.2968,0.6393,0.2529,0.0193,0.021,0.0,0.2332,Non-Duplicate,0,False,0.5,4
5962,1,0.76,0.9972,0.6667,1.0,0.9962,0.9997,0.0,0.9407,Medium,3,False,0.5,1
5963,0,0.4878,0.4,0.4055,0.6874,0.0067,0.0091,0.0,0.2328,Non-Duplicate,2,False,0.5,4
5964,0,0.4865,0.4008,0.6292,0.3569,0.0234,0.0238,0.0,0.2625,Non-Duplicate,0,False,0.5,4
5965,0,0.6842,0.4009,0.7073,0.355,0.0236,0.0245,0.0,0.2903,Non-Duplicate,0,False,0.5,4
5966,1,0.8571,1.0,0.5425,1.0,0.9576,0.9837,0.0,0.9261,Hard,3,False,0.5,2
5967,1,0.8837,1.0,0.6667,1.0,0.9823,0.9859,0.0,0.9478,Medium,3,False,0.5,1
5968,0,0.5405,0.3918,0.4279,0.3337,0.0206,0.0227,0.0,0.2437,Non-Duplicate,0,False,0.5,4
5969,1,0.8889,1.0,0.7667,1.0,0.9507,0.9506,0.0,0.9434,Medium,1,False,0.5,1
5970,1,0.7547,0.9946,0.584,1.0,0.9455,0.9538,0.0,0.9091,Hard,3,False,0.5,2
5971,0,0.4615,0.2798,0.274,0.215,0.0153,0.0153,0.0,0.1783,Non-Duplicate,0,False,0.5,4
5972,0,0.5641,0.2822,0.1676,0.229,0.0193,0.0205,0.0,0.1808,Non-Duplicate,0,False,0.5,4
5973,1,0.8837,0.9956,0.4333,1.0,0.9587,0.9671,0.0,0.9133,Hard,3,False,0.5,2
5974,0,0.3284,0.244,0.2333,0.0134,0.0357,0.0362,0.0,0.1577,Non-Duplicate,0,False,0.5,4
5975,1,0.8511,0.9824,1.0,1.0,0.9865,0.9982,0.0,0.9752,Easy,1,False,0.5,0
5976,1,0.8261,0.98,0.6667,1.0,0.9641,0.9932,0.0,0.932,Medium,3,False,0.5,1
5977,1,0.8772,1.0,0.2548,1.0,0.9874,0.9927,0.0,0.9086,Hard,3,False,0.5,2
5978,1,0.7586,1.0,0.4333,1.0,0.998,1.0,0.0,0.9187,Hard,3,False,0.5,2
5979,1,0.8837,0.9985,0.5598,1.0,0.993,0.9963,0.0,0.9414,Medium,3,False,0.5,1
5980,0,0.4762,0.3929,0.3758,0.5444,0.0069,0.0059,0.0,0.2256,Non-Duplicate,0,False,0.5,4
5981,0,0.9,0.7515,0.2479,0.9123,0.4626,0.4863,0.0,0.5907,Non-Duplicate,3,False,0.5,4
5982,1,0.8837,1.0,0.6406,1.0,0.9916,0.9922,0.0,0.9488,Medium,3,False,0.5,1
5983,0,0.5,0.7911,0.1447,0.9804,0.4749,0.5004,0.0,0.5602,Non-Duplicate,2,False,0.5,4
5984,0,0.6,0.3511,0.4201,0.2862,0.023,0.0239,0.0,0.2354,Non-Duplicate,0,False,0.5,4
5985,1,0.7308,0.9963,1.0,1.0,0.9525,0.9611,0.0,0.9521,Medium,1,False,0.5,1
5986,0,0.5366,0.3596,0.1521,0.2972,0.0161,0.0158,0.0,0.2019,Non-Duplicate,0,False,0.5,4
5987,1,0.8889,1.0,0.6667,1.0,1.0,1.0,0.0,0.9556,Easy,3,False,0.5,0
5988,1,0.8511,1.0,0.9836,1.0,0.9739,0.9879,0.0,0.9745,Easy,1,False,0.5,0
5989,0,0.4615,0.3329,0.6594,0.3194,0.0229,0.023,0.0,0.2389,Non-Duplicate,0,False,0.5,4
5990,0,0.5,0.3042,0.3356,0.2337,0.0259,0.027,0.0,0.2019,Non-Duplicate,0,False,0.5,4
5991,0,0.5641,0.3744,0.2922,0.3616,0.0225,0.0226,0.0,0.2268,Non-Duplicate,0,False,0.5,4
5992,0,0.4286,0.9293,0.3397,0.8216,0.4307,0.4494,0.0,0.5996,Non-Duplicate,2,False,0.5,4
5993,1,0.76,0.9956,0.647,1.0,0.9876,0.9985,0.0,0.9358,Medium,3,False,0.5,1
5994,0,0.5128,0.3284,0.3712,0.2714,0.0239,0.0256,0.0,0.2144,Non-Duplicate,0,False,0.5,4
5995,1,0.8056,0.2971,0.5279,1.0,0.9905,0.9999,0.0,0.6849,Hard,3,False,0.5,2
5996,1,0.7451,0.9988,0.6667,1.0,0.9671,0.9716,0.0,0.9269,Hard,3,False,0.5,2
5997,1,0.8261,1.0,0.7667,1.0,0.9963,0.9999,0.0,0.9583,Easy,1,False,0.5,0
5998,0,0.4,0.4627,0.2831,0.8988,0.0267,0.0233,0.0,0.2416,Non-Duplicate,2,False,0.5,4
5999,0,0.5714,0.3502,0.4174,0.2826,0.0207,0.0216,0.0,0.2309,Non-Duplicate,0,False,0.5,4
6000,0,0.4878,0.4283,0.2795,0.9578,0.0249,0.0269,0.0,0.2383,Non-Duplicate,2,False,0.5,4
